-- MySQL dump 10.13  Distrib 8.0.32, for Linux (x86_64)
--
-- Host: localhost    Database: laravel
-- ------------------------------------------------------
-- Server version	8.0.32

/*!40101 SET @OLD_CHARACTER_SET_CLIENT=@@CHARACTER_SET_CLIENT */;
/*!40101 SET @OLD_CHARACTER_SET_RESULTS=@@CHARACTER_SET_RESULTS */;
/*!40101 SET @OLD_COLLATION_CONNECTION=@@COLLATION_CONNECTION */;
/*!50503 SET NAMES utf8mb4 */;
/*!40103 SET @OLD_TIME_ZONE=@@TIME_ZONE */;
/*!40103 SET TIME_ZONE='+00:00' */;
/*!40014 SET @OLD_UNIQUE_CHECKS=@@UNIQUE_CHECKS, UNIQUE_CHECKS=0 */;
/*!40014 SET @OLD_FOREIGN_KEY_CHECKS=@@FOREIGN_KEY_CHECKS, FOREIGN_KEY_CHECKS=0 */;
/*!40101 SET @OLD_SQL_MODE=@@SQL_MODE, SQL_MODE='NO_AUTO_VALUE_ON_ZERO' */;
/*!40111 SET @OLD_SQL_NOTES=@@SQL_NOTES, SQL_NOTES=0 */;

--
-- Table structure for table `cache`
--

DROP TABLE IF EXISTS `cache`;
/*!40101 SET @saved_cs_client     = @@character_set_client */;
/*!50503 SET character_set_client = utf8mb4 */;
CREATE TABLE `cache` (
  `key` varchar(255) COLLATE utf8mb4_unicode_ci NOT NULL,
  `value` mediumtext COLLATE utf8mb4_unicode_ci NOT NULL,
  `expiration` int NOT NULL,
  PRIMARY KEY (`key`)
) ENGINE=InnoDB DEFAULT CHARSET=utf8mb4 COLLATE=utf8mb4_unicode_ci;
/*!40101 SET character_set_client = @saved_cs_client */;

--
-- Dumping data for table `cache`
--

LOCK TABLES `cache` WRITE;
/*!40000 ALTER TABLE `cache` DISABLE KEYS */;
/*!40000 ALTER TABLE `cache` ENABLE KEYS */;
UNLOCK TABLES;

--
-- Table structure for table `cache_locks`
--

DROP TABLE IF EXISTS `cache_locks`;
/*!40101 SET @saved_cs_client     = @@character_set_client */;
/*!50503 SET character_set_client = utf8mb4 */;
CREATE TABLE `cache_locks` (
  `key` varchar(255) COLLATE utf8mb4_unicode_ci NOT NULL,
  `owner` varchar(255) COLLATE utf8mb4_unicode_ci NOT NULL,
  `expiration` int NOT NULL,
  PRIMARY KEY (`key`)
) ENGINE=InnoDB DEFAULT CHARSET=utf8mb4 COLLATE=utf8mb4_unicode_ci;
/*!40101 SET character_set_client = @saved_cs_client */;

--
-- Dumping data for table `cache_locks`
--

LOCK TABLES `cache_locks` WRITE;
/*!40000 ALTER TABLE `cache_locks` DISABLE KEYS */;
/*!40000 ALTER TABLE `cache_locks` ENABLE KEYS */;
UNLOCK TABLES;

--
-- Table structure for table `commissions`
--

DROP TABLE IF EXISTS `commissions`;
/*!40101 SET @saved_cs_client     = @@character_set_client */;
/*!50503 SET character_set_client = utf8mb4 */;
CREATE TABLE `commissions` (
  `id` bigint unsigned NOT NULL AUTO_INCREMENT,
  `franchisee_id` bigint unsigned NOT NULL,
  `period_year` int NOT NULL,
  `period_month` tinyint unsigned NOT NULL,
  `turnover` decimal(12,2) NOT NULL,
  `rate` decimal(5,2) NOT NULL DEFAULT '4.00',
  `amount_due` decimal(12,2) GENERATED ALWAYS AS (round(((`turnover` * `rate`) / 100),2)) STORED,
  `status` enum('pending','paid','canceled') COLLATE utf8mb4_unicode_ci NOT NULL DEFAULT 'pending',
  `calculated_at` timestamp NOT NULL,
  `paid_at` timestamp NULL DEFAULT NULL,
  `created_at` timestamp NULL DEFAULT NULL,
  `updated_at` timestamp NULL DEFAULT NULL,
  PRIMARY KEY (`id`),
  UNIQUE KEY `uk_commissions_period` (`franchisee_id`,`period_year`,`period_month`),
  CONSTRAINT `commissions_franchisee_id_foreign` FOREIGN KEY (`franchisee_id`) REFERENCES `users` (`id`) ON DELETE RESTRICT ON UPDATE CASCADE
) ENGINE=InnoDB DEFAULT CHARSET=utf8mb4 COLLATE=utf8mb4_unicode_ci;
/*!40101 SET character_set_client = @saved_cs_client */;

--
-- Dumping data for table `commissions`
--

LOCK TABLES `commissions` WRITE;
/*!40000 ALTER TABLE `commissions` DISABLE KEYS */;
/*!40000 ALTER TABLE `commissions` ENABLE KEYS */;
UNLOCK TABLES;

--
-- Table structure for table `compliance_kpis`
--

DROP TABLE IF EXISTS `compliance_kpis`;
/*!40101 SET @saved_cs_client     = @@character_set_client */;
/*!50503 SET character_set_client = utf8mb4 */;
CREATE TABLE `compliance_kpis` (
  `id` bigint unsigned NOT NULL AUTO_INCREMENT,
  `franchise_id` bigint unsigned NOT NULL,
  `period_year` int NOT NULL,
  `period_month` tinyint unsigned NOT NULL,
  `external_turnover` decimal(12,2) NOT NULL DEFAULT '0.00',
  `created_at` timestamp NULL DEFAULT NULL,
  `updated_at` timestamp NULL DEFAULT NULL,
  PRIMARY KEY (`id`),
  UNIQUE KEY `uk_kpi_period` (`franchise_id`,`period_year`,`period_month`),
  CONSTRAINT `compliance_kpis_franchise_id_foreign` FOREIGN KEY (`franchise_id`) REFERENCES `franchises` (`id`) ON DELETE CASCADE
) ENGINE=InnoDB AUTO_INCREMENT=2 DEFAULT CHARSET=utf8mb4 COLLATE=utf8mb4_unicode_ci;
/*!40101 SET character_set_client = @saved_cs_client */;

--
-- Dumping data for table `compliance_kpis`
--

LOCK TABLES `compliance_kpis` WRITE;
/*!40000 ALTER TABLE `compliance_kpis` DISABLE KEYS */;
INSERT INTO `compliance_kpis` VALUES (1,2,2025,8,10000.00,'2025-08-09 09:20:49','2025-08-09 09:20:49');
/*!40000 ALTER TABLE `compliance_kpis` ENABLE KEYS */;
UNLOCK TABLES;

--
-- Table structure for table `customer_orders`
--

DROP TABLE IF EXISTS `customer_orders`;
/*!40101 SET @saved_cs_client     = @@character_set_client */;
/*!50503 SET character_set_client = utf8mb4 */;
CREATE TABLE `customer_orders` (
  `id` bigint unsigned NOT NULL AUTO_INCREMENT,
  `truck_id` bigint unsigned NOT NULL,
  `location_id` bigint unsigned DEFAULT NULL,
  `loyalty_card_id` bigint unsigned DEFAULT NULL,
  `order_type` enum('online','on_site','reservation') COLLATE utf8mb4_unicode_ci NOT NULL DEFAULT 'online',
  `status` enum('pending','confirmed','preparing','ready','completed','canceled') COLLATE utf8mb4_unicode_ci NOT NULL DEFAULT 'pending',
  `payment_status` enum('pending','paid','failed','refunded') COLLATE utf8mb4_unicode_ci NOT NULL DEFAULT 'pending',
  `reference` varchar(30) COLLATE utf8mb4_unicode_ci DEFAULT NULL,
  `pickup_at` datetime DEFAULT NULL,
  `total_price` decimal(12,2) NOT NULL,
  `ordered_at` timestamp NOT NULL DEFAULT CURRENT_TIMESTAMP,
  `created_at` timestamp NULL DEFAULT NULL,
  `updated_at` timestamp NULL DEFAULT NULL,
  `ulid` char(26) COLLATE utf8mb4_unicode_ci DEFAULT NULL,
  PRIMARY KEY (`id`),
  UNIQUE KEY `uk_orders_ref` (`reference`),
  UNIQUE KEY `customer_orders_ulid_unique` (`ulid`),
  KEY `customer_orders_loyalty_card_id_foreign` (`loyalty_card_id`),
  KEY `customer_orders_location_id_foreign` (`location_id`),
  KEY `customer_orders_truck_id_ordered_at_index` (`truck_id`,`ordered_at`),
  CONSTRAINT `customer_orders_location_id_foreign` FOREIGN KEY (`location_id`) REFERENCES `locations` (`id`) ON DELETE SET NULL,
  CONSTRAINT `customer_orders_loyalty_card_id_foreign` FOREIGN KEY (`loyalty_card_id`) REFERENCES `loyalty_cards` (`id`) ON DELETE SET NULL,
  CONSTRAINT `customer_orders_truck_id_foreign` FOREIGN KEY (`truck_id`) REFERENCES `trucks` (`id`) ON DELETE CASCADE,
  CONSTRAINT `chk_orders_reservation` CHECK ((((`order_type` = _utf8mb4'reservation') and (`pickup_at` is not null)) or (`order_type` <> _utf8mb4'reservation')))
) ENGINE=InnoDB AUTO_INCREMENT=753 DEFAULT CHARSET=utf8mb4 COLLATE=utf8mb4_unicode_ci;
/*!40101 SET character_set_client = @saved_cs_client */;

--
-- Dumping data for table `customer_orders`
--

LOCK TABLES `customer_orders` WRITE;
/*!40000 ALTER TABLE `customer_orders` DISABLE KEYS */;
INSERT INTO `customer_orders` VALUES (1,2,NULL,4,'online','completed','pending',NULL,NULL,19.80,'2025-08-08 07:35:56','2025-08-09 07:35:56','2025-08-09 07:35:56','01K26W3XY5H2XT5TKT7SPMNWES'),(2,2,NULL,5,'online','completed','pending',NULL,NULL,19.80,'2025-08-08 08:44:00','2025-08-09 08:44:00','2025-08-09 08:44:00','01K2700J4CQZ3PFMPDDE85EQ7M'),(3,6,NULL,NULL,'online','completed','paid',NULL,NULL,91.20,'2025-06-17 21:15:17','2025-08-09 08:44:17','2025-08-09 08:44:17','01K27012R3E0T1CMJMYWXEPSTS'),(4,6,NULL,NULL,'online','completed','paid',NULL,NULL,150.68,'2025-06-02 01:48:17','2025-08-09 08:44:17','2025-08-09 08:44:17','01K27012RJ6TYYTD57AH8024QT'),(5,6,NULL,NULL,'online','completed','paid',NULL,NULL,46.71,'2025-06-19 17:01:17','2025-08-09 08:44:17','2025-08-09 08:44:17','01K27012SER0PVNC2TDTQET7J0'),(6,6,NULL,NULL,'online','completed','paid',NULL,NULL,24.79,'2025-07-26 19:12:17','2025-08-09 08:44:17','2025-08-09 08:44:17','01K27012STNC0CNA1CRC5SBKYA'),(7,6,NULL,NULL,'online','completed','paid',NULL,NULL,27.24,'2025-06-19 09:10:17','2025-08-09 08:44:17','2025-08-09 08:44:17','01K27012WVPC023DYVDX8DT1YX'),(8,6,NULL,NULL,'online','completed','paid',NULL,NULL,132.30,'2025-06-23 16:57:17','2025-08-09 08:44:17','2025-08-09 08:44:17','01K27012XCQ2EWCH7WHCYTB8SG'),(9,6,NULL,NULL,'online','completed','paid',NULL,NULL,130.49,'2025-07-04 14:17:17','2025-08-09 08:44:17','2025-08-09 08:44:17','01K27012Y8KD8HV5FQHS0DZTF5'),(10,6,NULL,NULL,'online','completed','paid',NULL,NULL,19.16,'2025-07-12 19:20:17','2025-08-09 08:44:17','2025-08-09 08:44:17','01K27012YYY0D6XGNHXNJHBBHX'),(11,6,NULL,NULL,'online','completed','paid',NULL,NULL,111.65,'2025-07-09 17:34:17','2025-08-09 08:44:17','2025-08-09 08:44:17','01K27012ZBZ7VXA3FZJ661CCPT'),(12,6,NULL,NULL,'online','completed','paid',NULL,NULL,112.88,'2025-06-09 16:40:17','2025-08-09 08:44:17','2025-08-09 08:44:17','01K2701304CVN0V91BR9FWK2SC'),(13,6,NULL,NULL,'online','completed','paid',NULL,NULL,16.24,'2025-08-08 03:08:17','2025-08-09 08:44:17','2025-08-09 08:44:17','01K270130TS703F0361BYVHM9C'),(14,6,NULL,NULL,'online','completed','paid',NULL,NULL,129.73,'2025-05-18 14:01:17','2025-08-09 08:44:17','2025-08-09 08:44:17','01K27013178FC4BHM3FVPKE8WB'),(15,6,NULL,NULL,'online','completed','paid',NULL,NULL,74.37,'2025-05-31 16:36:17','2025-08-09 08:44:17','2025-08-09 08:44:17','01K2701320TV7DGME2KNWAWVV5'),(16,6,NULL,NULL,'online','completed','paid',NULL,NULL,68.26,'2025-07-11 17:58:17','2025-08-09 08:44:17','2025-08-09 08:44:17','01K270132D1X8GD5653VW1ETQC'),(17,6,NULL,NULL,'online','completed','paid',NULL,NULL,150.45,'2025-05-18 19:05:17','2025-08-09 08:44:17','2025-08-09 08:44:17','01K2701332TY6KZ895H4J6Z10Z'),(18,6,NULL,NULL,'online','completed','paid',NULL,NULL,17.10,'2025-05-17 04:11:17','2025-08-09 08:44:17','2025-08-09 08:44:17','01K270136P0QKWZ471NXYFQ0K6'),(19,6,NULL,NULL,'online','completed','paid',NULL,NULL,20.55,'2025-07-01 18:15:17','2025-08-09 08:44:17','2025-08-09 08:44:17','01K2701372173DXZQYFBE0HSN4'),(20,6,NULL,NULL,'online','completed','paid',NULL,NULL,56.75,'2025-06-13 00:05:17','2025-08-09 08:44:17','2025-08-09 08:44:17','01K270137FS3JZM65SE3SFWGTR'),(21,6,NULL,NULL,'online','completed','paid',NULL,NULL,36.26,'2025-08-09 08:30:17','2025-08-09 08:44:17','2025-08-09 08:44:17','01K2701383VJBJPKECPHPZX0QY'),(22,6,NULL,NULL,'online','completed','paid',NULL,NULL,72.81,'2025-06-23 01:42:17','2025-08-09 08:44:17','2025-08-09 08:44:17','01K270138MJAD57NM57GR3TTC0'),(23,6,NULL,NULL,'online','completed','paid',NULL,NULL,102.21,'2025-07-25 13:06:17','2025-08-09 08:44:17','2025-08-09 08:44:17','01K2701392PBBWQXDKS39VV2X6'),(24,6,NULL,NULL,'online','completed','paid',NULL,NULL,60.06,'2025-05-14 23:13:17','2025-08-09 08:44:17','2025-08-09 08:44:17','01K270139X8NSVEE9JPFPW6TNW'),(25,6,NULL,NULL,'online','completed','paid',NULL,NULL,73.77,'2025-06-23 11:24:17','2025-08-09 08:44:17','2025-08-09 08:44:17','01K27013AB0TRHM5JTFDMAJP41'),(26,6,NULL,NULL,'online','completed','paid',NULL,NULL,91.11,'2025-06-10 19:22:17','2025-08-09 08:44:17','2025-08-09 08:44:17','01K27013B0GBDK53M5JT0CKT91'),(27,6,NULL,NULL,'online','completed','paid',NULL,NULL,54.48,'2025-05-28 16:09:17','2025-08-09 08:44:17','2025-08-09 08:44:17','01K27013BH1TZAQPWB0WGP0PCF'),(28,6,NULL,NULL,'online','completed','paid',NULL,NULL,106.50,'2025-07-30 23:24:17','2025-08-09 08:44:17','2025-08-09 08:44:17','01K27013CAKCN9V4QSR8Y46TX7'),(29,6,NULL,NULL,'online','completed','paid',NULL,NULL,98.89,'2025-05-21 11:32:17','2025-08-09 08:44:17','2025-08-09 08:44:17','01K27013FMV1X34B9W3110M4JZ'),(30,6,NULL,NULL,'online','completed','paid',NULL,NULL,71.22,'2025-06-06 00:53:17','2025-08-09 08:44:17','2025-08-09 08:44:17','01K27013GCDAKMKNQYWMSRG912'),(31,6,NULL,NULL,'online','completed','paid',NULL,NULL,69.93,'2025-07-22 19:31:17','2025-08-09 08:44:17','2025-08-09 08:44:17','01K27013H11C2DH582K7KX06VG'),(32,6,NULL,NULL,'online','completed','paid',NULL,NULL,16.24,'2025-07-07 11:03:17','2025-08-09 08:44:17','2025-08-09 08:44:17','01K27013HG774HTB92B8HCPNX0'),(33,6,NULL,NULL,'online','completed','paid',NULL,NULL,67.83,'2025-07-07 23:01:17','2025-08-09 08:44:17','2025-08-09 08:44:17','01K27013HX0ZY82Y8J9NA7JC6C'),(34,6,NULL,NULL,'online','completed','paid',NULL,NULL,144.77,'2025-05-13 05:16:17','2025-08-09 08:44:17','2025-08-09 08:44:17','01K27013JFE98Y92HC5RZ6YRCA'),(35,6,NULL,NULL,'online','completed','paid',NULL,NULL,140.98,'2025-08-06 16:29:17','2025-08-09 08:44:17','2025-08-09 08:44:17','01K27013K8RSHABKPA1WEZNKZF'),(36,6,NULL,NULL,'online','completed','paid',NULL,NULL,13.70,'2025-05-31 19:51:17','2025-08-09 08:44:17','2025-08-09 08:44:17','01K27013KYPPHYS40K2S4FSR8K'),(37,6,NULL,NULL,'online','completed','paid',NULL,NULL,53.46,'2025-05-12 19:38:17','2025-08-09 08:44:17','2025-08-09 08:44:17','01K27013MD1S32NCNK6JS260G6'),(38,6,NULL,NULL,'online','completed','paid',NULL,NULL,69.93,'2025-05-25 07:04:17','2025-08-09 08:44:17','2025-08-09 08:44:17','01K27013N7CGGQ3GA5SPH6BYYQ'),(39,6,NULL,NULL,'online','completed','paid',NULL,NULL,49.58,'2025-05-27 16:51:17','2025-08-09 08:44:17','2025-08-09 08:44:18','01K27013NNW1WMTGAAPQBFMQN9'),(40,6,NULL,NULL,'online','completed','paid',NULL,NULL,99.93,'2025-06-17 23:20:18','2025-08-09 08:44:18','2025-08-09 08:44:18','01K27013RTNXP8KYHJS84NRJSW'),(41,6,NULL,NULL,'online','completed','paid',NULL,NULL,25.14,'2025-05-29 15:51:18','2025-08-09 08:44:18','2025-08-09 08:44:18','01K27013SNTEF9X27QJTVSX2T5'),(42,6,NULL,NULL,'online','completed','paid',NULL,NULL,98.05,'2025-05-25 16:27:18','2025-08-09 08:44:18','2025-08-09 08:44:18','01K27013T8TECY726FP1EH196P'),(43,6,NULL,NULL,'online','completed','paid',NULL,NULL,123.28,'2025-07-23 13:21:18','2025-08-09 08:44:18','2025-08-09 08:44:18','01K27013TYAEA6NX2XDJPSD5YG'),(44,6,NULL,NULL,'online','completed','paid',NULL,NULL,63.49,'2025-06-06 20:56:18','2025-08-09 08:44:18','2025-08-09 08:44:18','01K27013VR0068CQA06VM59KKD'),(45,6,NULL,NULL,'online','completed','paid',NULL,NULL,88.54,'2025-05-27 06:43:18','2025-08-09 08:44:18','2025-08-09 08:44:18','01K27013WA7SH0FWPY0RWD5YG7'),(46,6,NULL,NULL,'online','completed','paid',NULL,NULL,25.14,'2025-06-16 11:32:18','2025-08-09 08:44:18','2025-08-09 08:44:18','01K27013WY451KEJ1MQVYM9D6T'),(47,6,NULL,NULL,'online','completed','paid',NULL,NULL,98.21,'2025-05-15 23:15:18','2025-08-09 08:44:18','2025-08-09 08:44:18','01K27013XFJA9X7HBM784JMY4S'),(48,6,NULL,NULL,'online','completed','paid',NULL,NULL,93.74,'2025-06-26 04:26:18','2025-08-09 08:44:18','2025-08-09 08:44:18','01K27013Y8HRGBTMWB0PKG6XGP'),(49,6,NULL,NULL,'online','completed','paid',NULL,NULL,37.46,'2025-06-23 08:29:18','2025-08-09 08:44:18','2025-08-09 08:44:18','01K27013Z0DJS85XEQ9P31R2R6'),(50,6,NULL,NULL,'online','completed','paid',NULL,NULL,24.79,'2025-05-25 11:05:18','2025-08-09 08:44:18','2025-08-09 08:44:18','01K2701427CS8J2GQG454HQC10'),(51,6,NULL,NULL,'online','completed','paid',NULL,NULL,21.18,'2025-07-07 07:37:18','2025-08-09 08:44:18','2025-08-09 08:44:18','01K270142M6737A7SBHC88DYVN'),(52,6,NULL,NULL,'online','completed','paid',NULL,NULL,48.54,'2025-07-08 16:27:18','2025-08-09 08:44:18','2025-08-09 08:44:18','01K2701431S0JSWSAY2TP76K7X'),(53,7,NULL,NULL,'online','completed','paid',NULL,NULL,67.68,'2025-06-29 21:07:18','2025-08-09 08:44:18','2025-08-09 08:44:18','01K270143EWADZCAQZ9XB8VP51'),(54,7,NULL,NULL,'online','completed','paid',NULL,NULL,45.75,'2025-06-08 23:25:18','2025-08-09 08:44:18','2025-08-09 08:44:18','01K2701444CZ035R59XG3990N9'),(55,7,NULL,NULL,'online','completed','paid',NULL,NULL,69.93,'2025-08-04 20:33:18','2025-08-09 08:44:18','2025-08-09 08:44:18','01K270144P0BSF8951PPYAZS6Q'),(56,7,NULL,NULL,'online','completed','paid',NULL,NULL,117.68,'2025-07-14 05:25:18','2025-08-09 08:44:18','2025-08-09 08:44:18','01K270145464SKATJXEQQV8KHC'),(57,7,NULL,NULL,'online','completed','paid',NULL,NULL,130.10,'2025-06-19 04:11:18','2025-08-09 08:44:18','2025-08-09 08:44:18','01K270145SXBWTVQ4FJ3EECNG5'),(58,7,NULL,NULL,'online','completed','paid',NULL,NULL,74.13,'2025-05-15 09:09:18','2025-08-09 08:44:18','2025-08-09 08:44:18','01K270146KBGY213V3YQ9PD5Y2'),(59,7,NULL,NULL,'online','completed','paid',NULL,NULL,117.84,'2025-07-03 01:05:18','2025-08-09 08:44:18','2025-08-09 08:44:18','01K270147D5EMP812F27JVVFRH'),(60,7,NULL,NULL,'online','completed','paid',NULL,NULL,132.33,'2025-05-18 01:22:18','2025-08-09 08:44:18','2025-08-09 08:44:18','01K27014AY1FK1Q13Z52TYQAVK'),(61,7,NULL,NULL,'online','completed','paid',NULL,NULL,116.53,'2025-07-26 12:48:18','2025-08-09 08:44:18','2025-08-09 08:44:18','01K27014BK3JK5GC7FRT0FMFP5'),(62,7,NULL,NULL,'online','completed','paid',NULL,NULL,108.85,'2025-06-30 15:46:18','2025-08-09 08:44:18','2025-08-09 08:44:18','01K27014C7QBEVRKY2EF5NQ2QH'),(63,7,NULL,NULL,'online','completed','paid',NULL,NULL,20.76,'2025-05-29 04:33:18','2025-08-09 08:44:18','2025-08-09 08:44:18','01K27014D3QYVPMC0TWQAYZSFV'),(64,7,NULL,NULL,'online','completed','paid',NULL,NULL,77.76,'2025-05-29 18:54:18','2025-08-09 08:44:18','2025-08-09 08:44:18','01K27014DME6JPA23RTTAT4WRX'),(65,7,NULL,NULL,'online','completed','paid',NULL,NULL,84.69,'2025-06-14 11:48:18','2025-08-09 08:44:18','2025-08-09 08:44:18','01K27014E5CFMRSGCY41AY5M7S'),(66,7,NULL,NULL,'online','completed','paid',NULL,NULL,118.51,'2025-06-26 01:49:18','2025-08-09 08:44:18','2025-08-09 08:44:18','01K27014EXTKC181ZA3J23V937'),(67,7,NULL,NULL,'online','completed','paid',NULL,NULL,76.83,'2025-06-01 06:15:18','2025-08-09 08:44:18','2025-08-09 08:44:18','01K27014FMZJEPABRG2JPPJYC0'),(68,7,NULL,NULL,'online','completed','paid',NULL,NULL,85.53,'2025-06-27 05:50:18','2025-08-09 08:44:18','2025-08-09 08:44:18','01K27014GEM85SVP9DJ08W6GC9'),(69,7,NULL,NULL,'online','completed','paid',NULL,NULL,14.12,'2025-07-30 06:40:18','2025-08-09 08:44:18','2025-08-09 08:44:18','01K27014GZHY0X3SSZ51KW60FY'),(70,7,NULL,NULL,'online','completed','paid',NULL,NULL,28.64,'2025-05-21 17:28:18','2025-08-09 08:44:18','2025-08-09 08:44:18','01K27014M2TTSNNEABRXTEH966'),(71,7,NULL,NULL,'online','completed','paid',NULL,NULL,58.13,'2025-08-04 19:47:18','2025-08-09 08:44:18','2025-08-09 08:44:18','01K27014MKYVKGV1T47CYHY7XV'),(72,7,NULL,NULL,'online','completed','paid',NULL,NULL,100.07,'2025-06-01 08:35:18','2025-08-09 08:44:18','2025-08-09 08:44:19','01K27014N79VGZNJ9ZRH7VMVC8'),(73,7,NULL,NULL,'online','completed','paid',NULL,NULL,77.23,'2025-07-08 20:31:19','2025-08-09 08:44:19','2025-08-09 08:44:19','01K27014P1P4GJR759KHGBAMC4'),(74,7,NULL,NULL,'online','completed','paid',NULL,NULL,46.62,'2025-07-29 19:08:19','2025-08-09 08:44:19','2025-08-09 08:44:19','01K27014PRBAE08SYARH7MSBXA'),(75,7,NULL,NULL,'online','completed','paid',NULL,NULL,13.70,'2025-06-15 22:08:19','2025-08-09 08:44:19','2025-08-09 08:44:19','01K27014Q5XT4AA347599NKVTF'),(76,7,NULL,NULL,'online','completed','paid',NULL,NULL,38.32,'2025-07-18 09:38:19','2025-08-09 08:44:19','2025-08-09 08:44:19','01K27014QJ7W0N6GKBWNCNXX3N'),(77,7,NULL,NULL,'online','completed','paid',NULL,NULL,50.44,'2025-05-29 15:05:19','2025-08-09 08:44:19','2025-08-09 08:44:19','01K27014R104KV6V76W60WCHE5'),(78,7,NULL,NULL,'online','completed','paid',NULL,NULL,126.21,'2025-05-28 18:44:19','2025-08-09 08:44:19','2025-08-09 08:44:19','01K27014RM1C5A3H7E3WVK7Y0R'),(79,7,NULL,NULL,'online','completed','paid',NULL,NULL,20.55,'2025-07-08 17:39:19','2025-08-09 08:44:19','2025-08-09 08:44:19','01K27014S7QABGN043ED7G22JP'),(80,7,NULL,NULL,'online','completed','paid',NULL,NULL,104.95,'2025-07-15 01:20:19','2025-08-09 08:44:19','2025-08-09 08:44:19','01K27014SMY0BY6SGW48C4J3ZY'),(81,7,NULL,NULL,'online','completed','paid',NULL,NULL,21.18,'2025-05-11 04:19:19','2025-08-09 08:44:19','2025-08-09 08:44:19','01K27014TCY4YW6TTSC7BQNF92'),(82,7,NULL,NULL,'online','completed','paid',NULL,NULL,49.58,'2025-07-22 01:34:19','2025-08-09 08:44:19','2025-08-09 08:44:19','01K27014XJYS13M5AQFZ694T28'),(83,7,NULL,NULL,'online','completed','paid',NULL,NULL,11.16,'2025-06-14 23:57:19','2025-08-09 08:44:19','2025-08-09 08:44:19','01K27014XYGPRDR1H2ZKH88GR4'),(84,7,NULL,NULL,'online','completed','paid',NULL,NULL,12.23,'2025-07-15 17:16:19','2025-08-09 08:44:19','2025-08-09 08:44:19','01K27014YB8WBPFQ7E8NH25HK1'),(85,7,NULL,NULL,'online','completed','paid',NULL,NULL,54.69,'2025-07-27 15:01:19','2025-08-09 08:44:19','2025-08-09 08:44:19','01K27014YRD1XT5QYT3E7TX8S4'),(86,7,NULL,NULL,'online','completed','paid',NULL,NULL,76.78,'2025-05-16 05:06:19','2025-08-09 08:44:19','2025-08-09 08:44:19','01K27014Z9Y1CCS61M7XCZGVMT'),(87,7,NULL,NULL,'online','completed','paid',NULL,NULL,59.84,'2025-07-04 20:54:19','2025-08-09 08:44:19','2025-08-09 08:44:19','01K27014ZY1KRFSPD5WXJ1A4P8'),(88,7,NULL,NULL,'online','completed','paid',NULL,NULL,26.13,'2025-05-30 15:08:19','2025-08-09 08:44:19','2025-08-09 08:44:19','01K270150H00Q4E777Z9Y804BZ'),(89,7,NULL,NULL,'online','completed','paid',NULL,NULL,97.92,'2025-08-07 13:41:19','2025-08-09 08:44:19','2025-08-09 08:44:19','01K2701513SG5V3ZVH89J7J101'),(90,7,NULL,NULL,'online','completed','paid',NULL,NULL,36.69,'2025-05-12 03:37:19','2025-08-09 08:44:19','2025-08-09 08:44:19','01K270151K6KXRS9QE5S1NS9T7'),(91,7,NULL,NULL,'online','completed','paid',NULL,NULL,54.46,'2025-07-14 13:36:19','2025-08-09 08:44:19','2025-08-09 08:44:19','01K2701521E8RPGM4HTP4QP7CE'),(92,7,NULL,NULL,'online','completed','paid',NULL,NULL,94.06,'2025-06-01 00:23:19','2025-08-09 08:44:19','2025-08-09 08:44:19','01K270152PFA2G3YQ1K7AN0CS3'),(93,7,NULL,NULL,'online','completed','paid',NULL,NULL,89.54,'2025-06-25 12:08:19','2025-08-09 08:44:19','2025-08-09 08:44:19','01K270153J2KTRH4Q51V4CVGEH'),(94,7,NULL,NULL,'online','completed','paid',NULL,NULL,54.30,'2025-05-20 06:06:19','2025-08-09 08:44:19','2025-08-09 08:44:19','01K2701572K0JADHFYQ4Z0T49A'),(95,7,NULL,NULL,'online','completed','paid',NULL,NULL,17.10,'2025-07-21 04:38:19','2025-08-09 08:44:19','2025-08-09 08:44:19','01K270157NJQNN51DMMJAFNZQZ'),(96,7,NULL,NULL,'online','completed','paid',NULL,NULL,98.50,'2025-08-08 06:00:19','2025-08-09 08:44:19','2025-08-09 08:44:19','01K2701584MF69RKCFYDEE6791'),(97,7,NULL,NULL,'online','completed','paid',NULL,NULL,113.65,'2025-07-07 11:48:19','2025-08-09 08:44:19','2025-08-09 08:44:19','01K2701590WQK4GGBEHN9Z9A35'),(98,7,NULL,NULL,'online','completed','paid',NULL,NULL,65.46,'2025-06-06 09:06:19','2025-08-09 08:44:19','2025-08-09 08:44:19','01K270159P5EENH16E29NX4WY8'),(99,7,NULL,NULL,'online','completed','paid',NULL,NULL,114.73,'2025-06-12 23:26:19','2025-08-09 08:44:19','2025-08-09 08:44:19','01K27015A8DWVTR9EMPT7ND9MK'),(100,7,NULL,NULL,'online','completed','paid',NULL,NULL,131.40,'2025-05-19 09:35:19','2025-08-09 08:44:19','2025-08-09 08:44:19','01K27015AYAYQCDKHCDGDG1HTH'),(101,7,NULL,NULL,'online','completed','paid',NULL,NULL,84.52,'2025-05-24 10:40:19','2025-08-09 08:44:19','2025-08-09 08:44:19','01K27015BN61YB3ZR45KQ02GBA'),(102,7,NULL,NULL,'online','completed','paid',NULL,NULL,72.10,'2025-05-16 03:38:19','2025-08-09 08:44:19','2025-08-09 08:44:19','01K27015C6MJ0M3CFT6NJNHYQ4'),(103,8,NULL,NULL,'online','completed','paid',NULL,NULL,67.39,'2025-06-03 19:29:19','2025-08-09 08:44:19','2025-08-09 08:44:19','01K27015CVQHT2MFZG3SS72A16'),(104,8,NULL,NULL,'online','completed','paid',NULL,NULL,7.06,'2025-05-28 07:42:19','2025-08-09 08:44:19','2025-08-09 08:44:19','01K27015G9MJ9QD2P9YY9FGA7Z'),(105,8,NULL,NULL,'online','completed','paid',NULL,NULL,90.79,'2025-07-28 07:26:19','2025-08-09 08:44:19','2025-08-09 08:44:19','01K27015GP0ATBR0X3PX2NBKVD'),(106,8,NULL,NULL,'online','completed','paid',NULL,NULL,93.30,'2025-06-14 02:32:19','2025-08-09 08:44:19','2025-08-09 08:44:19','01K27015HCA3924QQF1APZQYHJ'),(107,8,NULL,NULL,'online','completed','paid',NULL,NULL,14.12,'2025-05-24 00:16:19','2025-08-09 08:44:19','2025-08-09 08:44:19','01K27015J9PYCS6F190ZB5Z9Z4'),(108,8,NULL,NULL,'online','completed','paid',NULL,NULL,79.66,'2025-05-30 10:25:19','2025-08-09 08:44:19','2025-08-09 08:44:19','01K27015JQBWRAMQV7YAEAGHBG'),(109,8,NULL,NULL,'online','completed','paid',NULL,NULL,54.23,'2025-05-26 05:12:19','2025-08-09 08:44:19','2025-08-09 08:44:19','01K27015KA1Q7SAK5Y2HVRXJFR'),(110,8,NULL,NULL,'online','completed','paid',NULL,NULL,46.54,'2025-08-04 00:15:19','2025-08-09 08:44:19','2025-08-09 08:44:19','01K27015KXJVD7RA5E0R2D2SG7'),(111,8,NULL,NULL,'online','completed','paid',NULL,NULL,69.85,'2025-08-09 01:05:19','2025-08-09 08:44:19','2025-08-09 08:44:19','01K27015M943FNBN1P8RKM51Z1'),(112,8,NULL,NULL,'online','completed','paid',NULL,NULL,120.61,'2025-05-29 23:29:19','2025-08-09 08:44:19','2025-08-09 08:44:20','01K27015MVP9SH0787TA3AJM3W'),(113,8,NULL,NULL,'online','completed','paid',NULL,NULL,103.58,'2025-05-26 20:16:20','2025-08-09 08:44:20','2025-08-09 08:44:20','01K27015NK2V103QAWVAEK95PP'),(114,8,NULL,NULL,'online','completed','paid',NULL,NULL,24.79,'2025-06-04 00:51:20','2025-08-09 08:44:20','2025-08-09 08:44:20','01K27015PDCKFPN8QG588836V5'),(115,8,NULL,NULL,'online','completed','paid',NULL,NULL,49.58,'2025-07-20 04:01:20','2025-08-09 08:44:20','2025-08-09 08:44:20','01K27015SPCYAA3KD2C571WGRW'),(116,8,NULL,NULL,'online','completed','paid',NULL,NULL,67.57,'2025-06-17 10:10:20','2025-08-09 08:44:20','2025-08-09 08:44:20','01K27015T32M7C8RS9YP22TKG0'),(117,8,NULL,NULL,'online','completed','paid',NULL,NULL,31.18,'2025-07-11 10:10:20','2025-08-09 08:44:20','2025-08-09 08:44:20','01K27015TV2S9M553H0QSZD3S0'),(118,8,NULL,NULL,'online','completed','paid',NULL,NULL,205.98,'2025-07-12 03:02:20','2025-08-09 08:44:20','2025-08-09 08:44:20','01K27015VCY9WMHSA5AS6333XK'),(119,8,NULL,NULL,'online','completed','paid',NULL,NULL,111.35,'2025-07-28 04:30:20','2025-08-09 08:44:20','2025-08-09 08:44:20','01K27015WWC0RWRAVC2HHBS6X9'),(120,8,NULL,NULL,'online','completed','paid',NULL,NULL,37.46,'2025-07-14 04:59:20','2025-08-09 08:44:20','2025-08-09 08:44:20','01K27015XNJN5DMWEYH7T4J174'),(121,8,NULL,NULL,'online','completed','paid',NULL,NULL,46.83,'2025-06-13 16:01:20','2025-08-09 08:44:20','2025-08-09 08:44:20','01K27015Y2MY6AE2YR7KRFS56H'),(122,8,NULL,NULL,'online','completed','paid',NULL,NULL,169.43,'2025-05-22 20:48:20','2025-08-09 08:44:20','2025-08-09 08:44:20','01K27015YP3FKPB9KD4E8XEQ4P'),(123,8,NULL,NULL,'online','completed','paid',NULL,NULL,126.98,'2025-05-29 08:17:20','2025-08-09 08:44:20','2025-08-09 08:44:20','01K27015ZKHS9CEGEX2VP1MP8C'),(124,8,NULL,NULL,'online','completed','paid',NULL,NULL,90.84,'2025-06-15 04:10:20','2025-08-09 08:44:20','2025-08-09 08:44:20','01K270160BT94SKNAEVXN1BZ4R'),(125,8,NULL,NULL,'online','completed','paid',NULL,NULL,140.58,'2025-06-13 10:49:20','2025-08-09 08:44:20','2025-08-09 08:44:20','01K27016114FTEMVZP11E16GRP'),(126,8,NULL,NULL,'online','completed','paid',NULL,NULL,14.12,'2025-05-23 17:57:20','2025-08-09 08:44:20','2025-08-09 08:44:20','01K270161W8B42WV79495Z8J78'),(127,8,NULL,NULL,'online','completed','paid',NULL,NULL,40.04,'2025-05-24 12:19:20','2025-08-09 08:44:20','2025-08-09 08:44:20','01K270162BTB2RT2JP736HJS69'),(128,8,NULL,NULL,'online','completed','paid',NULL,NULL,142.63,'2025-07-11 09:21:20','2025-08-09 08:44:20','2025-08-09 08:44:20','01K270165N8R41VZ5BBJTZ61X4'),(129,8,NULL,NULL,'online','completed','paid',NULL,NULL,68.26,'2025-06-30 13:30:20','2025-08-09 08:44:20','2025-08-09 08:44:20','01K270166B7YBH0VD75T5Y4RN2'),(130,8,NULL,NULL,'online','completed','paid',NULL,NULL,52.29,'2025-05-22 00:07:20','2025-08-09 08:44:20','2025-08-09 08:44:20','01K2701672HXA0Z2D88FQSJ6RK'),(131,8,NULL,NULL,'online','completed','paid',NULL,NULL,76.10,'2025-05-25 08:01:20','2025-08-09 08:44:20','2025-08-09 08:44:20','01K270167MP9XEC57WEPAW1GA1'),(132,8,NULL,NULL,'online','completed','paid',NULL,NULL,193.84,'2025-06-16 04:30:20','2025-08-09 08:44:20','2025-08-09 08:44:20','01K2701687NB0JPWRJ3RC7E90H'),(133,8,NULL,NULL,'online','completed','paid',NULL,NULL,91.50,'2025-07-11 06:57:20','2025-08-09 08:44:20','2025-08-09 08:44:20','01K2701692DZC0M1TTF5BTYJJ8'),(134,8,NULL,NULL,'online','completed','paid',NULL,NULL,31.14,'2025-05-11 23:41:20','2025-08-09 08:44:20','2025-08-09 08:44:20','01K270169V7HVYVW97TMFF5THJ'),(135,8,NULL,NULL,'online','completed','paid',NULL,NULL,124.80,'2025-06-08 12:57:20','2025-08-09 08:44:20','2025-08-09 08:44:20','01K27016A7F4DPNNCHMASADFX9'),(136,8,NULL,NULL,'online','completed','paid',NULL,NULL,60.06,'2025-07-23 00:01:20','2025-08-09 08:44:20','2025-08-09 08:44:20','01K27016B44GJK41VWQP54RZS5'),(137,8,NULL,NULL,'online','completed','paid',NULL,NULL,117.08,'2025-08-02 06:08:20','2025-08-09 08:44:20','2025-08-09 08:44:20','01K27016BGMC2NJ9MV9SCHRHSS'),(138,8,NULL,NULL,'online','completed','paid',NULL,NULL,25.25,'2025-07-22 23:02:20','2025-08-09 08:44:20','2025-08-09 08:44:20','01K27016C5XDXMMSJA2A3KG61P'),(139,8,NULL,NULL,'online','completed','paid',NULL,NULL,12.23,'2025-06-10 05:31:20','2025-08-09 08:44:20','2025-08-09 08:44:20','01K27016FR0XD228R7AXV6Q6XR'),(140,8,NULL,NULL,'online','completed','paid',NULL,NULL,23.31,'2025-05-29 18:41:20','2025-08-09 08:44:20','2025-08-09 08:44:20','01K27016G6A0GZXPP6H6PNBZNV'),(141,8,NULL,NULL,'online','completed','paid',NULL,NULL,148.46,'2025-07-11 08:57:20','2025-08-09 08:44:20','2025-08-09 08:44:20','01K27016GPQ38N576TS22W6CXX'),(142,8,NULL,NULL,'online','completed','paid',NULL,NULL,101.01,'2025-07-29 00:05:20','2025-08-09 08:44:20','2025-08-09 08:44:20','01K27016HHS7VNX8C446NDEZ92'),(143,8,NULL,NULL,'online','completed','paid',NULL,NULL,66.19,'2025-05-11 09:23:20','2025-08-09 08:44:20','2025-08-09 08:44:20','01K27016JADDXFRKC05WGMX59E'),(144,8,NULL,NULL,'online','completed','paid',NULL,NULL,149.13,'2025-05-16 06:20:20','2025-08-09 08:44:20','2025-08-09 08:44:20','01K27016JZAKE27M9TDT07MMX2'),(145,8,NULL,NULL,'online','completed','paid',NULL,NULL,158.22,'2025-07-11 23:07:20','2025-08-09 08:44:20','2025-08-09 08:44:21','01K27016KXEYRQZNSH77YV6RFC'),(146,8,NULL,NULL,'online','completed','paid',NULL,NULL,37.46,'2025-06-29 13:05:21','2025-08-09 08:44:21','2025-08-09 08:44:21','01K27016MK39MBT45VBTJ3SRWR'),(147,8,NULL,NULL,'online','completed','paid',NULL,NULL,147.83,'2025-06-13 01:20:21','2025-08-09 08:44:21','2025-08-09 08:44:21','01K27016N12JDVPF0MZ1NP68T5'),(148,8,NULL,NULL,'online','completed','paid',NULL,NULL,99.84,'2025-07-03 07:11:21','2025-08-09 08:44:21','2025-08-09 08:44:21','01K27016NVKTA7J6BF5GQW7BRF'),(149,8,NULL,NULL,'online','completed','paid',NULL,NULL,151.29,'2025-06-06 07:00:21','2025-08-09 08:44:21','2025-08-09 08:44:21','01K27016SH8MQHS0NEZDZ3JF1B'),(150,8,NULL,NULL,'online','completed','paid',NULL,NULL,64.11,'2025-07-25 08:19:21','2025-08-09 08:44:21','2025-08-09 08:44:21','01K27016TAHB9SQYVQY8KRKMMK'),(151,8,NULL,NULL,'online','completed','paid',NULL,NULL,158.41,'2025-07-24 22:13:21','2025-08-09 08:44:21','2025-08-09 08:44:21','01K27016TVQJCTAA0R2BDP37SC'),(152,8,NULL,NULL,'online','completed','paid',NULL,NULL,42.78,'2025-08-01 13:14:21','2025-08-09 08:44:21','2025-08-09 08:44:21','01K27016VPVTRD4KV7SQGYS13N'),(153,9,NULL,NULL,'online','completed','paid',NULL,NULL,126.01,'2025-05-22 16:03:21','2025-08-09 08:44:21','2025-08-09 08:44:21','01K27016WF05QDZNEJRAV4518C'),(154,9,NULL,NULL,'online','completed','paid',NULL,NULL,54.22,'2025-07-23 12:35:21','2025-08-09 08:44:21','2025-08-09 08:44:21','01K27016X4VW6DY29BJX5VPV3R'),(155,9,NULL,NULL,'online','completed','paid',NULL,NULL,81.68,'2025-05-15 05:47:21','2025-08-09 08:44:21','2025-08-09 08:44:21','01K27016XNTPNK1DZGYN5W6VQP'),(156,9,NULL,NULL,'online','completed','paid',NULL,NULL,71.42,'2025-07-17 04:16:21','2025-08-09 08:44:21','2025-08-09 08:44:21','01K27016Y8TW0RMD9SJD89TCKQ'),(157,9,NULL,NULL,'online','completed','paid',NULL,NULL,33.34,'2025-06-12 15:52:21','2025-08-09 08:44:21','2025-08-09 08:44:21','01K27016YVPNB2G6Z0KRMXQDDT'),(158,9,NULL,NULL,'online','completed','paid',NULL,NULL,56.94,'2025-08-03 21:48:21','2025-08-09 08:44:21','2025-08-09 08:44:21','01K27016ZC9AQ9YEBY04QA0AAB'),(159,9,NULL,NULL,'online','completed','paid',NULL,NULL,64.53,'2025-06-29 07:47:21','2025-08-09 08:44:21','2025-08-09 08:44:21','01K2701735EWN5MM5E44177ZSD'),(160,9,NULL,NULL,'online','completed','paid',NULL,NULL,23.31,'2025-05-31 09:40:21','2025-08-09 08:44:21','2025-08-09 08:44:21','01K270173Z6N2E76R0XBWMP7J1'),(161,9,NULL,NULL,'online','completed','paid',NULL,NULL,50.90,'2025-07-13 20:02:21','2025-08-09 08:44:21','2025-08-09 08:44:21','01K270174DRPEDSAHS4276QTBX'),(162,9,NULL,NULL,'online','completed','paid',NULL,NULL,80.84,'2025-06-22 15:05:21','2025-08-09 08:44:21','2025-08-09 08:44:21','01K270174ZNMFH8C5VBFC143CY'),(163,9,NULL,NULL,'online','completed','paid',NULL,NULL,62.42,'2025-07-15 20:39:21','2025-08-09 08:44:21','2025-08-09 08:44:21','01K270175Y8CPR0EJMTFNQJ3B9'),(164,9,NULL,NULL,'online','completed','paid',NULL,NULL,72.38,'2025-06-15 09:00:21','2025-08-09 08:44:21','2025-08-09 08:44:21','01K270176FHBEGVVQW7XCX8WSP'),(165,9,NULL,NULL,'online','completed','paid',NULL,NULL,115.47,'2025-08-06 09:33:21','2025-08-09 08:44:21','2025-08-09 08:44:21','01K270177026AJSJT6BBAR15X6'),(166,9,NULL,NULL,'online','completed','paid',NULL,NULL,98.52,'2025-05-30 02:40:21','2025-08-09 08:44:21','2025-08-09 08:44:21','01K270177TCH8C0DEW28YZ6PES'),(167,9,NULL,NULL,'online','completed','paid',NULL,NULL,87.99,'2025-07-05 08:15:21','2025-08-09 08:44:21','2025-08-09 08:44:21','01K270178QXGZQMZSW9PEV3JJB'),(168,9,NULL,NULL,'online','completed','paid',NULL,NULL,63.65,'2025-08-04 11:16:21','2025-08-09 08:44:21','2025-08-09 08:44:21','01K270179JSR9C71EBY8APJHKX'),(169,9,NULL,NULL,'online','completed','paid',NULL,NULL,19.20,'2025-07-09 21:37:21','2025-08-09 08:44:21','2025-08-09 08:44:21','01K27017D735FBCCMGWHA5DGKE'),(170,9,NULL,NULL,'online','completed','paid',NULL,NULL,147.90,'2025-06-15 15:44:21','2025-08-09 08:44:21','2025-08-09 08:44:21','01K27017DR30C83K9JYV3JCCRK'),(171,9,NULL,NULL,'online','completed','paid',NULL,NULL,39.86,'2025-06-26 19:43:21','2025-08-09 08:44:21','2025-08-09 08:44:21','01K27017EP02SQ89YG1Z9GKPKN'),(172,9,NULL,NULL,'online','completed','paid',NULL,NULL,116.13,'2025-07-06 09:52:21','2025-08-09 08:44:21','2025-08-09 08:44:21','01K27017FHG9XFC720CBM6R9MT'),(173,9,NULL,NULL,'online','completed','paid',NULL,NULL,55.78,'2025-07-21 08:41:21','2025-08-09 08:44:21','2025-08-09 08:44:21','01K27017GPW3BKE1ENJQWQAN1Y'),(174,9,NULL,NULL,'online','completed','paid',NULL,NULL,121.13,'2025-07-16 05:22:21','2025-08-09 08:44:21','2025-08-09 08:44:21','01K27017HDFQFX2X07DGRX7ZXG'),(175,9,NULL,NULL,'online','completed','paid',NULL,NULL,102.66,'2025-07-21 19:55:21','2025-08-09 08:44:21','2025-08-09 08:44:21','01K27017J9MH5QVRXZ9QSS58QZ'),(176,9,NULL,NULL,'online','completed','paid',NULL,NULL,69.93,'2025-05-31 03:54:21','2025-08-09 08:44:21','2025-08-09 08:44:21','01K27017K0TM55QJ58W5ZMBH2P'),(177,9,NULL,NULL,'online','completed','paid',NULL,NULL,136.48,'2025-07-07 07:57:21','2025-08-09 08:44:21','2025-08-09 08:44:22','01K27017KEJ7JK24MSNS8378ED'),(178,9,NULL,NULL,'online','completed','paid',NULL,NULL,7.06,'2025-05-19 04:46:22','2025-08-09 08:44:22','2025-08-09 08:44:22','01K27017M5GPM850SS79M38QCG'),(179,9,NULL,NULL,'online','completed','paid',NULL,NULL,24.80,'2025-06-08 13:31:22','2025-08-09 08:44:22','2025-08-09 08:44:22','01K27017MK7W0J8M2W0M516J99'),(180,9,NULL,NULL,'online','completed','paid',NULL,NULL,83.21,'2025-06-16 05:25:22','2025-08-09 08:44:22','2025-08-09 08:44:22','01K27017RAECDFRVXAMJ49KRYE'),(181,9,NULL,NULL,'online','completed','paid',NULL,NULL,57.48,'2025-07-16 00:21:22','2025-08-09 08:44:22','2025-08-09 08:44:22','01K270180337AZVY7YC5SWDXNB'),(182,9,NULL,NULL,'online','completed','paid',NULL,NULL,46.30,'2025-07-10 17:07:22','2025-08-09 08:44:22','2025-08-09 08:44:22','01K270184F4PJA250KKR350XK5'),(183,9,NULL,NULL,'online','completed','paid',NULL,NULL,149.86,'2025-06-21 01:16:22','2025-08-09 08:44:22','2025-08-09 08:44:22','01K270188ZFR9JP435HEMAAWGT'),(184,9,NULL,NULL,'online','completed','paid',NULL,NULL,40.88,'2025-06-06 23:27:22','2025-08-09 08:44:22','2025-08-09 08:44:22','01K270189VZX5T9YVJV9TFR69P'),(185,9,NULL,NULL,'online','completed','paid',NULL,NULL,122.55,'2025-07-12 03:43:22','2025-08-09 08:44:22','2025-08-09 08:44:22','01K27018ABNATSZD8WKSN46TE9'),(186,9,NULL,NULL,'online','completed','paid',NULL,NULL,23.31,'2025-08-07 11:12:22','2025-08-09 08:44:22','2025-08-09 08:44:22','01K27018B3S6VQ11NET3R8FTQ6'),(187,9,NULL,NULL,'online','completed','paid',NULL,NULL,56.19,'2025-07-06 09:14:22','2025-08-09 08:44:22','2025-08-09 08:44:22','01K27018BGPW2QQ2SDE89Q2P4D'),(188,9,NULL,NULL,'online','completed','paid',NULL,NULL,8.04,'2025-06-25 20:27:22','2025-08-09 08:44:22','2025-08-09 08:44:22','01K27018BXKCRHN5AYT29MBSKM'),(189,9,NULL,NULL,'online','completed','paid',NULL,NULL,57.48,'2025-07-15 00:15:22','2025-08-09 08:44:22','2025-08-09 08:44:22','01K27018CAMEBP2PD3BBDB4W3A'),(190,9,NULL,NULL,'online','completed','paid',NULL,NULL,119.79,'2025-06-20 21:48:22','2025-08-09 08:44:22','2025-08-09 08:44:22','01K27018GBR01ZEJVQJSJPV3NW'),(191,9,NULL,NULL,'online','completed','paid',NULL,NULL,23.31,'2025-07-11 00:28:22','2025-08-09 08:44:22','2025-08-09 08:44:22','01K27018H60NQTQR14MAZMN9ZB'),(192,9,NULL,NULL,'online','completed','paid',NULL,NULL,86.48,'2025-07-02 23:54:22','2025-08-09 08:44:22','2025-08-09 08:44:22','01K27018HN9XCGGQG04H1XF2NJ'),(193,9,NULL,NULL,'online','completed','paid',NULL,NULL,109.87,'2025-07-28 22:52:22','2025-08-09 08:44:22','2025-08-09 08:44:22','01K27018J6Z9ATS08WZRCTHPPY'),(194,9,NULL,NULL,'online','completed','paid',NULL,NULL,52.12,'2025-07-29 15:11:23','2025-08-09 08:44:23','2025-08-09 08:44:23','01K27018JWNFGA96EFF19FMJRX'),(195,9,NULL,NULL,'online','completed','paid',NULL,NULL,98.02,'2025-07-25 22:31:23','2025-08-09 08:44:23','2025-08-09 08:44:23','01K27018KME0SME9V85NVZ5A16'),(196,9,NULL,NULL,'online','completed','paid',NULL,NULL,87.72,'2025-07-22 22:52:23','2025-08-09 08:44:23','2025-08-09 08:44:23','01K27018MA3T7W8VZYE9AKJ20N'),(197,9,NULL,NULL,'online','completed','paid',NULL,NULL,36.10,'2025-05-31 06:51:23','2025-08-09 08:44:23','2025-08-09 08:44:23','01K27018N4Q5ER8J2PBT79TW45'),(198,9,NULL,NULL,'online','completed','paid',NULL,NULL,65.60,'2025-05-20 15:52:23','2025-08-09 08:44:23','2025-08-09 08:44:23','01K27018NPWAJKVRNQ0VTPDYGB'),(199,9,NULL,NULL,'online','completed','paid',NULL,NULL,24.74,'2025-07-06 05:31:23','2025-08-09 08:44:23','2025-08-09 08:44:23','01K27018PEM5896HQA6M1X3XKX'),(200,9,NULL,NULL,'online','completed','paid',NULL,NULL,56.76,'2025-08-06 01:38:23','2025-08-09 08:44:23','2025-08-09 08:44:23','01K27018TRKEFYT8MPSPA02ME9'),(201,9,NULL,NULL,'online','completed','paid',NULL,NULL,121.47,'2025-06-08 20:55:23','2025-08-09 08:44:23','2025-08-09 08:44:23','01K27018VC4FES39VQTDABBCCE'),(202,9,NULL,NULL,'online','completed','paid',NULL,NULL,31.12,'2025-08-08 11:45:23','2025-08-09 08:44:23','2025-08-09 08:44:23','01K27018W2QK64SBFEW38F86ZW'),(203,10,NULL,NULL,'online','completed','paid',NULL,NULL,67.09,'2025-07-02 06:13:23','2025-08-09 08:44:23','2025-08-09 08:44:23','01K27018WMAXMTYMC94GDC7X2X'),(204,10,NULL,NULL,'online','completed','paid',NULL,NULL,20.02,'2025-05-20 07:49:23','2025-08-09 08:44:23','2025-08-09 08:44:23','01K27018X5QVABC9N84PEYBT11'),(205,10,NULL,NULL,'online','completed','paid',NULL,NULL,117.30,'2025-06-01 05:03:23','2025-08-09 08:44:23','2025-08-09 08:44:23','01K27018XPK1MV2DVH4D4X1E09'),(206,10,NULL,NULL,'online','completed','paid',NULL,NULL,54.69,'2025-05-24 17:36:23','2025-08-09 08:44:23','2025-08-09 08:44:23','01K27018YHB5HZEGJ6C0BFBV8Y'),(207,10,NULL,NULL,'online','completed','paid',NULL,NULL,18.73,'2025-06-25 19:14:23','2025-08-09 08:44:23','2025-08-09 08:44:23','01K27018Z23WTWDSN0D6CGT8VN'),(208,10,NULL,NULL,'online','completed','paid',NULL,NULL,77.60,'2025-07-16 16:49:23','2025-08-09 08:44:23','2025-08-09 08:44:23','01K27018ZG6SW0KNWQGPZ8J1NH'),(209,10,NULL,NULL,'online','completed','paid',NULL,NULL,81.21,'2025-07-06 21:24:23','2025-08-09 08:44:23','2025-08-09 08:44:23','01K2701906SBBMG05A5XFCZVRD'),(210,10,NULL,NULL,'online','completed','paid',NULL,NULL,103.69,'2025-07-22 10:50:23','2025-08-09 08:44:23','2025-08-09 08:44:23','01K270190WJQFF1EYG1Y84R7X6'),(211,10,NULL,NULL,'online','completed','paid',NULL,NULL,77.37,'2025-06-25 05:15:23','2025-08-09 08:44:23','2025-08-09 08:44:23','01K270195DDV2H68W3ZSXQRG9C'),(212,10,NULL,NULL,'online','completed','paid',NULL,NULL,88.10,'2025-06-05 23:26:23','2025-08-09 08:44:23','2025-08-09 08:44:23','01K270195YEA22KSJJG5DS5W29'),(213,10,NULL,NULL,'online','completed','paid',NULL,NULL,68.92,'2025-05-30 22:53:23','2025-08-09 08:44:23','2025-08-09 08:44:23','01K270196KR92D4RFHA4ARN0N6'),(214,10,NULL,NULL,'online','completed','paid',NULL,NULL,16.24,'2025-05-25 16:53:23','2025-08-09 08:44:23','2025-08-09 08:44:23','01K270197H25QYRR8P24K07BKC'),(215,10,NULL,NULL,'online','completed','paid',NULL,NULL,24.80,'2025-05-29 05:22:23','2025-08-09 08:44:23','2025-08-09 08:44:23','01K270197ZMNN2JJGGW4K7VVX1'),(216,10,NULL,NULL,'online','completed','paid',NULL,NULL,40.04,'2025-07-05 19:28:23','2025-08-09 08:44:23','2025-08-09 08:44:23','01K270198BB5A393NH8QP86RYQ'),(217,10,NULL,NULL,'online','completed','paid',NULL,NULL,69.93,'2025-07-20 14:02:23','2025-08-09 08:44:23','2025-08-09 08:44:23','01K270198RMEP4JQRG44CFT3EV'),(218,10,NULL,NULL,'online','completed','paid',NULL,NULL,126.37,'2025-05-17 17:56:23','2025-08-09 08:44:23','2025-08-09 08:44:23','01K2701995SRVP7ZQVB27A737V'),(219,10,NULL,NULL,'online','completed','paid',NULL,NULL,11.16,'2025-06-02 15:50:23','2025-08-09 08:44:23','2025-08-09 08:44:23','01K270199X2T8NB0VC3DDE79GD'),(220,10,NULL,NULL,'online','completed','paid',NULL,NULL,51.01,'2025-06-23 20:47:23','2025-08-09 08:44:23','2025-08-09 08:44:23','01K27019ABWM9PTWG7183B2XTY'),(221,10,NULL,NULL,'online','completed','paid',NULL,NULL,110.75,'2025-06-06 23:40:23','2025-08-09 08:44:23','2025-08-09 08:44:23','01K27019B16RZC8S23F2H45KCQ'),(222,10,NULL,NULL,'online','completed','paid',NULL,NULL,7.06,'2025-05-24 10:35:23','2025-08-09 08:44:23','2025-08-09 08:44:23','01K27019FGN33MD3RPHZ2C34BN'),(223,10,NULL,NULL,'online','completed','paid',NULL,NULL,173.03,'2025-07-28 13:33:23','2025-08-09 08:44:23','2025-08-09 08:44:23','01K27019FXNK1C9AAXCJAQXM1Z'),(224,10,NULL,NULL,'online','completed','paid',NULL,NULL,39.55,'2025-06-28 09:00:23','2025-08-09 08:44:23','2025-08-09 08:44:23','01K27019GVWM954ZJHX29BGXPK'),(225,10,NULL,NULL,'online','completed','paid',NULL,NULL,45.28,'2025-05-31 02:21:23','2025-08-09 08:44:23','2025-08-09 08:44:23','01K27019HCG7EZN4QJM68NFQ1M'),(226,10,NULL,NULL,'online','completed','paid',NULL,NULL,101.03,'2025-05-27 01:24:23','2025-08-09 08:44:23','2025-08-09 08:44:24','01K27019HYSTK7W7QB1GJ5NMVK'),(227,10,NULL,NULL,'online','completed','paid',NULL,NULL,174.60,'2025-05-24 10:06:24','2025-08-09 08:44:24','2025-08-09 08:44:24','01K27019JKNQPQM9T2PN3KK3R7'),(228,10,NULL,NULL,'online','completed','paid',NULL,NULL,107.70,'2025-06-25 15:17:24','2025-08-09 08:44:24','2025-08-09 08:44:24','01K27019KH6X4Q8AZRT1SQPMA8'),(229,10,NULL,NULL,'online','completed','paid',NULL,NULL,9.68,'2025-05-31 16:40:24','2025-08-09 08:44:24','2025-08-09 08:44:24','01K27019MCAPPEMPDD0HRF2QB0'),(230,10,NULL,NULL,'online','completed','paid',NULL,NULL,72.81,'2025-06-28 02:17:24','2025-08-09 08:44:24','2025-08-09 08:44:24','01K27019MTK14ZTGWY8RKTJVPM'),(231,10,NULL,NULL,'online','completed','paid',NULL,NULL,60.06,'2025-06-22 19:00:24','2025-08-09 08:44:24','2025-08-09 08:44:24','01K27019N73YD6JK9HWC0DV4E9'),(232,10,NULL,NULL,'online','completed','paid',NULL,NULL,35.24,'2025-06-12 10:40:24','2025-08-09 08:44:24','2025-08-09 08:44:24','01K27019NMQC5NYCWPEVTTCE56'),(233,10,NULL,NULL,'online','completed','paid',NULL,NULL,69.45,'2025-07-05 21:54:24','2025-08-09 08:44:24','2025-08-09 08:44:24','01K27019P4NVZ37EV65QHHFM0V'),(234,10,NULL,NULL,'online','completed','paid',NULL,NULL,95.82,'2025-05-15 04:12:24','2025-08-09 08:44:24','2025-08-09 08:44:24','01K27019TA6J8TQ17S69K1AST2'),(235,10,NULL,NULL,'online','completed','paid',NULL,NULL,51.09,'2025-07-28 01:45:24','2025-08-09 08:44:24','2025-08-09 08:44:24','01K27019V1KXKH82P7TD7NXXY0'),(236,10,NULL,NULL,'online','completed','paid',NULL,NULL,72.82,'2025-06-19 17:09:24','2025-08-09 08:44:24','2025-08-09 08:44:24','01K27019VGEQWTE45XY9JTPEC0'),(237,10,NULL,NULL,'online','completed','paid',NULL,NULL,175.42,'2025-06-30 05:07:24','2025-08-09 08:44:24','2025-08-09 08:44:24','01K27019W5K98ZX8V02VNPQTDE'),(238,10,NULL,NULL,'online','completed','paid',NULL,NULL,28.89,'2025-07-28 14:29:24','2025-08-09 08:44:24','2025-08-09 08:44:24','01K27019X1801NH64G2PXYMWET'),(239,10,NULL,NULL,'online','completed','paid',NULL,NULL,101.94,'2025-06-25 02:09:24','2025-08-09 08:44:24','2025-08-09 08:44:24','01K27019XMRD7TP8CD0D796737'),(240,10,NULL,NULL,'online','completed','paid',NULL,NULL,127.30,'2025-07-07 11:09:24','2025-08-09 08:44:24','2025-08-09 08:44:24','01K27019YBZ6KNTF8AMGWP0F1E'),(241,10,NULL,NULL,'online','completed','paid',NULL,NULL,85.59,'2025-05-14 02:52:24','2025-08-09 08:44:24','2025-08-09 08:44:24','01K27019Z2QHVQGGZHSMFGQS53'),(242,10,NULL,NULL,'online','completed','paid',NULL,NULL,69.45,'2025-07-02 09:15:24','2025-08-09 08:44:24','2025-08-09 08:44:24','01K27019ZXN8J9R5T1V1X85YM2'),(243,10,NULL,NULL,'online','completed','paid',NULL,NULL,51.09,'2025-07-15 09:46:24','2025-08-09 08:44:24','2025-08-09 08:44:24','01K2701A0CTWABSB29JYJXM94A'),(244,10,NULL,NULL,'online','completed','paid',NULL,NULL,121.09,'2025-08-07 02:45:24','2025-08-09 08:44:24','2025-08-09 08:44:24','01K2701A4A2EWG3FVQDA400CB2'),(245,10,NULL,NULL,'online','completed','paid',NULL,NULL,123.69,'2025-06-12 15:35:24','2025-08-09 08:44:24','2025-08-09 08:44:24','01K2701A50R649XR610456MC5Q'),(246,10,NULL,NULL,'online','completed','paid',NULL,NULL,58.85,'2025-07-02 09:58:24','2025-08-09 08:44:24','2025-08-09 08:44:24','01K2701A5VBGNSD1SRFMY47Q53'),(247,10,NULL,NULL,'online','completed','paid',NULL,NULL,129.82,'2025-07-08 23:26:24','2025-08-09 08:44:24','2025-08-09 08:44:24','01K2701A6K87FBP1TN03C9Y40Q'),(248,10,NULL,NULL,'online','completed','paid',NULL,NULL,48.92,'2025-07-29 05:28:24','2025-08-09 08:44:24','2025-08-09 08:44:24','01K2701A7CCEWSSMRBK9KJDR46'),(249,10,NULL,NULL,'online','completed','paid',NULL,NULL,49.59,'2025-07-18 22:56:24','2025-08-09 08:44:24','2025-08-09 08:44:24','01K2701A7XNNB80BRJW265YKMJ'),(250,10,NULL,NULL,'online','completed','paid',NULL,NULL,63.06,'2025-07-03 13:47:24','2025-08-09 08:44:24','2025-08-09 08:44:24','01K2701A8FCQFTZTCB1T2S3WY3'),(251,10,NULL,NULL,'online','completed','paid',NULL,NULL,51.30,'2025-07-01 11:39:24','2025-08-09 08:44:24','2025-08-09 08:44:24','01K2701A9C2KKRSB3QWPB9EWE1'),(252,10,NULL,NULL,'online','completed','paid',NULL,NULL,101.69,'2025-06-05 21:05:24','2025-08-09 08:44:24','2025-08-09 08:44:24','01K2701A9SAH0T01KR1TN32XV4'),(253,11,NULL,NULL,'online','completed','paid',NULL,NULL,92.32,'2025-06-16 20:09:24','2025-08-09 08:44:24','2025-08-09 08:44:24','01K2701AAJXEB2RKV3782F1E0X'),(254,11,NULL,NULL,'online','completed','paid',NULL,NULL,39.64,'2025-07-04 23:23:24','2025-08-09 08:44:24','2025-08-09 08:44:24','01K2701AFAYF1CSNR6Q46M07JQ'),(255,11,NULL,NULL,'online','completed','paid',NULL,NULL,91.21,'2025-07-22 03:50:24','2025-08-09 08:44:24','2025-08-09 08:44:24','01K2701AFVQ1MTA5FF8SMVZ3W8'),(256,11,NULL,NULL,'online','completed','paid',NULL,NULL,96.43,'2025-06-03 07:48:24','2025-08-09 08:44:24','2025-08-09 08:44:24','01K2701AGQ01GCSB38QEBAAJR4'),(257,11,NULL,NULL,'online','completed','paid',NULL,NULL,32.67,'2025-07-16 03:21:25','2025-08-09 08:44:25','2025-08-09 08:44:25','01K2701AHC0ETPW6KBS34TVJRB'),(258,11,NULL,NULL,'online','completed','paid',NULL,NULL,93.89,'2025-06-02 21:02:25','2025-08-09 08:44:25','2025-08-09 08:44:25','01K2701AHYKPX4C46PZ50YWG0G'),(259,11,NULL,NULL,'online','completed','paid',NULL,NULL,7.06,'2025-06-24 13:36:25','2025-08-09 08:44:25','2025-08-09 08:44:25','01K2701AJRDAZ202T74YW966SN'),(260,11,NULL,NULL,'online','completed','paid',NULL,NULL,55.93,'2025-07-14 05:05:25','2025-08-09 08:44:25','2025-08-09 08:44:25','01K2701AK7TBB24BNYXPFXTZZG'),(261,11,NULL,NULL,'online','completed','paid',NULL,NULL,123.87,'2025-06-15 18:37:25','2025-08-09 08:44:25','2025-08-09 08:44:25','01K2701AKR5QA06CG0P5X2VRX7'),(262,11,NULL,NULL,'online','completed','paid',NULL,NULL,128.60,'2025-07-07 20:41:25','2025-08-09 08:44:25','2025-08-09 08:44:25','01K2701AMF9DSJXY6YKXBB9QW6'),(263,11,NULL,NULL,'online','completed','paid',NULL,NULL,37.20,'2025-06-22 06:29:25','2025-08-09 08:44:25','2025-08-09 08:44:25','01K2701AN9T7P4XAZF3NZMFMSX'),(264,11,NULL,NULL,'online','completed','paid',NULL,NULL,97.26,'2025-07-01 14:50:25','2025-08-09 08:44:25','2025-08-09 08:44:25','01K2701ASGHGHZ9YGRKWVJMP2V'),(265,11,NULL,NULL,'online','completed','paid',NULL,NULL,131.22,'2025-05-13 23:16:25','2025-08-09 08:44:25','2025-08-09 08:44:25','01K2701AT2C1J41DCX6C39HNJ2'),(266,11,NULL,NULL,'online','completed','paid',NULL,NULL,169.12,'2025-06-26 05:28:25','2025-08-09 08:44:25','2025-08-09 08:44:25','01K2701ATWYHDGX6KZ8T7V29V7'),(267,11,NULL,NULL,'online','completed','paid',NULL,NULL,34.20,'2025-05-17 03:45:25','2025-08-09 08:44:25','2025-08-09 08:44:25','01K2701AVPKHKQR3CXMGQ99F4T'),(268,11,NULL,NULL,'online','completed','paid',NULL,NULL,46.62,'2025-06-23 01:47:25','2025-08-09 08:44:25','2025-08-09 08:44:25','01K2701AW4CXY4XG9F2S940NSY'),(269,11,NULL,NULL,'online','completed','paid',NULL,NULL,103.13,'2025-06-18 02:13:25','2025-08-09 08:44:25','2025-08-09 08:44:25','01K2701AWK9FSVYYWK59V0GWR5'),(270,11,NULL,NULL,'online','completed','paid',NULL,NULL,13.70,'2025-06-22 17:42:25','2025-08-09 08:44:25','2025-08-09 08:44:25','01K2701AXDMNK0N4T1VGWHZQRF'),(271,11,NULL,NULL,'online','completed','paid',NULL,NULL,15.57,'2025-06-20 02:23:25','2025-08-09 08:44:25','2025-08-09 08:44:25','01K2701AXVM5NCY76V5MDTCJYT'),(272,11,NULL,NULL,'online','completed','paid',NULL,NULL,116.88,'2025-08-06 09:02:25','2025-08-09 08:44:25','2025-08-09 08:44:25','01K2701AYBAEHX14RNY9MNB3BK'),(273,11,NULL,NULL,'online','completed','paid',NULL,NULL,48.72,'2025-07-11 00:20:25','2025-08-09 08:44:25','2025-08-09 08:44:25','01K2701AZ0YGE60XD6G7H8Y03K'),(274,11,NULL,NULL,'online','completed','paid',NULL,NULL,118.47,'2025-06-14 15:17:25','2025-08-09 08:44:25','2025-08-09 08:44:25','01K2701AZGSMD8469J11EPZDP4'),(275,11,NULL,NULL,'online','completed','paid',NULL,NULL,63.64,'2025-05-28 09:58:25','2025-08-09 08:44:25','2025-08-09 08:44:25','01K2701B03A3BG68NJP87MJ3ME'),(276,11,NULL,NULL,'online','completed','paid',NULL,NULL,132.76,'2025-05-12 22:19:25','2025-08-09 08:44:25','2025-08-09 08:44:25','01K2701B3WFA3MQ2JYP4TRFAMK'),(277,11,NULL,NULL,'online','completed','paid',NULL,NULL,126.69,'2025-06-08 14:26:25','2025-08-09 08:44:25','2025-08-09 08:44:25','01K2701B4NPVQQT5CE8A4R6P3G'),(278,11,NULL,NULL,'online','completed','paid',NULL,NULL,57.48,'2025-07-17 02:03:25','2025-08-09 08:44:25','2025-08-09 08:44:25','01K2701B5DC8KGMPNHBAKPA5HK'),(279,11,NULL,NULL,'online','completed','paid',NULL,NULL,34.77,'2025-05-17 13:43:25','2025-08-09 08:44:25','2025-08-09 08:44:25','01K2701B5WGWZ6FGFAC3X90683'),(280,11,NULL,NULL,'online','completed','paid',NULL,NULL,57.62,'2025-05-12 07:28:25','2025-08-09 08:44:25','2025-08-09 08:44:25','01K2701B6JVVKMXBTEEK8MN6E9'),(281,11,NULL,NULL,'online','completed','paid',NULL,NULL,39.77,'2025-07-15 05:07:25','2025-08-09 08:44:25','2025-08-09 08:44:25','01K2701B77PVH0RVK5QSPFS4MW'),(282,11,NULL,NULL,'online','completed','paid',NULL,NULL,14.12,'2025-07-02 17:53:25','2025-08-09 08:44:25','2025-08-09 08:44:25','01K2701B7TW2R4M3V0X26D4MB2'),(283,11,NULL,NULL,'online','completed','paid',NULL,NULL,87.51,'2025-06-02 02:06:25','2025-08-09 08:44:25','2025-08-09 08:44:25','01K2701B87XRCEN26MYKRKYDJB'),(284,11,NULL,NULL,'online','completed','paid',NULL,NULL,69.98,'2025-06-03 10:14:25','2025-08-09 08:44:25','2025-08-09 08:44:25','01K2701B9272S17YNJWWS3G6DP'),(285,11,NULL,NULL,'online','completed','paid',NULL,NULL,101.69,'2025-05-27 21:47:25','2025-08-09 08:44:25','2025-08-09 08:44:25','01K2701B9M7JY0HGYKM2D39EXB'),(286,11,NULL,NULL,'online','completed','paid',NULL,NULL,34.06,'2025-07-25 09:41:25','2025-08-09 08:44:25','2025-08-09 08:44:25','01K2701BDJCWST81AZXYD0T9RF'),(287,11,NULL,NULL,'online','completed','paid',NULL,NULL,102.41,'2025-07-29 04:23:25','2025-08-09 08:44:25','2025-08-09 08:44:25','01K2701BE0AC6D3VPB9Y30Q0YW'),(288,11,NULL,NULL,'online','completed','paid',NULL,NULL,142.02,'2025-06-02 06:57:25','2025-08-09 08:44:25','2025-08-09 08:44:25','01K2701BEHDWQWQM8SF91SVW91'),(289,11,NULL,NULL,'online','completed','paid',NULL,NULL,66.30,'2025-07-21 18:54:25','2025-08-09 08:44:25','2025-08-09 08:44:25','01K2701BFE41YYYJ5NSYNVPWHA'),(290,11,NULL,NULL,'online','completed','paid',NULL,NULL,80.98,'2025-08-01 20:16:25','2025-08-09 08:44:25','2025-08-09 08:44:26','01K2701BG4BVACPHYQRSX9G9VA'),(291,11,NULL,NULL,'online','completed','paid',NULL,NULL,31.14,'2025-05-27 18:30:26','2025-08-09 08:44:26','2025-08-09 08:44:26','01K2701BGP8SYQF2Q01PPAN0NF'),(292,11,NULL,NULL,'online','completed','paid',NULL,NULL,80.32,'2025-06-03 18:12:26','2025-08-09 08:44:26','2025-08-09 08:44:26','01K2701BH6PGK4KTB7AFHE0WKD'),(293,11,NULL,NULL,'online','completed','paid',NULL,NULL,51.12,'2025-07-14 11:16:26','2025-08-09 08:44:26','2025-08-09 08:44:26','01K2701BJ2YXC874PX4C52ZBMG'),(294,11,NULL,NULL,'online','completed','paid',NULL,NULL,12.23,'2025-07-05 15:00:26','2025-08-09 08:44:26','2025-08-09 08:44:26','01K2701BJRC2E0QFQMD71NW891'),(295,11,NULL,NULL,'online','completed','paid',NULL,NULL,77.68,'2025-06-25 01:12:26','2025-08-09 08:44:26','2025-08-09 08:44:26','01K2701BK5Q3ZTK649VPDXE973'),(296,11,NULL,NULL,'online','completed','paid',NULL,NULL,31.14,'2025-06-28 07:12:26','2025-08-09 08:44:26','2025-08-09 08:44:26','01K2701BKR1P6NDJK66QPKBQ4C'),(297,11,NULL,NULL,'online','completed','paid',NULL,NULL,22.16,'2025-07-14 14:45:26','2025-08-09 08:44:26','2025-08-09 08:44:26','01K2701BM5B6G54AD2MWCJFWWC'),(298,11,NULL,NULL,'online','completed','paid',NULL,NULL,38.92,'2025-07-21 00:01:26','2025-08-09 08:44:26','2025-08-09 08:44:26','01K2701BR1D2KBDX4Y6VT28DRE'),(299,11,NULL,NULL,'online','completed','paid',NULL,NULL,118.37,'2025-06-22 15:05:26','2025-08-09 08:44:26','2025-08-09 08:44:26','01K2701BRK0H8S3M3YMV2ZVAXP'),(300,11,NULL,NULL,'online','completed','paid',NULL,NULL,23.38,'2025-08-04 04:06:26','2025-08-09 08:44:26','2025-08-09 08:44:26','01K2701BSF7Z7E5KJ5FR8GQX3G'),(301,11,NULL,NULL,'online','completed','paid',NULL,NULL,130.74,'2025-07-21 01:33:26','2025-08-09 08:44:26','2025-08-09 08:44:26','01K2701BT315DXAN9ZVQ4D6VNW'),(302,11,NULL,NULL,'online','completed','paid',NULL,NULL,20.55,'2025-08-03 00:12:26','2025-08-09 08:44:26','2025-08-09 08:44:26','01K2701BTZFCQ1P32D7ZBHHT5S'),(303,12,NULL,NULL,'online','completed','paid',NULL,NULL,102.81,'2025-06-14 09:09:26','2025-08-09 08:44:26','2025-08-09 08:44:26','01K2701BVEWBGVXH2YNSMWJ4ZA'),(304,12,NULL,NULL,'online','completed','paid',NULL,NULL,67.12,'2025-08-03 13:16:26','2025-08-09 08:44:26','2025-08-09 08:44:26','01K2701BW9709VXEYW0WJ08PF8'),(305,12,NULL,NULL,'online','completed','paid',NULL,NULL,85.53,'2025-06-28 03:03:26','2025-08-09 08:44:26','2025-08-09 08:44:26','01K2701BWTG9Y9F0SPGE9XGHMX'),(306,12,NULL,NULL,'online','completed','paid',NULL,NULL,61.81,'2025-08-07 11:13:26','2025-08-09 08:44:26','2025-08-09 08:44:26','01K2701BXCKTABWF8MRFD48JSQ'),(307,12,NULL,NULL,'online','completed','paid',NULL,NULL,145.84,'2025-07-09 22:55:26','2025-08-09 08:44:26','2025-08-09 08:44:26','01K2701BY0PMN3M2JRN1GV5TBS'),(308,12,NULL,NULL,'online','completed','paid',NULL,NULL,125.77,'2025-08-06 14:54:26','2025-08-09 08:44:26','2025-08-09 08:44:26','01K2701C1RGGVJK0S6J06DDW4E'),(309,12,NULL,NULL,'online','completed','paid',NULL,NULL,78.73,'2025-06-23 12:35:26','2025-08-09 08:44:26','2025-08-09 08:44:26','01K2701C2JE9EENMGHH2QSK0ET'),(310,12,NULL,NULL,'online','completed','paid',NULL,NULL,76.59,'2025-06-09 00:30:26','2025-08-09 08:44:26','2025-08-09 08:44:26','01K2701C3863S13D1F7AJA9T6F'),(311,12,NULL,NULL,'online','completed','paid',NULL,NULL,143.35,'2025-07-04 07:58:26','2025-08-09 08:44:26','2025-08-09 08:44:26','01K2701C4AVTZ7PZ8V78ZV42MB'),(312,12,NULL,NULL,'online','completed','paid',NULL,NULL,93.30,'2025-05-11 09:26:26','2025-08-09 08:44:26','2025-08-09 08:44:26','01K2701C52ACW38BWTWJCMAX31'),(313,12,NULL,NULL,'online','completed','paid',NULL,NULL,75.34,'2025-06-01 10:46:26','2025-08-09 08:44:26','2025-08-09 08:44:26','01K2701C5VFM8RFQVBZFHS3K4D'),(314,12,NULL,NULL,'online','completed','paid',NULL,NULL,12.23,'2025-05-12 00:28:26','2025-08-09 08:44:26','2025-08-09 08:44:26','01K2701C6EJ9KTTYN8GHCXGCD7'),(315,12,NULL,NULL,'online','completed','paid',NULL,NULL,148.99,'2025-05-16 11:51:26','2025-08-09 08:44:26','2025-08-09 08:44:26','01K2701C6T0CSSXMCHARBSE597'),(316,12,NULL,NULL,'online','completed','paid',NULL,NULL,16.08,'2025-06-17 10:35:26','2025-08-09 08:44:26','2025-08-09 08:44:26','01K2701C7MNP7V72JG6BQPVYG7'),(317,12,NULL,NULL,'online','completed','paid',NULL,NULL,69.45,'2025-07-18 12:37:26','2025-08-09 08:44:26','2025-08-09 08:44:26','01K2701CAM78KY2HKTPZ8GEA36'),(318,12,NULL,NULL,'online','completed','paid',NULL,NULL,134.86,'2025-06-21 00:13:26','2025-08-09 08:44:26','2025-08-09 08:44:26','01K2701CB2PCN4ARCAJVCFH7SJ'),(319,12,NULL,NULL,'online','completed','paid',NULL,NULL,46.71,'2025-07-12 18:24:26','2025-08-09 08:44:26','2025-08-09 08:44:26','01K2701CBZN76TVZHFSJQRA8S5'),(320,12,NULL,NULL,'online','completed','paid',NULL,NULL,119.30,'2025-05-24 18:19:26','2025-08-09 08:44:26','2025-08-09 08:44:26','01K2701CCDXG0XK51K74HG782V'),(321,12,NULL,NULL,'online','completed','paid',NULL,NULL,68.60,'2025-05-17 14:58:26','2025-08-09 08:44:26','2025-08-09 08:44:26','01K2701CD3PRAH816PEFZ6CFPS'),(322,12,NULL,NULL,'online','completed','paid',NULL,NULL,94.39,'2025-07-19 12:10:26','2025-08-09 08:44:26','2025-08-09 08:44:26','01K2701CDM75YE1ZE5HK7MC0SF'),(323,12,NULL,NULL,'online','completed','paid',NULL,NULL,82.20,'2025-07-25 15:49:26','2025-08-09 08:44:26','2025-08-09 08:44:26','01K2701CE6N5R2VK0C96MFZ82N'),(324,12,NULL,NULL,'online','completed','paid',NULL,NULL,158.81,'2025-06-03 01:01:26','2025-08-09 08:44:26','2025-08-09 08:44:27','01K2701CF3AE6HGBJQA144YE2N'),(325,12,NULL,NULL,'online','completed','paid',NULL,NULL,85.51,'2025-07-31 07:50:27','2025-08-09 08:44:27','2025-08-09 08:44:27','01K2701CG4HXVYK0E96W131XDB'),(326,12,NULL,NULL,'online','completed','paid',NULL,NULL,31.84,'2025-07-24 06:59:27','2025-08-09 08:44:27','2025-08-09 08:44:27','01K2701CH0DTJZXC0EPAAVBMXM'),(327,12,NULL,NULL,'online','completed','paid',NULL,NULL,46.71,'2025-05-14 08:21:27','2025-08-09 08:44:27','2025-08-09 08:44:27','01K2701CMEMG7WG7GPXFDSQ3XW'),(328,12,NULL,NULL,'online','completed','paid',NULL,NULL,184.40,'2025-05-10 20:37:27','2025-08-09 08:44:27','2025-08-09 08:44:27','01K2701CMW3SCJVNYZ4PG3FNKS'),(329,12,NULL,NULL,'online','completed','paid',NULL,NULL,49.58,'2025-08-08 09:56:27','2025-08-09 08:44:27','2025-08-09 08:44:27','01K2701CNS6P29VTBYGJKHWFQ6'),(330,12,NULL,NULL,'online','completed','paid',NULL,NULL,93.81,'2025-07-13 22:15:27','2025-08-09 08:44:27','2025-08-09 08:44:27','01K2701CP7KNYFGFEKDK2WB2W2'),(331,12,NULL,NULL,'online','completed','paid',NULL,NULL,131.28,'2025-07-28 22:18:27','2025-08-09 08:44:27','2025-08-09 08:44:27','01K2701CQ5ESQZRXQQEWSZ74V1'),(332,12,NULL,NULL,'online','completed','paid',NULL,NULL,72.34,'2025-06-02 05:13:27','2025-08-09 08:44:27','2025-08-09 08:44:27','01K2701CR2Y6H9C0CVZFG1WV0N'),(333,12,NULL,NULL,'online','completed','paid',NULL,NULL,40.34,'2025-06-20 18:37:27','2025-08-09 08:44:27','2025-08-09 08:44:27','01K2701CRRWTXFKY80W98GS5N5'),(334,12,NULL,NULL,'online','completed','paid',NULL,NULL,49.32,'2025-06-21 11:09:27','2025-08-09 08:44:27','2025-08-09 08:44:27','01K2701CSA16NR0JMPCHZDMHGY'),(335,12,NULL,NULL,'online','completed','paid',NULL,NULL,54.91,'2025-07-07 16:33:27','2025-08-09 08:44:27','2025-08-09 08:44:27','01K2701CT3Z2FJXD5AERHSTTGF'),(336,12,NULL,NULL,'online','completed','paid',NULL,NULL,12.23,'2025-06-06 09:50:27','2025-08-09 08:44:27','2025-08-09 08:44:27','01K2701CTTMPQ9V2D0C29119VE'),(337,12,NULL,NULL,'online','completed','paid',NULL,NULL,69.45,'2025-06-17 17:56:27','2025-08-09 08:44:27','2025-08-09 08:44:27','01K2701CXWVHWFJWHK8WX966E4'),(338,12,NULL,NULL,'online','completed','paid',NULL,NULL,85.99,'2025-06-03 01:40:27','2025-08-09 08:44:27','2025-08-09 08:44:27','01K2701CYAJ7BQGDG4088R9JNR'),(339,12,NULL,NULL,'online','completed','paid',NULL,NULL,15.57,'2025-05-31 07:24:27','2025-08-09 08:44:27','2025-08-09 08:44:27','01K2701CZ6HC5MBX9TZD83J279'),(340,12,NULL,NULL,'online','completed','paid',NULL,NULL,24.80,'2025-07-30 06:47:27','2025-08-09 08:44:27','2025-08-09 08:44:27','01K2701CZN526W9QWZZ1C9RREF'),(341,12,NULL,NULL,'online','completed','paid',NULL,NULL,54.39,'2025-06-24 13:12:27','2025-08-09 08:44:27','2025-08-09 08:44:27','01K2701D04PVGZ33GT4XJ7HNVC'),(342,12,NULL,NULL,'online','completed','paid',NULL,NULL,122.47,'2025-06-07 01:41:27','2025-08-09 08:44:27','2025-08-09 08:44:27','01K2701D0V113QRXWNN7H4XD37'),(343,12,NULL,NULL,'online','completed','paid',NULL,NULL,16.24,'2025-05-17 12:14:27','2025-08-09 08:44:27','2025-08-09 08:44:27','01K2701D1PNCTP8059NTW9FQQ8'),(344,12,NULL,NULL,'online','completed','paid',NULL,NULL,22.68,'2025-07-30 01:16:27','2025-08-09 08:44:27','2025-08-09 08:44:27','01K2701D22FQY90612MYG4D69E'),(345,12,NULL,NULL,'online','completed','paid',NULL,NULL,31.23,'2025-05-25 12:59:27','2025-08-09 08:44:27','2025-08-09 08:44:27','01K2701D2MB30KBK9RQXX4DWRV'),(346,12,NULL,NULL,'online','completed','paid',NULL,NULL,77.31,'2025-06-20 09:36:27','2025-08-09 08:44:27','2025-08-09 08:44:27','01K2701D3AZ0QESRT7E6V7YQAV'),(347,12,NULL,NULL,'online','completed','paid',NULL,NULL,58.77,'2025-07-23 19:15:27','2025-08-09 08:44:27','2025-08-09 08:44:27','01K2701D4142SY9MJHRQBGNKVB'),(348,12,NULL,NULL,'online','completed','paid',NULL,NULL,62.62,'2025-05-18 14:29:27','2025-08-09 08:44:27','2025-08-09 08:44:27','01K2701D74D6QV0REGZMV17QBP'),(349,12,NULL,NULL,'online','completed','paid',NULL,NULL,104.04,'2025-07-13 10:49:27','2025-08-09 08:44:27','2025-08-09 08:44:27','01K2701D7PVHJGNVP7B8SB1WCZ'),(350,12,NULL,NULL,'online','completed','paid',NULL,NULL,23.27,'2025-05-28 10:48:27','2025-08-09 08:44:27','2025-08-09 08:44:27','01K2701D8KPB2VQN26HAJSD82P'),(351,12,NULL,NULL,'online','completed','paid',NULL,NULL,11.16,'2025-07-17 06:47:27','2025-08-09 08:44:27','2025-08-09 08:44:27','01K2701D90VRR2EZXVNBJ01KJ0'),(352,12,NULL,NULL,'online','completed','paid',NULL,NULL,85.53,'2025-06-01 18:04:27','2025-08-09 08:44:27','2025-08-09 08:44:27','01K2701D9DMF7WYGTDG9M4GRAW'),(353,13,NULL,NULL,'online','completed','paid',NULL,NULL,86.86,'2025-07-30 02:04:27','2025-08-09 08:44:27','2025-08-09 08:44:27','01K2701DA0H5Y3EFQTCS3BWHQ1'),(354,13,NULL,NULL,'online','completed','paid',NULL,NULL,48.20,'2025-05-18 11:52:27','2025-08-09 08:44:27','2025-08-09 08:44:27','01K2701DAHGTXDZYP9RH1QNKT0'),(355,13,NULL,NULL,'online','completed','paid',NULL,NULL,46.54,'2025-05-18 10:32:27','2025-08-09 08:44:27','2025-08-09 08:44:27','01K2701DB3Z4C1E3G86G5MTQS2'),(356,13,NULL,NULL,'online','completed','paid',NULL,NULL,127.83,'2025-07-14 06:35:27','2025-08-09 08:44:27','2025-08-09 08:44:27','01K2701DBV5CYQ08E7NA3DE5YC'),(357,13,NULL,NULL,'online','completed','paid',NULL,NULL,28.73,'2025-07-16 01:14:27','2025-08-09 08:44:27','2025-08-09 08:44:27','01K2701DCMQKJ3H3XY6KQZ60XM'),(358,13,NULL,NULL,'online','completed','paid',NULL,NULL,103.43,'2025-07-26 05:08:27','2025-08-09 08:44:27','2025-08-09 08:44:27','01K2701DD595P4R4J5TDR5QE0Y'),(359,13,NULL,NULL,'online','completed','paid',NULL,NULL,54.75,'2025-06-19 18:02:28','2025-08-09 08:44:28','2025-08-09 08:44:28','01K2701DGHV3G4AJCBTC0NRY93'),(360,13,NULL,NULL,'online','completed','paid',NULL,NULL,86.26,'2025-07-16 17:40:28','2025-08-09 08:44:28','2025-08-09 08:44:28','01K2701DH60GV562HQX4HBKK26'),(361,13,NULL,NULL,'online','completed','paid',NULL,NULL,144.03,'2025-06-21 09:09:28','2025-08-09 08:44:28','2025-08-09 08:44:28','01K2701DJ0M0YNGFWR5RF22WNK'),(362,13,NULL,NULL,'online','completed','paid',NULL,NULL,56.89,'2025-08-08 10:25:28','2025-08-09 08:44:28','2025-08-09 08:44:28','01K2701DJNVPPFXWGEB0Z2KH85'),(363,13,NULL,NULL,'online','completed','paid',NULL,NULL,42.24,'2025-06-28 06:02:28','2025-08-09 08:44:28','2025-08-09 08:44:28','01K2701DM25NCARWAQBSDVEW2M'),(364,13,NULL,NULL,'online','completed','paid',NULL,NULL,67.38,'2025-05-29 10:43:28','2025-08-09 08:44:28','2025-08-09 08:44:28','01K2701DMK5K59W8H07D58FST0'),(365,13,NULL,NULL,'online','completed','paid',NULL,NULL,6.85,'2025-07-10 03:14:28','2025-08-09 08:44:28','2025-08-09 08:44:28','01K2701DN9R7M70VTQ6D6BEY9Y'),(366,13,NULL,NULL,'online','completed','paid',NULL,NULL,53.70,'2025-08-02 15:42:28','2025-08-09 08:44:28','2025-08-09 08:44:28','01K2701DNQFC3XVPTFTHBB2NKE'),(367,13,NULL,NULL,'online','completed','paid',NULL,NULL,94.04,'2025-07-23 17:20:28','2025-08-09 08:44:28','2025-08-09 08:44:28','01K2701DP892KNTZW3MXPMA80V'),(368,13,NULL,NULL,'online','completed','paid',NULL,NULL,75.23,'2025-07-20 02:00:28','2025-08-09 08:44:28','2025-08-09 08:44:28','01K2701DQ2FJ54S93ZJRNBXK07'),(369,13,NULL,NULL,'online','completed','paid',NULL,NULL,107.04,'2025-05-25 16:33:28','2025-08-09 08:44:28','2025-08-09 08:44:28','01K2701DQPNN1TJEYVJ1WT0FPT'),(370,13,NULL,NULL,'online','completed','paid',NULL,NULL,100.20,'2025-06-02 10:47:28','2025-08-09 08:44:28','2025-08-09 08:44:28','01K2701DRGEK0VNQBWA0JGZFM6'),(371,13,NULL,NULL,'online','completed','paid',NULL,NULL,148.38,'2025-07-05 09:30:28','2025-08-09 08:44:28','2025-08-09 08:44:28','01K2701DSBSR8EG0R3Q34VVHBV'),(372,13,NULL,NULL,'online','completed','paid',NULL,NULL,23.27,'2025-05-16 11:13:28','2025-08-09 08:44:28','2025-08-09 08:44:28','01K2701DTAY8PB0N0ZY8FHH62F'),(373,13,NULL,NULL,'online','completed','paid',NULL,NULL,167.01,'2025-05-17 00:30:31','2025-08-09 08:44:31','2025-08-09 08:44:31','01K2701H5PB0R5Q9THY400G3KD'),(374,13,NULL,NULL,'online','completed','paid',NULL,NULL,94.12,'2025-08-06 00:08:31','2025-08-09 08:44:31','2025-08-09 08:44:31','01K2701H6GA1V09BRRQYG7YP11'),(375,13,NULL,NULL,'online','completed','paid',NULL,NULL,24.79,'2025-05-13 18:00:31','2025-08-09 08:44:31','2025-08-09 08:44:31','01K2701H7BCJZFYDX8ZV4STCEN'),(376,13,NULL,NULL,'online','completed','paid',NULL,NULL,7.06,'2025-07-06 10:15:31','2025-08-09 08:44:31','2025-08-09 08:44:31','01K2701H7TNABXJ0BY87EEWQNW'),(377,13,NULL,NULL,'online','completed','paid',NULL,NULL,101.11,'2025-07-01 20:33:31','2025-08-09 08:44:31','2025-08-09 08:44:31','01K2701H87SZ6K3YP547FV9HET'),(378,13,NULL,NULL,'online','completed','paid',NULL,NULL,52.08,'2025-08-04 18:00:31','2025-08-09 08:44:31','2025-08-09 08:44:31','01K2701H92J2E5HM6WB5TC5J3J'),(379,13,NULL,NULL,'online','completed','paid',NULL,NULL,51.56,'2025-06-05 07:16:31','2025-08-09 08:44:31','2025-08-09 08:44:31','01K2701H9RC13NQQ1C19DT10GM'),(380,13,NULL,NULL,'online','completed','paid',NULL,NULL,71.29,'2025-06-27 19:51:31','2025-08-09 08:44:31','2025-08-09 08:44:31','01K2701HAF6TZ7Y968P4A4N8F2'),(381,13,NULL,NULL,'online','completed','paid',NULL,NULL,17.10,'2025-08-02 20:31:31','2025-08-09 08:44:31','2025-08-09 08:44:31','01K2701HBBJVPMQQ4R8KFN3GE6'),(382,13,NULL,NULL,'online','completed','paid',NULL,NULL,106.74,'2025-07-21 22:59:31','2025-08-09 08:44:31','2025-08-09 08:44:32','01K2701HBS4A6CHABMX40HE1FC'),(383,13,NULL,NULL,'online','completed','paid',NULL,NULL,46.62,'2025-05-14 15:25:32','2025-08-09 08:44:32','2025-08-09 08:44:32','01K2701HFSCXW93JNTDCPKNMYP'),(384,13,NULL,NULL,'online','completed','paid',NULL,NULL,149.31,'2025-05-27 17:56:32','2025-08-09 08:44:32','2025-08-09 08:44:32','01K2701HG6CV93Y5FEX9YB8AJZ'),(385,13,NULL,NULL,'online','completed','paid',NULL,NULL,116.72,'2025-05-23 13:01:32','2025-08-09 08:44:32','2025-08-09 08:44:32','01K2701HH02K0J3BF83ZQ5X389'),(386,13,NULL,NULL,'online','completed','paid',NULL,NULL,44.88,'2025-06-16 17:59:32','2025-08-09 08:44:32','2025-08-09 08:44:32','01K2701HHWQB1JEHYNESWAM68C'),(387,13,NULL,NULL,'online','completed','paid',NULL,NULL,80.84,'2025-07-19 22:25:32','2025-08-09 08:44:32','2025-08-09 08:44:32','01K2701HJJSVG58JAMJGW03RJZ'),(388,13,NULL,NULL,'online','completed','paid',NULL,NULL,49.58,'2025-05-12 18:31:32','2025-08-09 08:44:32','2025-08-09 08:44:32','01K2701HK9NDGJAE7SV6MH1DN9'),(389,13,NULL,NULL,'online','completed','paid',NULL,NULL,100.25,'2025-07-28 08:31:32','2025-08-09 08:44:32','2025-08-09 08:44:32','01K2701HKPRR86FAJQCFTNCW8J'),(390,13,NULL,NULL,'online','completed','paid',NULL,NULL,69.45,'2025-06-12 09:48:32','2025-08-09 08:44:32','2025-08-09 08:44:32','01K2701HMMNQNGT11RD7PCQTNS'),(391,13,NULL,NULL,'online','completed','paid',NULL,NULL,96.82,'2025-05-17 18:29:32','2025-08-09 08:44:32','2025-08-09 08:44:32','01K2701HN1VHV66T64M334GTWJ'),(392,13,NULL,NULL,'online','completed','paid',NULL,NULL,180.51,'2025-07-07 03:52:32','2025-08-09 08:44:32','2025-08-09 08:44:32','01K2701HNWEN5MHQRVKSQNFS77'),(393,13,NULL,NULL,'online','completed','paid',NULL,NULL,12.23,'2025-07-12 12:47:32','2025-08-09 08:44:32','2025-08-09 08:44:32','01K2701HSW0RSB8AN6E7C13S7W'),(394,13,NULL,NULL,'online','completed','paid',NULL,NULL,62.42,'2025-05-16 15:06:32','2025-08-09 08:44:32','2025-08-09 08:44:32','01K2701HTCKBD5WRTVYXPZZ3DQ'),(395,13,NULL,NULL,'online','completed','paid',NULL,NULL,63.70,'2025-07-01 01:05:32','2025-08-09 08:44:32','2025-08-09 08:44:32','01K2701HTY98TQJ6BW3X8NWTPA'),(396,13,NULL,NULL,'online','completed','paid',NULL,NULL,141.54,'2025-07-31 14:11:32','2025-08-09 08:44:32','2025-08-09 08:44:32','01K2701HVHD91Z8GFS5HVKP2H0'),(397,13,NULL,NULL,'online','completed','paid',NULL,NULL,9.68,'2025-08-09 02:52:32','2025-08-09 08:44:32','2025-08-09 08:44:32','01K2701HWA63MEBGXN7C5328JM'),(398,13,NULL,NULL,'online','completed','paid',NULL,NULL,19.16,'2025-05-30 00:35:32','2025-08-09 08:44:32','2025-08-09 08:44:32','01K2701HWT3315YRX955VCJM0Z'),(399,13,NULL,NULL,'online','completed','paid',NULL,NULL,85.71,'2025-07-04 01:54:32','2025-08-09 08:44:32','2025-08-09 08:44:32','01K2701HX8TMTSHW8H71YC7WP3'),(400,13,NULL,NULL,'online','completed','paid',NULL,NULL,108.25,'2025-05-14 03:04:32','2025-08-09 08:44:32','2025-08-09 08:44:32','01K2701HY20J32K546EK505XQF'),(401,13,NULL,NULL,'online','completed','paid',NULL,NULL,44.48,'2025-07-26 12:01:32','2025-08-09 08:44:32','2025-08-09 08:44:32','01K2701HYK4QF0JNRGRNX2XRD6'),(402,13,NULL,NULL,'online','completed','paid',NULL,NULL,60.06,'2025-06-10 00:00:32','2025-08-09 08:44:32','2025-08-09 08:44:32','01K2701HZ8NHAQM9HW7G3HKRMH'),(403,14,NULL,NULL,'online','completed','paid',NULL,NULL,35.50,'2025-06-03 00:38:32','2025-08-09 08:44:32','2025-08-09 08:44:32','01K2701HZRGGKW16XFJV5E76WR'),(404,14,NULL,NULL,'online','completed','paid',NULL,NULL,124.03,'2025-07-17 08:23:32','2025-08-09 08:44:32','2025-08-09 08:44:32','01K2701J0BCRXMDZM8GWVDZT31'),(405,14,NULL,NULL,'online','completed','paid',NULL,NULL,60.06,'2025-06-25 12:00:32','2025-08-09 08:44:32','2025-08-09 08:44:32','01K2701J46SCAV78C010QNMGC5'),(406,14,NULL,NULL,'online','completed','paid',NULL,NULL,78.70,'2025-06-03 10:54:32','2025-08-09 08:44:32','2025-08-09 08:44:32','01K2701J4JDVSXYDZTMR5TXDXA'),(407,14,NULL,NULL,'online','completed','paid',NULL,NULL,133.94,'2025-06-22 15:09:32','2025-08-09 08:44:32','2025-08-09 08:44:32','01K2701J58MACBQAX6D9PE7GVP'),(408,14,NULL,NULL,'online','completed','paid',NULL,NULL,17.10,'2025-07-21 13:30:32','2025-08-09 08:44:32','2025-08-09 08:44:32','01K2701J65WBVP29PGEQN7C83B'),(409,14,NULL,NULL,'online','completed','paid',NULL,NULL,13.70,'2025-06-10 20:50:32','2025-08-09 08:44:32','2025-08-09 08:44:32','01K2701J6H7BYSM97ZF32D157B'),(410,14,NULL,NULL,'online','completed','paid',NULL,NULL,38.72,'2025-08-07 19:57:32','2025-08-09 08:44:32','2025-08-09 08:44:32','01K2701J70C1PXHEB6HVVRXGN9'),(411,14,NULL,NULL,'online','completed','paid',NULL,NULL,40.04,'2025-06-29 02:53:32','2025-08-09 08:44:32','2025-08-09 08:44:32','01K2701J7H0D6VMZF15X3XTFZH'),(412,14,NULL,NULL,'online','completed','paid',NULL,NULL,66.19,'2025-07-08 20:21:32','2025-08-09 08:44:32','2025-08-09 08:44:32','01K2701J7Y4K2XT2DHAJ3DH4BN'),(413,14,NULL,NULL,'online','completed','paid',NULL,NULL,71.85,'2025-06-09 00:01:32','2025-08-09 08:44:32','2025-08-09 08:44:32','01K2701J8PV3AM1YYJ6W72T7VQ'),(414,14,NULL,NULL,'online','completed','paid',NULL,NULL,136.05,'2025-05-18 06:37:32','2025-08-09 08:44:32','2025-08-09 08:44:32','01K2701J98KPG5JXA2EWN7VC3Q'),(415,14,NULL,NULL,'online','completed','paid',NULL,NULL,25.65,'2025-05-16 21:13:33','2025-08-09 08:44:33','2025-08-09 08:44:33','01K2701JD0Z224ABDFZM72NZFT'),(416,14,NULL,NULL,'online','completed','paid',NULL,NULL,92.92,'2025-06-15 08:26:33','2025-08-09 08:44:33','2025-08-09 08:44:33','01K2701JDEK3K1VJGSFX27WN82'),(417,14,NULL,NULL,'online','completed','paid',NULL,NULL,18.22,'2025-06-01 03:01:33','2025-08-09 08:44:33','2025-08-09 08:44:33','01K2701JE2EYPQ9EC34PM69WCK'),(418,14,NULL,NULL,'online','completed','paid',NULL,NULL,12.23,'2025-07-08 03:37:33','2025-08-09 08:44:33','2025-08-09 08:44:33','01K2701JEPT8WQWX3TVGSHBK0H'),(419,14,NULL,NULL,'online','completed','paid',NULL,NULL,108.05,'2025-05-30 02:12:33','2025-08-09 08:44:33','2025-08-09 08:44:33','01K2701JF2E1ZYF03Z6R87NYSQ'),(420,14,NULL,NULL,'online','completed','paid',NULL,NULL,164.38,'2025-06-22 20:41:33','2025-08-09 08:44:33','2025-08-09 08:44:33','01K2701JFWCQ67C2A9DF4HGKE8'),(421,14,NULL,NULL,'online','completed','paid',NULL,NULL,76.78,'2025-08-04 07:35:33','2025-08-09 08:44:33','2025-08-09 08:44:33','01K2701JGSMHR8GG9CNTTTFZN1'),(422,14,NULL,NULL,'online','completed','paid',NULL,NULL,43.54,'2025-06-11 23:07:33','2025-08-09 08:44:33','2025-08-09 08:44:33','01K2701JHE09ZK9EPYFC4BFRNV'),(423,14,NULL,NULL,'online','completed','paid',NULL,NULL,56.19,'2025-05-21 12:37:33','2025-08-09 08:44:33','2025-08-09 08:44:33','01K2701JHZ598YW1VEFTCSXNHC'),(424,14,NULL,NULL,'online','completed','paid',NULL,NULL,51.09,'2025-07-23 16:53:33','2025-08-09 08:44:33','2025-08-09 08:44:33','01K2701JJDPQ3Q2JNPVJ8VPGJZ'),(425,14,NULL,NULL,'online','completed','paid',NULL,NULL,81.02,'2025-07-19 23:43:33','2025-08-09 08:44:33','2025-08-09 08:44:33','01K2701JJT970NG3E6M8T4QHH1'),(426,14,NULL,NULL,'online','completed','paid',NULL,NULL,83.09,'2025-06-30 02:31:33','2025-08-09 08:44:33','2025-08-09 08:44:33','01K2701JKGDZNYAPRRRJBFWP31'),(427,14,NULL,NULL,'online','completed','paid',NULL,NULL,28.47,'2025-05-10 12:51:33','2025-08-09 08:44:33','2025-08-09 08:44:33','01K2701JPXGNXV1A2Z4987BKPE'),(428,14,NULL,NULL,'online','completed','paid',NULL,NULL,32.31,'2025-06-13 23:36:33','2025-08-09 08:44:33','2025-08-09 08:44:33','01K2701JQFK4V5M24DVF23VPGD'),(429,14,NULL,NULL,'online','completed','paid',NULL,NULL,146.98,'2025-07-31 00:36:33','2025-08-09 08:44:33','2025-08-09 08:44:33','01K2701JR0SNGGB8NTYTCG9YZ1'),(430,14,NULL,NULL,'online','completed','paid',NULL,NULL,48.54,'2025-07-10 07:04:33','2025-08-09 08:44:33','2025-08-09 08:44:33','01K2701JRTAM99B6NZ1ZXTQXB1'),(431,14,NULL,NULL,'online','completed','paid',NULL,NULL,47.54,'2025-06-13 02:54:33','2025-08-09 08:44:33','2025-08-09 08:44:33','01K2701JS9Q2HVNN17TWBPQ51N'),(432,14,NULL,NULL,'online','completed','paid',NULL,NULL,84.86,'2025-07-22 01:51:33','2025-08-09 08:44:33','2025-08-09 08:44:33','01K2701JSWE24X879F2DHHY5V8'),(433,14,NULL,NULL,'online','completed','paid',NULL,NULL,161.08,'2025-07-26 02:44:33','2025-08-09 08:44:33','2025-08-09 08:44:33','01K2701JTDGBEG8RYBVEYSHA17'),(434,14,NULL,NULL,'online','completed','paid',NULL,NULL,169.46,'2025-05-27 13:57:33','2025-08-09 08:44:33','2025-08-09 08:44:33','01K2701JV8JC762CXFQNW1FD7C'),(435,14,NULL,NULL,'online','completed','paid',NULL,NULL,47.46,'2025-07-10 22:16:33','2025-08-09 08:44:33','2025-08-09 08:44:33','01K2701JW4BQBZ7FY4NMM5KZ5T'),(436,14,NULL,NULL,'online','completed','paid',NULL,NULL,62.26,'2025-07-30 11:54:33','2025-08-09 08:44:33','2025-08-09 08:44:33','01K2701JWVW1HZ54RWTXKXBQTS'),(437,14,NULL,NULL,'online','completed','paid',NULL,NULL,151.87,'2025-08-03 09:32:33','2025-08-09 08:44:33','2025-08-09 08:44:33','01K2701K01NM5PA3M2TM08ATC5'),(438,14,NULL,NULL,'online','completed','paid',NULL,NULL,26.71,'2025-06-15 21:26:33','2025-08-09 08:44:33','2025-08-09 08:44:33','01K2701K0RAR66VG3YDDRWSCWA'),(439,14,NULL,NULL,'online','completed','paid',NULL,NULL,23.95,'2025-07-03 07:30:33','2025-08-09 08:44:33','2025-08-09 08:44:33','01K2701K1BYP4X5XT2RQTREBC6'),(440,14,NULL,NULL,'online','completed','paid',NULL,NULL,46.24,'2025-06-27 19:24:33','2025-08-09 08:44:33','2025-08-09 08:44:33','01K2701K1Z39CS5N28W42Z0MJP'),(441,14,NULL,NULL,'online','completed','paid',NULL,NULL,57.46,'2025-07-16 13:37:33','2025-08-09 08:44:33','2025-08-09 08:44:33','01K2701K2Q0NHB9ZRF4R8ZSZZR'),(442,14,NULL,NULL,'online','completed','paid',NULL,NULL,116.45,'2025-07-15 17:30:33','2025-08-09 08:44:33','2025-08-09 08:44:33','01K2701K3839GF47SHAQ59MKCR'),(443,14,NULL,NULL,'online','completed','paid',NULL,NULL,164.82,'2025-06-22 00:42:33','2025-08-09 08:44:33','2025-08-09 08:44:33','01K2701K42ZS0R552EMZQ54392'),(444,14,NULL,NULL,'online','completed','paid',NULL,NULL,24.46,'2025-08-04 11:24:33','2025-08-09 08:44:33','2025-08-09 08:44:33','01K2701K51PJ8J1BQBN714D52N'),(445,14,NULL,NULL,'online','completed','paid',NULL,NULL,27.97,'2025-07-05 20:55:33','2025-08-09 08:44:33','2025-08-09 08:44:33','01K2701K5FEM61GHER9188F3ZZ'),(446,14,NULL,NULL,'online','completed','paid',NULL,NULL,53.96,'2025-07-23 09:56:33','2025-08-09 08:44:33','2025-08-09 08:44:33','01K2701K62REY64D1MKJ3TG4KN'),(447,14,NULL,NULL,'online','completed','paid',NULL,NULL,51.30,'2025-08-04 06:30:33','2025-08-09 08:44:33','2025-08-09 08:44:33','01K2701K9AJ1ZXXS7MENY1J1M0'),(448,14,NULL,NULL,'online','completed','paid',NULL,NULL,89.79,'2025-08-01 11:56:33','2025-08-09 08:44:33','2025-08-09 08:44:33','01K2701K9QMQ4FEQSTF74CSH0V'),(449,14,NULL,NULL,'online','completed','paid',NULL,NULL,60.06,'2025-07-24 07:25:34','2025-08-09 08:44:34','2025-08-09 08:44:34','01K2701KAJ3G10B80EFJ4BBC0B'),(450,14,NULL,NULL,'online','completed','paid',NULL,NULL,126.00,'2025-08-07 06:39:34','2025-08-09 08:44:34','2025-08-09 08:44:34','01K2701KAZE9Z5T1QY38QPP3VK'),(451,14,NULL,NULL,'online','completed','paid',NULL,NULL,153.08,'2025-06-26 10:43:34','2025-08-09 08:44:34','2025-08-09 08:44:34','01K2701KBHT1YKJ6G4CYD5Y1S9'),(452,14,NULL,NULL,'online','completed','paid',NULL,NULL,11.16,'2025-07-09 11:26:34','2025-08-09 08:44:34','2025-08-09 08:44:34','01K2701KCFX6F8WGSP6SBH4EEE'),(453,15,NULL,NULL,'online','completed','paid',NULL,NULL,74.37,'2025-06-13 06:28:34','2025-08-09 08:44:34','2025-08-09 08:44:34','01K2701KCW584M3MKK8VZE28G2'),(454,15,NULL,NULL,'online','completed','paid',NULL,NULL,101.52,'2025-07-03 10:42:34','2025-08-09 08:44:34','2025-08-09 08:44:34','01K2701KDCA2EE054E7QFJXBQ1'),(455,15,NULL,NULL,'online','completed','paid',NULL,NULL,37.46,'2025-07-14 18:20:34','2025-08-09 08:44:34','2025-08-09 08:44:34','01K2701KE4K598YGFZF8BDM3W7'),(456,15,NULL,NULL,'online','completed','paid',NULL,NULL,64.31,'2025-07-14 01:48:34','2025-08-09 08:44:34','2025-08-09 08:44:34','01K2701KEJ9FAZES4P6WAZZZ7K'),(457,15,NULL,NULL,'online','completed','paid',NULL,NULL,48.54,'2025-06-27 13:17:34','2025-08-09 08:44:34','2025-08-09 08:44:34','01K2701KF4WWZQZMJA1WBH4339'),(458,15,NULL,NULL,'online','completed','paid',NULL,NULL,58.09,'2025-07-03 15:36:34','2025-08-09 08:44:34','2025-08-09 08:44:34','01K2701KFH69DETTKE76EWKWGZ'),(459,15,NULL,NULL,'online','completed','paid',NULL,NULL,76.81,'2025-07-17 12:05:34','2025-08-09 08:44:34','2025-08-09 08:44:34','01K2701KK85VSZ9SWX714CFP9X'),(460,15,NULL,NULL,'online','completed','paid',NULL,NULL,30.86,'2025-05-31 14:36:34','2025-08-09 08:44:34','2025-08-09 08:44:34','01K2701KM4XVSYEV1XMB09R1WV'),(461,15,NULL,NULL,'online','completed','paid',NULL,NULL,6.85,'2025-07-25 04:45:34','2025-08-09 08:44:34','2025-08-09 08:44:34','01K2701KMPRNRQMYG7DEA64BE3'),(462,15,NULL,NULL,'online','completed','paid',NULL,NULL,63.25,'2025-06-11 06:51:34','2025-08-09 08:44:34','2025-08-09 08:44:34','01K2701KN5K94FKHMN9PAHAAY4'),(463,15,NULL,NULL,'online','completed','paid',NULL,NULL,61.22,'2025-08-07 07:40:34','2025-08-09 08:44:34','2025-08-09 08:44:34','01K2701KNTYT000NJZ4F7BD416'),(464,15,NULL,NULL,'online','completed','paid',NULL,NULL,74.66,'2025-05-14 05:51:34','2025-08-09 08:44:34','2025-08-09 08:44:34','01K2701KPHGWGQ7EDTXTSWH7CC'),(465,15,NULL,NULL,'online','completed','paid',NULL,NULL,108.34,'2025-07-16 20:22:34','2025-08-09 08:44:34','2025-08-09 08:44:34','01K2701KQ2GCEM1FRDFB66CEDC'),(466,15,NULL,NULL,'online','completed','paid',NULL,NULL,164.76,'2025-06-16 22:05:34','2025-08-09 08:44:34','2025-08-09 08:44:34','01K2701KQWMR954WQV2MF30SSB'),(467,15,NULL,NULL,'online','completed','paid',NULL,NULL,31.52,'2025-07-16 11:08:34','2025-08-09 08:44:34','2025-08-09 08:44:34','01K2701KRJHB1YFC2K9T2SC11M'),(468,15,NULL,NULL,'online','completed','paid',NULL,NULL,119.10,'2025-07-01 06:49:34','2025-08-09 08:44:34','2025-08-09 08:44:34','01K2701KS6ZWYQ96YG4D62WDYQ'),(469,15,NULL,NULL,'online','completed','paid',NULL,NULL,250.90,'2025-06-10 01:59:34','2025-08-09 08:44:34','2025-08-09 08:44:34','01K2701KWJS3ZXWP3HWV3JAVK5'),(470,15,NULL,NULL,'online','completed','paid',NULL,NULL,101.46,'2025-08-03 21:13:34','2025-08-09 08:44:34','2025-08-09 08:44:34','01K2701KXF5VKG7NKQ0CZWK1X5'),(471,15,NULL,NULL,'online','completed','paid',NULL,NULL,56.19,'2025-05-10 09:31:34','2025-08-09 08:44:34','2025-08-09 08:44:34','01K2701KYCE3WN4WHSXSB7331R'),(472,15,NULL,NULL,'online','completed','paid',NULL,NULL,56.19,'2025-05-24 15:22:34','2025-08-09 08:44:34','2025-08-09 08:44:34','01K2701KYRGMZNCZG3EN1PX66J'),(473,15,NULL,NULL,'online','completed','paid',NULL,NULL,53.47,'2025-07-23 14:16:34','2025-08-09 08:44:34','2025-08-09 08:44:34','01K2701KZ51SAG9ZG9BDGS904F'),(474,15,NULL,NULL,'online','completed','paid',NULL,NULL,41.37,'2025-08-08 23:48:34','2025-08-09 08:44:34','2025-08-09 08:44:34','01K2701KZQ9D8JVFBQJP785JTW'),(475,15,NULL,NULL,'online','completed','paid',NULL,NULL,84.39,'2025-07-13 08:02:34','2025-08-09 08:44:34','2025-08-09 08:44:34','01K2701M0ARTQA35D83F5R80FX'),(476,15,NULL,NULL,'online','completed','paid',NULL,NULL,59.85,'2025-08-05 00:33:34','2025-08-09 08:44:34','2025-08-09 08:44:34','01K2701M120TFRBEG2Y1DM70NF'),(477,15,NULL,NULL,'online','completed','paid',NULL,NULL,93.01,'2025-05-19 22:04:34','2025-08-09 08:44:34','2025-08-09 08:44:34','01K2701M1NATQMER75Z3TYPBHT'),(478,15,NULL,NULL,'online','completed','paid',NULL,NULL,58.06,'2025-07-23 21:19:34','2025-08-09 08:44:34','2025-08-09 08:44:34','01K2701M27ZZ4BNPP71H20JK6G'),(479,15,NULL,NULL,'online','completed','paid',NULL,NULL,49.58,'2025-07-22 11:14:34','2025-08-09 08:44:34','2025-08-09 08:44:34','01K2701M5KAQ6GB6M2MV5T3BT8'),(480,15,NULL,NULL,'online','completed','paid',NULL,NULL,29.04,'2025-07-05 03:10:34','2025-08-09 08:44:34','2025-08-09 08:44:34','01K2701M644T1TDRPC58Y7DVST'),(481,15,NULL,NULL,'online','completed','paid',NULL,NULL,47.10,'2025-06-13 03:01:34','2025-08-09 08:44:34','2025-08-09 08:44:34','01K2701M6HZCKNTJ23AD13QB99'),(482,15,NULL,NULL,'online','completed','paid',NULL,NULL,59.62,'2025-07-07 10:12:34','2025-08-09 08:44:34','2025-08-09 08:44:34','01K2701M71NN3X6KMAYC8MVHW7'),(483,15,NULL,NULL,'online','completed','paid',NULL,NULL,141.46,'2025-08-08 19:30:34','2025-08-09 08:44:34','2025-08-09 08:44:34','01K2701M7PG3SFV3JZAZD3KX7F'),(484,15,NULL,NULL,'online','completed','paid',NULL,NULL,37.20,'2025-06-15 10:55:34','2025-08-09 08:44:34','2025-08-09 08:44:34','01K2701M8GTVK0GCKEJJEA294S'),(485,15,NULL,NULL,'online','completed','paid',NULL,NULL,81.95,'2025-06-18 23:08:34','2025-08-09 08:44:34','2025-08-09 08:44:34','01K2701M90JFG50VFA7XVA7GM6'),(486,15,NULL,NULL,'online','completed','paid',NULL,NULL,48.91,'2025-07-22 22:42:34','2025-08-09 08:44:34','2025-08-09 08:44:35','01K2701M9QB6DBJSX7B1AD59X7'),(487,15,NULL,NULL,'online','completed','paid',NULL,NULL,15.57,'2025-06-13 08:25:35','2025-08-09 08:44:35','2025-08-09 08:44:35','01K2701MA8FSRW7CFQKCHSZGSF'),(488,15,NULL,NULL,'online','completed','paid',NULL,NULL,75.41,'2025-05-15 00:46:35','2025-08-09 08:44:35','2025-08-09 08:44:35','01K2701MAQ9MCRHQ175SJF3STA'),(489,15,NULL,NULL,'online','completed','paid',NULL,NULL,100.03,'2025-06-29 12:22:35','2025-08-09 08:44:35','2025-08-09 08:44:35','01K2701MBD1PNMG4CA6MKM11RP'),(490,15,NULL,NULL,'online','completed','paid',NULL,NULL,105.29,'2025-07-06 15:19:35','2025-08-09 08:44:35','2025-08-09 08:44:35','01K2701MEXMK2A9DY9P8KY25MY'),(491,15,NULL,NULL,'online','completed','paid',NULL,NULL,7.06,'2025-07-22 09:24:35','2025-08-09 08:44:35','2025-08-09 08:44:35','01K2701MFE6JY7EK4Q6KWYDPFA'),(492,15,NULL,NULL,'online','completed','paid',NULL,NULL,7.06,'2025-07-24 19:47:35','2025-08-09 08:44:35','2025-08-09 08:44:35','01K2701MFVYB7Q2GS47TJN8DFV'),(493,15,NULL,NULL,'online','completed','paid',NULL,NULL,20.02,'2025-07-27 10:01:35','2025-08-09 08:44:35','2025-08-09 08:44:35','01K2701MG896YFDPRH8JDC4C7Q'),(494,15,NULL,NULL,'online','completed','paid',NULL,NULL,61.19,'2025-06-29 09:36:35','2025-08-09 08:44:35','2025-08-09 08:44:35','01K2701MGM3RQMF33GXB8PWZ93'),(495,15,NULL,NULL,'online','completed','paid',NULL,NULL,102.74,'2025-05-21 07:40:35','2025-08-09 08:44:35','2025-08-09 08:44:35','01K2701MHH62N8ABP7GQF8SHX7'),(496,15,NULL,NULL,'online','completed','paid',NULL,NULL,178.77,'2025-07-03 18:48:35','2025-08-09 08:44:35','2025-08-09 08:44:35','01K2701MJCMGQW6BZV2VF3N7RN'),(497,15,NULL,NULL,'online','completed','paid',NULL,NULL,24.12,'2025-06-06 08:56:35','2025-08-09 08:44:35','2025-08-09 08:44:35','01K2701MK60NYG27A1WP8NMBZ9'),(498,15,NULL,NULL,'online','completed','paid',NULL,NULL,38.32,'2025-07-14 20:33:35','2025-08-09 08:44:35','2025-08-09 08:44:35','01K2701MKNSD2X9Z24FK0RSNE5'),(499,15,NULL,NULL,'online','completed','paid',NULL,NULL,117.62,'2025-07-04 17:48:35','2025-08-09 08:44:35','2025-08-09 08:44:35','01K2701MM4TEHKSKKN96J8JHKZ'),(500,15,NULL,NULL,'online','completed','paid',NULL,NULL,56.99,'2025-06-23 15:33:35','2025-08-09 08:44:35','2025-08-09 08:44:35','01K2701MMWGARR1AZ022BSQYPD'),(501,15,NULL,NULL,'online','completed','paid',NULL,NULL,17.03,'2025-07-18 16:15:35','2025-08-09 08:44:35','2025-08-09 08:44:35','01K2701MR5P9S1D4JM64K1HAXS'),(502,15,NULL,NULL,'online','completed','paid',NULL,NULL,67.59,'2025-05-25 04:50:35','2025-08-09 08:44:35','2025-08-09 08:44:35','01K2701MRME4MMFBKK9WN1TZ42'),(503,16,NULL,NULL,'online','completed','paid',NULL,NULL,93.73,'2025-06-30 12:25:35','2025-08-09 08:44:35','2025-08-09 08:44:35','01K2701MSEM2HWY4QYF82YTVVZ'),(504,16,NULL,NULL,'online','completed','paid',NULL,NULL,40.04,'2025-05-11 10:17:35','2025-08-09 08:44:35','2025-08-09 08:44:35','01K2701MT1RHZY79WXSF1M2CE3'),(505,16,NULL,NULL,'online','completed','paid',NULL,NULL,15.57,'2025-06-27 17:13:35','2025-08-09 08:44:35','2025-08-09 08:44:35','01K2701MTDA83TVEW62AS32Q7E'),(506,16,NULL,NULL,'online','completed','paid',NULL,NULL,31.81,'2025-07-15 15:58:35','2025-08-09 08:44:35','2025-08-09 08:44:35','01K2701MTT94V87CXQW1Z4557C'),(507,16,NULL,NULL,'online','completed','paid',NULL,NULL,62.78,'2025-06-28 15:18:35','2025-08-09 08:44:35','2025-08-09 08:44:35','01K2701MVB7JBQ29AAR6RM57FZ'),(508,16,NULL,NULL,'online','completed','paid',NULL,NULL,70.03,'2025-06-01 10:55:35','2025-08-09 08:44:35','2025-08-09 08:44:35','01K2701MW41GK1DZG62RRZDZ6P'),(509,16,NULL,NULL,'online','completed','paid',NULL,NULL,158.95,'2025-06-19 22:38:35','2025-08-09 08:44:35','2025-08-09 08:44:35','01K2701MWS12VYNF721EE3NH18'),(510,16,NULL,NULL,'online','completed','paid',NULL,NULL,124.38,'2025-07-10 04:20:35','2025-08-09 08:44:35','2025-08-09 08:44:35','01K2701N0GE122ZM946GMA96A1'),(511,16,NULL,NULL,'online','completed','paid',NULL,NULL,133.64,'2025-06-12 16:03:35','2025-08-09 08:44:35','2025-08-09 08:44:35','01K2701N15VA8VBW1YV1VF7C3S'),(512,16,NULL,NULL,'online','completed','paid',NULL,NULL,101.65,'2025-07-16 07:30:35','2025-08-09 08:44:35','2025-08-09 08:44:35','01K2701N1X6WA3SJYZ232HNAT3'),(513,16,NULL,NULL,'online','completed','paid',NULL,NULL,175.90,'2025-06-16 19:15:35','2025-08-09 08:44:35','2025-08-09 08:44:35','01K2701N2Q1ERF0KXMTH04P9A0'),(514,16,NULL,NULL,'online','completed','paid',NULL,NULL,40.34,'2025-05-30 22:14:35','2025-08-09 08:44:35','2025-08-09 08:44:35','01K2701N3HX6PNE784XPD7VNXY'),(515,16,NULL,NULL,'online','completed','paid',NULL,NULL,81.72,'2025-06-05 14:22:35','2025-08-09 08:44:35','2025-08-09 08:44:35','01K2701N43Y2RVW3YS7XRSG2N3'),(516,16,NULL,NULL,'online','completed','paid',NULL,NULL,168.73,'2025-07-26 15:58:35','2025-08-09 08:44:35','2025-08-09 08:44:35','01K2701N4V3NJ2GN3N1KS0Z8WS'),(517,16,NULL,NULL,'online','completed','paid',NULL,NULL,84.93,'2025-07-22 12:52:35','2025-08-09 08:44:35','2025-08-09 08:44:35','01K2701N5MP3D9RGJ531CG6WHA'),(518,16,NULL,NULL,'online','completed','paid',NULL,NULL,121.63,'2025-05-30 07:49:35','2025-08-09 08:44:35','2025-08-09 08:44:36','01K2701N690FG1NZWFXWPA9EBG'),(519,16,NULL,NULL,'online','completed','paid',NULL,NULL,69.69,'2025-08-06 03:23:36','2025-08-09 08:44:36','2025-08-09 08:44:36','01K2701N9S9DZKYB30SAQB0WF2'),(520,16,NULL,NULL,'online','completed','paid',NULL,NULL,146.73,'2025-07-06 01:04:36','2025-08-09 08:44:36','2025-08-09 08:44:36','01K2701NAAK3AG2Y621C9C28X9'),(521,16,NULL,NULL,'online','completed','paid',NULL,NULL,25.76,'2025-07-31 07:53:36','2025-08-09 08:44:36','2025-08-09 08:44:36','01K2701NB5NK03QDHZZVVY7Q3C'),(522,16,NULL,NULL,'online','completed','paid',NULL,NULL,87.47,'2025-08-01 04:41:36','2025-08-09 08:44:36','2025-08-09 08:44:36','01K2701NBR6WD045FEQVPXQ1AE'),(523,16,NULL,NULL,'online','completed','paid',NULL,NULL,124.30,'2025-06-04 13:40:36','2025-08-09 08:44:36','2025-08-09 08:44:36','01K2701NCNJGDXSD5M95KH803K'),(524,16,NULL,NULL,'online','completed','paid',NULL,NULL,145.67,'2025-06-14 13:06:36','2025-08-09 08:44:36','2025-08-09 08:44:36','01K2701NDFBB4HT98QY3ZWXYWK'),(525,16,NULL,NULL,'online','completed','paid',NULL,NULL,160.59,'2025-07-19 19:18:36','2025-08-09 08:44:36','2025-08-09 08:44:36','01K2701NEDAK36BCZYADKK46SV'),(526,16,NULL,NULL,'online','completed','paid',NULL,NULL,31.85,'2025-06-07 21:11:36','2025-08-09 08:44:36','2025-08-09 08:44:36','01K2701NF7FABTGFZ7PGRN3HPX'),(527,16,NULL,NULL,'online','completed','paid',NULL,NULL,156.49,'2025-07-13 13:00:36','2025-08-09 08:44:36','2025-08-09 08:44:36','01K2701NFTT509QFQ9F4ME0EKF'),(528,16,NULL,NULL,'online','completed','paid',NULL,NULL,46.71,'2025-07-09 17:58:36','2025-08-09 08:44:36','2025-08-09 08:44:36','01K2701NGK1AT0ARRYH7912B2T'),(529,16,NULL,NULL,'online','completed','paid',NULL,NULL,39.35,'2025-06-21 08:31:36','2025-08-09 08:44:36','2025-08-09 08:44:36','01K2701NKF1HPNT4X4NEMBH3S2'),(530,16,NULL,NULL,'online','completed','paid',NULL,NULL,67.97,'2025-05-20 12:34:36','2025-08-09 08:44:36','2025-08-09 08:44:36','01K2701NM1H7J5WHEP9NEJ8ZGM'),(531,16,NULL,NULL,'online','completed','paid',NULL,NULL,72.81,'2025-07-22 14:15:36','2025-08-09 08:44:36','2025-08-09 08:44:36','01K2701NMWAM5K78F1BGG67QEC'),(532,16,NULL,NULL,'online','completed','paid',NULL,NULL,45.22,'2025-07-28 16:11:36','2025-08-09 08:44:36','2025-08-09 08:44:36','01K2701NNA955GT0EDE2XTD2M5'),(533,16,NULL,NULL,'online','completed','paid',NULL,NULL,61.32,'2025-06-23 01:18:36','2025-08-09 08:44:36','2025-08-09 08:44:36','01K2701NNXYPG48XRM3MP59BX7'),(534,16,NULL,NULL,'online','completed','paid',NULL,NULL,72.86,'2025-06-04 22:27:36','2025-08-09 08:44:36','2025-08-09 08:44:36','01K2701NPEKBWM7W3Q45A6QM0R'),(535,16,NULL,NULL,'online','completed','paid',NULL,NULL,99.10,'2025-07-04 10:13:36','2025-08-09 08:44:36','2025-08-09 08:44:36','01K2701NQ9HWF03QCT7KMSDAAR'),(536,16,NULL,NULL,'online','completed','paid',NULL,NULL,89.91,'2025-05-14 04:59:36','2025-08-09 08:44:36','2025-08-09 08:44:36','01K2701NR34SNFD25YYSK8BHJ0'),(537,16,NULL,NULL,'online','completed','paid',NULL,NULL,169.47,'2025-07-25 05:38:36','2025-08-09 08:44:36','2025-08-09 08:44:36','01K2701NRZT7T4TGGGFD8J94NR'),(538,16,NULL,NULL,'online','completed','paid',NULL,NULL,24.12,'2025-07-29 04:00:36','2025-08-09 08:44:36','2025-08-09 08:44:36','01K2701NSVK83DHCTFGTPY762R'),(539,16,NULL,NULL,'online','completed','paid',NULL,NULL,23.15,'2025-06-06 16:28:36','2025-08-09 08:44:36','2025-08-09 08:44:36','01K2701NWW34001A3JPB2GAJKE'),(540,16,NULL,NULL,'online','completed','paid',NULL,NULL,92.75,'2025-06-22 10:10:36','2025-08-09 08:44:36','2025-08-09 08:44:36','01K2701NXG1CKQ9X1EPRQBRBZ6'),(541,16,NULL,NULL,'online','completed','paid',NULL,NULL,56.19,'2025-06-29 01:22:36','2025-08-09 08:44:36','2025-08-09 08:44:36','01K2701NY7NSSWF9DXSJ32RK96'),(542,16,NULL,NULL,'online','completed','paid',NULL,NULL,88.08,'2025-06-23 10:25:36','2025-08-09 08:44:36','2025-08-09 08:44:36','01K2701NYMYECDB8S2KJFY0GJZ'),(543,16,NULL,NULL,'online','completed','paid',NULL,NULL,120.88,'2025-08-01 12:04:36','2025-08-09 08:44:36','2025-08-09 08:44:36','01K2701NZ90NDXTMR42WJ6SGB9'),(544,16,NULL,NULL,'online','completed','paid',NULL,NULL,118.70,'2025-07-26 23:58:36','2025-08-09 08:44:36','2025-08-09 08:44:36','01K2701P06Y5443N7HSREHXYAG'),(545,16,NULL,NULL,'online','completed','paid',NULL,NULL,106.45,'2025-05-14 15:59:36','2025-08-09 08:44:36','2025-08-09 08:44:36','01K2701P0YB9YNVMEQYVG71SH7'),(546,16,NULL,NULL,'online','completed','paid',NULL,NULL,114.91,'2025-05-14 12:25:36','2025-08-09 08:44:36','2025-08-09 08:44:36','01K2701P1M7SR7DP76QEHWQDKV'),(547,16,NULL,NULL,'online','completed','paid',NULL,NULL,92.96,'2025-06-05 14:40:36','2025-08-09 08:44:36','2025-08-09 08:44:36','01K2701P2A6Y56G43XPVV7A0AX'),(548,16,NULL,NULL,'online','completed','paid',NULL,NULL,7.06,'2025-07-14 08:10:36','2025-08-09 08:44:36','2025-08-09 08:44:36','01K2701P5FXBY65CFF3WXHAV2G'),(549,16,NULL,NULL,'online','completed','paid',NULL,NULL,53.54,'2025-07-24 03:39:36','2025-08-09 08:44:36','2025-08-09 08:44:36','01K2701P5WM0CGQAVZP1G4RYGZ'),(550,16,NULL,NULL,'online','completed','paid',NULL,NULL,121.10,'2025-07-15 01:34:36','2025-08-09 08:44:36','2025-08-09 08:44:36','01K2701P6D319MGMB3MGF178JE'),(551,16,NULL,NULL,'online','completed','paid',NULL,NULL,52.32,'2025-05-14 22:58:36','2025-08-09 08:44:36','2025-08-09 08:44:36','01K2701P748SYQZEJRZJXJSMG9'),(552,16,NULL,NULL,'online','completed','paid',NULL,NULL,98.41,'2025-07-05 20:46:36','2025-08-09 08:44:36','2025-08-09 08:44:37','01K2701P7N15ENDAJ4HCP2TSMK'),(553,17,NULL,NULL,'online','completed','paid',NULL,NULL,17.10,'2025-07-31 02:16:37','2025-08-09 08:44:37','2025-08-09 08:44:37','01K2701P8HVHTBW0WRHHC1ZSGD'),(554,17,NULL,NULL,'online','completed','paid',NULL,NULL,18.01,'2025-05-23 22:41:37','2025-08-09 08:44:37','2025-08-09 08:44:37','01K2701P8XE7NWD00ZSQNAR73S'),(555,17,NULL,NULL,'online','completed','paid',NULL,NULL,85.78,'2025-05-16 21:43:37','2025-08-09 08:44:37','2025-08-09 08:44:37','01K2701P9EDRTY51BR2963EMVM'),(556,17,NULL,NULL,'online','completed','paid',NULL,NULL,82.27,'2025-08-05 12:45:37','2025-08-09 08:44:37','2025-08-09 08:44:37','01K2701PA8RG4953A6BT898N9X'),(557,17,NULL,NULL,'online','completed','paid',NULL,NULL,135.83,'2025-06-17 17:57:37','2025-08-09 08:44:37','2025-08-09 08:44:37','01K2701PB0JSEHNZD629Z2ME44'),(558,17,NULL,NULL,'online','completed','paid',NULL,NULL,64.83,'2025-05-13 20:10:37','2025-08-09 08:44:37','2025-08-09 08:44:37','01K2701PEF8HW1MHZB5NQDPPCZ'),(559,17,NULL,NULL,'online','completed','paid',NULL,NULL,79.63,'2025-06-14 07:29:37','2025-08-09 08:44:37','2025-08-09 08:44:37','01K2701PF83759VHK3HG8CY9GC'),(560,17,NULL,NULL,'online','completed','paid',NULL,NULL,34.20,'2025-06-08 18:41:37','2025-08-09 08:44:37','2025-08-09 08:44:37','01K2701PFXX7QB5PJ3HP3M49AY'),(561,17,NULL,NULL,'online','completed','paid',NULL,NULL,55.93,'2025-05-19 08:15:37','2025-08-09 08:44:37','2025-08-09 08:44:37','01K2701PGC7PSNHWDKG6601PHK'),(562,17,NULL,NULL,'online','completed','paid',NULL,NULL,68.40,'2025-06-26 21:41:37','2025-08-09 08:44:37','2025-08-09 08:44:37','01K2701PGW2DXEGVYKNQVPB3M4'),(563,17,NULL,NULL,'online','completed','paid',NULL,NULL,89.22,'2025-05-21 15:43:37','2025-08-09 08:44:37','2025-08-09 08:44:37','01K2701PHDWCECS2P0Q53DKTHN'),(564,17,NULL,NULL,'online','completed','paid',NULL,NULL,81.60,'2025-07-25 18:37:37','2025-08-09 08:44:37','2025-08-09 08:44:37','01K2701PJ57YGEW222MY2QATJ4'),(565,17,NULL,NULL,'online','completed','paid',NULL,NULL,114.74,'2025-07-15 18:25:37','2025-08-09 08:44:37','2025-08-09 08:44:37','01K2701PJP893M2W1X06HT6DCD'),(566,17,NULL,NULL,'online','completed','paid',NULL,NULL,56.45,'2025-07-18 12:50:37','2025-08-09 08:44:37','2025-08-09 08:44:37','01K2701PKJ25CGKV5KDECHB5CC'),(567,17,NULL,NULL,'online','completed','paid',NULL,NULL,83.21,'2025-05-20 06:12:37','2025-08-09 08:44:37','2025-08-09 08:44:37','01K2701PMA56WQXETBQR3Z5176'),(568,17,NULL,NULL,'online','completed','paid',NULL,NULL,148.61,'2025-05-23 08:24:37','2025-08-09 08:44:37','2025-08-09 08:44:37','01K2701PQHHVYJG0XQPS4YYG7V'),(569,17,NULL,NULL,'online','completed','paid',NULL,NULL,37.65,'2025-07-20 23:52:37','2025-08-09 08:44:37','2025-08-09 08:44:37','01K2701PR7DXYTAW0SXRSV1NJT'),(570,17,NULL,NULL,'online','completed','paid',NULL,NULL,57.28,'2025-05-13 00:02:37','2025-08-09 08:44:37','2025-08-09 08:44:37','01K2701PRWS9FKNC93ERN4152Y'),(571,17,NULL,NULL,'online','completed','paid',NULL,NULL,178.32,'2025-08-08 04:43:37','2025-08-09 08:44:37','2025-08-09 08:44:37','01K2701PSGAVHPHPNPEN25DTDT'),(572,17,NULL,NULL,'online','completed','paid',NULL,NULL,85.71,'2025-07-27 18:06:37','2025-08-09 08:44:37','2025-08-09 08:44:37','01K2701PTB2GDYZFFDWP85S9HY'),(573,17,NULL,NULL,'online','completed','paid',NULL,NULL,12.23,'2025-06-06 09:18:37','2025-08-09 08:44:37','2025-08-09 08:44:37','01K2701PTWYNRFW7S42Q6H5MBV'),(574,17,NULL,NULL,'online','completed','paid',NULL,NULL,85.20,'2025-07-25 13:10:37','2025-08-09 08:44:37','2025-08-09 08:44:37','01K2701PVJ6Y1PC5NQH5A3CHNR'),(575,17,NULL,NULL,'online','completed','paid',NULL,NULL,46.46,'2025-06-17 23:10:37','2025-08-09 08:44:37','2025-08-09 08:44:37','01K2701PWEKZAGDYWKYKWE2WB2'),(576,17,NULL,NULL,'online','completed','paid',NULL,NULL,91.68,'2025-06-14 16:11:37','2025-08-09 08:44:37','2025-08-09 08:44:37','01K2701PX0DG2P546Y62YEVJK1'),(577,17,NULL,NULL,'online','completed','paid',NULL,NULL,37.19,'2025-06-15 00:50:37','2025-08-09 08:44:37','2025-08-09 08:44:37','01K2701Q056NTRR8WYFTA9GGY7'),(578,17,NULL,NULL,'online','completed','paid',NULL,NULL,5.58,'2025-08-03 15:37:37','2025-08-09 08:44:37','2025-08-09 08:44:37','01K2701Q0Q3M71EF03YRSNQQKK'),(579,17,NULL,NULL,'online','completed','paid',NULL,NULL,146.27,'2025-07-18 19:44:37','2025-08-09 08:44:37','2025-08-09 08:44:37','01K2701Q15CFPDXV0K08SX7JJE'),(580,17,NULL,NULL,'online','completed','paid',NULL,NULL,60.74,'2025-07-30 16:54:37','2025-08-09 08:44:37','2025-08-09 08:44:37','01K2701Q1ZPVF9EFQEZP9CVZN5'),(581,17,NULL,NULL,'online','completed','paid',NULL,NULL,46.54,'2025-07-23 00:48:37','2025-08-09 08:44:37','2025-08-09 08:44:37','01K2701Q2G89HXARHQQDGJD67X'),(582,17,NULL,NULL,'online','completed','paid',NULL,NULL,12.40,'2025-05-16 16:08:37','2025-08-09 08:44:37','2025-08-09 08:44:37','01K2701Q2Z1GAGJ4DT0QE0WM0E'),(583,17,NULL,NULL,'online','completed','paid',NULL,NULL,38.32,'2025-07-17 03:36:37','2025-08-09 08:44:37','2025-08-09 08:44:37','01K2701Q3DRDB70V45NVRH5ASX'),(584,17,NULL,NULL,'online','completed','paid',NULL,NULL,196.80,'2025-07-18 13:24:37','2025-08-09 08:44:37','2025-08-09 08:44:37','01K2701Q3VG9VP72RXPVW342C6'),(585,17,NULL,NULL,'online','completed','paid',NULL,NULL,34.20,'2025-07-04 07:42:37','2025-08-09 08:44:37','2025-08-09 08:44:37','01K2701Q4NSWS5XWREE588DE2H'),(586,17,NULL,NULL,'online','completed','paid',NULL,NULL,41.83,'2025-08-04 18:15:37','2025-08-09 08:44:37','2025-08-09 08:44:37','01K2701Q51K6A8PN9FG2S3GRZ6'),(587,17,NULL,NULL,'online','completed','paid',NULL,NULL,59.88,'2025-07-04 07:02:37','2025-08-09 08:44:37','2025-08-09 08:44:37','01K2701Q5PE8N4B3WZAFHEW1T4'),(588,17,NULL,NULL,'online','completed','paid',NULL,NULL,48.72,'2025-08-06 10:18:37','2025-08-09 08:44:37','2025-08-09 08:44:38','01K2701Q6DEJ9SCC6FD88B2CG3'),(589,17,NULL,NULL,'online','completed','paid',NULL,NULL,13.70,'2025-06-19 19:11:38','2025-08-09 08:44:38','2025-08-09 08:44:38','01K2701Q9D0ZSGDBXE8SVZJA1B'),(590,17,NULL,NULL,'online','completed','paid',NULL,NULL,46.43,'2025-06-07 10:23:38','2025-08-09 08:44:38','2025-08-09 08:44:38','01K2701Q9S6EM3S1ZEM9AAM5KQ'),(591,17,NULL,NULL,'online','completed','paid',NULL,NULL,131.54,'2025-08-06 21:53:38','2025-08-09 08:44:38','2025-08-09 08:44:38','01K2701QAE8M3E52E5PF8KQPCX'),(592,17,NULL,NULL,'online','completed','paid',NULL,NULL,119.30,'2025-06-30 08:06:38','2025-08-09 08:44:38','2025-08-09 08:44:38','01K2701QB5D2NKJC338SBR3ZF3'),(593,17,NULL,NULL,'online','completed','paid',NULL,NULL,74.18,'2025-05-20 01:21:38','2025-08-09 08:44:38','2025-08-09 08:44:38','01K2701QBZRW9HTXT29YKQ7VR5'),(594,17,NULL,NULL,'online','completed','paid',NULL,NULL,12.23,'2025-07-19 09:01:38','2025-08-09 08:44:38','2025-08-09 08:44:38','01K2701QCHN5V8KZVFRAQVPSWV'),(595,17,NULL,NULL,'online','completed','paid',NULL,NULL,46.81,'2025-07-27 01:27:38','2025-08-09 08:44:38','2025-08-09 08:44:38','01K2701QCXRSGH3WTSGEZAXZVD'),(596,17,NULL,NULL,'online','completed','paid',NULL,NULL,116.10,'2025-06-05 02:06:38','2025-08-09 08:44:38','2025-08-09 08:44:38','01K2701QDKD9N61RXZ2HXCCXB2'),(597,17,NULL,NULL,'online','completed','paid',NULL,NULL,94.84,'2025-07-06 22:59:38','2025-08-09 08:44:38','2025-08-09 08:44:38','01K2701QED4HQ044XB0VDNJXKS'),(598,17,NULL,NULL,'online','completed','paid',NULL,NULL,153.04,'2025-05-24 03:26:38','2025-08-09 08:44:38','2025-08-09 08:44:38','01K2701QEYANTSD6AMHYEH08EC'),(599,17,NULL,NULL,'online','completed','paid',NULL,NULL,32.82,'2025-05-22 19:22:38','2025-08-09 08:44:38','2025-08-09 08:44:38','01K2701QJ7HVA8CMQH6K91KP2W'),(600,17,NULL,NULL,'online','completed','paid',NULL,NULL,40.99,'2025-07-06 12:25:38','2025-08-09 08:44:38','2025-08-09 08:44:38','01K2701QJS7V47VPK50NRNC8PQ'),(601,17,NULL,NULL,'online','completed','paid',NULL,NULL,69.36,'2025-07-20 11:54:38','2025-08-09 08:44:38','2025-08-09 08:44:38','01K2701QKJK4W72CKQ3EGV80X2'),(602,17,NULL,NULL,'online','completed','paid',NULL,NULL,49.26,'2025-05-22 19:12:38','2025-08-09 08:44:38','2025-08-09 08:44:38','01K2701QM9VRJHDADW7FHB7KSZ'),(603,18,NULL,NULL,'online','completed','paid',NULL,NULL,6.85,'2025-06-08 04:49:38','2025-08-09 08:44:38','2025-08-09 08:44:38','01K2701QMSK9BQCZ9DAM3N0BPV'),(604,18,NULL,NULL,'online','completed','paid',NULL,NULL,164.33,'2025-06-10 22:52:38','2025-08-09 08:44:38','2025-08-09 08:44:38','01K2701QN53G8WVNN9VRWWWTTR'),(605,18,NULL,NULL,'online','completed','paid',NULL,NULL,155.73,'2025-06-11 20:38:38','2025-08-09 08:44:38','2025-08-09 08:44:38','01K2701QNVHYZQRY05TBEW8CYC'),(606,18,NULL,NULL,'online','completed','paid',NULL,NULL,96.20,'2025-07-16 15:35:38','2025-08-09 08:44:38','2025-08-09 08:44:38','01K2701QPRVAZZVAZB6T04CZBH'),(607,18,NULL,NULL,'online','completed','paid',NULL,NULL,56.99,'2025-06-06 15:47:38','2025-08-09 08:44:38','2025-08-09 08:44:38','01K2701QQ8Q7GT0A4STA0M2JYG'),(608,18,NULL,NULL,'online','completed','paid',NULL,NULL,147.67,'2025-07-17 13:46:38','2025-08-09 08:44:38','2025-08-09 08:44:38','01K2701QQXK4Z56D44HBS7T7MM'),(609,18,NULL,NULL,'online','completed','paid',NULL,NULL,56.55,'2025-08-04 23:46:38','2025-08-09 08:44:38','2025-08-09 08:44:38','01K2701QVE8VMMXS65GVD2ARX8'),(610,18,NULL,NULL,'online','completed','paid',NULL,NULL,46.30,'2025-07-09 11:41:38','2025-08-09 08:44:38','2025-08-09 08:44:38','01K2701QW9EG9YXR7KHHNS42X1'),(611,18,NULL,NULL,'online','completed','paid',NULL,NULL,57.48,'2025-07-15 13:09:38','2025-08-09 08:44:38','2025-08-09 08:44:38','01K2701QWPCN3H2X3YA2KK624W'),(612,18,NULL,NULL,'online','completed','paid',NULL,NULL,116.75,'2025-05-17 14:38:38','2025-08-09 08:44:38','2025-08-09 08:44:38','01K2701QX4SSADPXH6DKGAB571'),(613,18,NULL,NULL,'online','completed','paid',NULL,NULL,32.95,'2025-06-11 03:24:38','2025-08-09 08:44:38','2025-08-09 08:44:38','01K2701QXW88BN3H5C7X2F0NTJ'),(614,18,NULL,NULL,'online','completed','paid',NULL,NULL,41.22,'2025-06-17 01:16:38','2025-08-09 08:44:38','2025-08-09 08:44:38','01K2701QYD38ZDWYE8GAGXYR5P'),(615,18,NULL,NULL,'online','completed','paid',NULL,NULL,29.85,'2025-06-03 02:02:38','2025-08-09 08:44:38','2025-08-09 08:44:38','01K2701QYYA7D79Z6Q93K2SD1B'),(616,18,NULL,NULL,'online','completed','paid',NULL,NULL,24.46,'2025-06-22 11:52:38','2025-08-09 08:44:38','2025-08-09 08:44:38','01K2701QZG842WC5BAAJ3PMFHV'),(617,18,NULL,NULL,'online','completed','paid',NULL,NULL,69.81,'2025-05-11 22:52:38','2025-08-09 08:44:38','2025-08-09 08:44:38','01K2701QZW5S66CGQMHTF2SYZ9'),(618,18,NULL,NULL,'online','completed','paid',NULL,NULL,70.83,'2025-06-16 20:50:38','2025-08-09 08:44:38','2025-08-09 08:44:38','01K2701R0BM7PTZQCADJCBGGYK'),(619,18,NULL,NULL,'online','completed','paid',NULL,NULL,141.15,'2025-07-11 14:35:38','2025-08-09 08:44:38','2025-08-09 08:44:38','01K2701R0YDGB5DH8B7BB7X2AZ'),(620,18,NULL,NULL,'online','completed','paid',NULL,NULL,41.89,'2025-06-14 11:12:38','2025-08-09 08:44:38','2025-08-09 08:44:38','01K2701R49CQ34HR0ZMGZ4QVB4'),(621,18,NULL,NULL,'online','completed','paid',NULL,NULL,23.27,'2025-06-09 10:30:38','2025-08-09 08:44:38','2025-08-09 08:44:38','01K2701R4TVJYV3YWM321SGE86'),(622,18,NULL,NULL,'online','completed','paid',NULL,NULL,70.89,'2025-07-15 18:10:38','2025-08-09 08:44:38','2025-08-09 08:44:38','01K2701R5829Q9W8D91TYNEDYB'),(623,18,NULL,NULL,'online','completed','paid',NULL,NULL,60.22,'2025-07-26 01:23:38','2025-08-09 08:44:38','2025-08-09 08:44:38','01K2701R5VZKQNJB461KT1R5M2'),(624,18,NULL,NULL,'online','completed','paid',NULL,NULL,48.72,'2025-05-20 07:45:38','2025-08-09 08:44:38','2025-08-09 08:44:39','01K2701R6G5Q4P216K0B3M47P9'),(625,18,NULL,NULL,'online','completed','paid',NULL,NULL,48.54,'2025-08-02 07:38:39','2025-08-09 08:44:39','2025-08-09 08:44:39','01K2701R6YKHYW2ZZB8N7CA8TF'),(626,18,NULL,NULL,'online','completed','paid',NULL,NULL,134.98,'2025-06-24 04:14:39','2025-08-09 08:44:39','2025-08-09 08:44:39','01K2701R7BXPZJ915S6ZYSJNY3'),(627,18,NULL,NULL,'online','completed','paid',NULL,NULL,136.73,'2025-07-29 18:09:39','2025-08-09 08:44:39','2025-08-09 08:44:39','01K2701R88C4KS7CZQPG337WPH'),(628,18,NULL,NULL,'online','completed','paid',NULL,NULL,34.06,'2025-07-26 07:51:39','2025-08-09 08:44:39','2025-08-09 08:44:39','01K2701R95JK1PTHX7SAJFSSPZ'),(629,18,NULL,NULL,'online','completed','paid',NULL,NULL,77.10,'2025-06-29 07:30:39','2025-08-09 08:44:39','2025-08-09 08:44:39','01K2701R9P1CR17ZX9EDTR54QB'),(630,18,NULL,NULL,'online','completed','paid',NULL,NULL,78.97,'2025-06-04 00:42:39','2025-08-09 08:44:39','2025-08-09 08:44:39','01K2701RAGWF025XF06XD9HQWC'),(631,18,NULL,NULL,'online','completed','paid',NULL,NULL,170.98,'2025-05-27 00:04:39','2025-08-09 08:44:39','2025-08-09 08:44:39','01K2701RDT5F50J5YCQNTMPFHR'),(632,18,NULL,NULL,'online','completed','paid',NULL,NULL,153.82,'2025-07-04 02:18:39','2025-08-09 08:44:39','2025-08-09 08:44:39','01K2701RETARWM3YQ152SM37BC'),(633,18,NULL,NULL,'online','completed','paid',NULL,NULL,89.73,'2025-08-02 18:41:39','2025-08-09 08:44:39','2025-08-09 08:44:39','01K2701RFG0JJK62N2SX0928W0'),(634,18,NULL,NULL,'online','completed','paid',NULL,NULL,84.69,'2025-07-16 10:33:39','2025-08-09 08:44:39','2025-08-09 08:44:39','01K2701RG6C3MTD1JGQNZQXP6M'),(635,18,NULL,NULL,'online','completed','paid',NULL,NULL,112.48,'2025-08-02 21:04:39','2025-08-09 08:44:39','2025-08-09 08:44:39','01K2701RGZYRNJCTH72K0TK9WS'),(636,18,NULL,NULL,'online','completed','paid',NULL,NULL,29.04,'2025-07-06 20:15:39','2025-08-09 08:44:39','2025-08-09 08:44:39','01K2701RHQ3SSHJ1QHZXH08E84'),(637,18,NULL,NULL,'online','completed','paid',NULL,NULL,29.33,'2025-05-13 23:23:39','2025-08-09 08:44:39','2025-08-09 08:44:39','01K2701RJ4HNBVM7GJ1J2TADWT'),(638,18,NULL,NULL,'online','completed','paid',NULL,NULL,79.86,'2025-06-30 05:42:39','2025-08-09 08:44:39','2025-08-09 08:44:39','01K2701RJNHW05T46JRY65TZPT'),(639,18,NULL,NULL,'online','completed','paid',NULL,NULL,69.93,'2025-07-29 10:35:39','2025-08-09 08:44:39','2025-08-09 08:44:39','01K2701RKEBRBT9QXH295QXQW5'),(640,18,NULL,NULL,'online','completed','paid',NULL,NULL,53.94,'2025-07-16 03:39:39','2025-08-09 08:44:39','2025-08-09 08:44:39','01K2701RKWNNJC5BG9KXTZMQ24'),(641,18,NULL,NULL,'online','completed','paid',NULL,NULL,139.43,'2025-06-17 14:50:39','2025-08-09 08:44:39','2025-08-09 08:44:39','01K2701RQ2TDV4QYEKP6FF6RM2'),(642,18,NULL,NULL,'online','completed','paid',NULL,NULL,39.23,'2025-06-16 05:55:39','2025-08-09 08:44:39','2025-08-09 08:44:39','01K2701RQQBKV0TDYM5852QE0A'),(643,18,NULL,NULL,'online','completed','paid',NULL,NULL,24.80,'2025-06-14 04:36:39','2025-08-09 08:44:39','2025-08-09 08:44:39','01K2701RRA56SG60ESZ47R8HA7'),(644,18,NULL,NULL,'online','completed','paid',NULL,NULL,149.79,'2025-05-31 08:25:39','2025-08-09 08:44:39','2025-08-09 08:44:39','01K2701RRQC5AC75K9WJ2EZYCG'),(645,18,NULL,NULL,'online','completed','paid',NULL,NULL,42.63,'2025-07-22 05:30:39','2025-08-09 08:44:39','2025-08-09 08:44:39','01K2701RT3G9P0VE7XSW9KFRV6'),(646,18,NULL,NULL,'online','completed','paid',NULL,NULL,12.40,'2025-07-20 03:55:39','2025-08-09 08:44:39','2025-08-09 08:44:39','01K2701RTVQD2VNDRB5DS95S4D'),(647,18,NULL,NULL,'online','completed','paid',NULL,NULL,54.63,'2025-05-29 14:56:39','2025-08-09 08:44:39','2025-08-09 08:44:39','01K2701RV9PP4VP8Q7B209F19B'),(648,18,NULL,NULL,'online','completed','paid',NULL,NULL,28.85,'2025-06-07 14:23:39','2025-08-09 08:44:39','2025-08-09 08:44:39','01K2701RVZSD464TC2SFPNYPZY'),(649,18,NULL,NULL,'online','completed','paid',NULL,NULL,133.14,'2025-07-04 11:45:39','2025-08-09 08:44:39','2025-08-09 08:44:39','01K2701RWHFV7HYM7SA23EJS61'),(650,18,NULL,NULL,'online','completed','paid',NULL,NULL,63.04,'2025-06-29 23:41:39','2025-08-09 08:44:39','2025-08-09 08:44:39','01K2701RXA5W4N9HC1KJR5HKJA'),(651,18,NULL,NULL,'online','completed','paid',NULL,NULL,109.97,'2025-05-18 04:07:39','2025-08-09 08:44:39','2025-08-09 08:44:39','01K2701RXWWKYRFSXXRHGC6MDA'),(652,18,NULL,NULL,'online','completed','paid',NULL,NULL,94.77,'2025-06-25 23:36:39','2025-08-09 08:44:39','2025-08-09 08:44:39','01K2701RYJY7H941PY4XKTBE9W'),(653,19,NULL,NULL,'online','completed','paid',NULL,NULL,34.06,'2025-06-25 05:52:39','2025-08-09 08:44:39','2025-08-09 08:44:39','01K2701RZC1JWFNKA10AEKZYDD'),(654,19,NULL,NULL,'online','completed','paid',NULL,NULL,86.51,'2025-07-04 17:20:39','2025-08-09 08:44:39','2025-08-09 08:44:39','01K2701RZVX5JZ8SQA0YNT5P3A'),(655,19,NULL,NULL,'online','completed','paid',NULL,NULL,130.08,'2025-06-18 13:05:39','2025-08-09 08:44:39','2025-08-09 08:44:39','01K2701S3531J0MS73RXDXR1SN'),(656,19,NULL,NULL,'online','completed','paid',NULL,NULL,12.23,'2025-05-24 09:25:39','2025-08-09 08:44:39','2025-08-09 08:44:39','01K2701S3T2W7FB1BNB10DW9Z1'),(657,19,NULL,NULL,'online','completed','paid',NULL,NULL,106.73,'2025-06-14 22:12:39','2025-08-09 08:44:39','2025-08-09 08:44:39','01K2701S477PXRC4YAJVPKYQT5'),(658,19,NULL,NULL,'online','completed','paid',NULL,NULL,166.74,'2025-06-19 16:10:39','2025-08-09 08:44:39','2025-08-09 08:44:39','01K2701S52WVYGDGNJ1TQJFVRS'),(659,19,NULL,NULL,'online','completed','paid',NULL,NULL,121.12,'2025-05-28 10:15:39','2025-08-09 08:44:39','2025-08-09 08:44:40','01K2701S5R0JYAEAFWV4SB5NY3'),(660,19,NULL,NULL,'online','completed','paid',NULL,NULL,58.90,'2025-05-23 02:36:40','2025-08-09 08:44:40','2025-08-09 08:44:40','01K2701S6HEV4M1XYEV2T4X2DA'),(661,19,NULL,NULL,'online','completed','paid',NULL,NULL,162.42,'2025-07-21 19:06:40','2025-08-09 08:44:40','2025-08-09 08:44:40','01K2701S7FXAXV9HBC68PAMQJS'),(662,19,NULL,NULL,'online','completed','paid',NULL,NULL,120.29,'2025-06-28 03:26:40','2025-08-09 08:44:40','2025-08-09 08:44:40','01K2701S89KBBP6Z97VH1MRTY5'),(663,19,NULL,NULL,'online','completed','paid',NULL,NULL,56.76,'2025-05-15 20:35:40','2025-08-09 08:44:40','2025-08-09 08:44:40','01K2701SCC4F451RBRFK58D9Q1'),(664,19,NULL,NULL,'online','completed','paid',NULL,NULL,72.16,'2025-06-05 02:43:40','2025-08-09 08:44:40','2025-08-09 08:44:40','01K2701SD5XJY2WDVR7VTBVK8G'),(665,19,NULL,NULL,'online','completed','paid',NULL,NULL,39.35,'2025-06-21 19:13:40','2025-08-09 08:44:40','2025-08-09 08:44:40','01K2701SDXF1KSTPKTWG5QKSVF'),(666,19,NULL,NULL,'online','completed','paid',NULL,NULL,67.12,'2025-07-13 02:07:40','2025-08-09 08:44:40','2025-08-09 08:44:40','01K2701SEH8X5XNV97NFKMKSX9'),(667,19,NULL,NULL,'online','completed','paid',NULL,NULL,88.94,'2025-05-24 09:43:40','2025-08-09 08:44:40','2025-08-09 08:44:40','01K2701SF36E2Z30ZAMHDZ9226'),(668,19,NULL,NULL,'online','completed','paid',NULL,NULL,46.89,'2025-07-23 15:33:40','2025-08-09 08:44:40','2025-08-09 08:44:40','01K2701SFXFHR77YNG4AYXQXJA'),(669,19,NULL,NULL,'online','completed','paid',NULL,NULL,62.10,'2025-05-13 12:21:40','2025-08-09 08:44:40','2025-08-09 08:44:40','01K2701SGG5B1Q3B812G4J5XDA'),(670,19,NULL,NULL,'online','completed','paid',NULL,NULL,56.43,'2025-07-26 20:06:40','2025-08-09 08:44:40','2025-08-09 08:44:40','01K2701SHAD4675C20NN6AC4VF'),(671,19,NULL,NULL,'online','completed','paid',NULL,NULL,102.81,'2025-07-03 13:14:40','2025-08-09 08:44:40','2025-08-09 08:44:40','01K2701SHVX4E8K0BW4M9TD8YP'),(672,19,NULL,NULL,'online','completed','paid',NULL,NULL,70.13,'2025-07-18 19:16:40','2025-08-09 08:44:40','2025-08-09 08:44:40','01K2701SJDZ2Y97H1ZA76JZ6AB'),(673,19,NULL,NULL,'online','completed','paid',NULL,NULL,49.86,'2025-08-05 16:38:40','2025-08-09 08:44:40','2025-08-09 08:44:40','01K2701SK4Q8D5SVXS89A8MZSV'),(674,19,NULL,NULL,'online','completed','paid',NULL,NULL,91.34,'2025-06-16 16:52:40','2025-08-09 08:44:40','2025-08-09 08:44:40','01K2701SPQYKF99WF2R699QSAH'),(675,19,NULL,NULL,'online','completed','paid',NULL,NULL,163.80,'2025-07-23 09:46:40','2025-08-09 08:44:40','2025-08-09 08:44:40','01K2701SQ9Z7WMD9M83046C2PQ'),(676,19,NULL,NULL,'online','completed','paid',NULL,NULL,15.57,'2025-06-19 10:19:40','2025-08-09 08:44:40','2025-08-09 08:44:40','01K2701SR41NDW71M2AMWK30DH'),(677,19,NULL,NULL,'online','completed','paid',NULL,NULL,47.76,'2025-06-26 10:46:40','2025-08-09 08:44:40','2025-08-09 08:44:40','01K2701SRHT3V2GYRRMPZ4KDBR'),(678,19,NULL,NULL,'online','completed','paid',NULL,NULL,89.14,'2025-07-01 13:27:40','2025-08-09 08:44:40','2025-08-09 08:44:40','01K2701SS7J0P6Y2GH58PN2EJ1'),(679,19,NULL,NULL,'online','completed','paid',NULL,NULL,60.06,'2025-06-17 06:30:40','2025-08-09 08:44:40','2025-08-09 08:44:40','01K2701SSZCKMQVB9541KM873B'),(680,19,NULL,NULL,'online','completed','paid',NULL,NULL,88.09,'2025-06-22 01:21:40','2025-08-09 08:44:40','2025-08-09 08:44:40','01K2701STCYFTZ9X7S330437AN'),(681,19,NULL,NULL,'online','completed','paid',NULL,NULL,89.62,'2025-06-26 16:01:40','2025-08-09 08:44:40','2025-08-09 08:44:40','01K2701SV2FEZNTS25B8CFZC76'),(682,19,NULL,NULL,'online','completed','paid',NULL,NULL,63.12,'2025-07-22 01:12:40','2025-08-09 08:44:40','2025-08-09 08:44:40','01K2701SVSAQJW98NFG3RHC1QA'),(683,19,NULL,NULL,'online','completed','paid',NULL,NULL,24.46,'2025-06-20 21:06:40','2025-08-09 08:44:40','2025-08-09 08:44:40','01K2701SZECFP3GBQ01KWJQHVE'),(684,19,NULL,NULL,'online','completed','paid',NULL,NULL,89.96,'2025-06-29 06:39:40','2025-08-09 08:44:40','2025-08-09 08:44:40','01K2701SZWMPTC8GK43C8CN5KA'),(685,19,NULL,NULL,'online','completed','paid',NULL,NULL,63.64,'2025-05-11 16:02:40','2025-08-09 08:44:40','2025-08-09 08:44:40','01K2701T0C3EV4J1TWK1NQNHC7'),(686,19,NULL,NULL,'online','completed','paid',NULL,NULL,36.69,'2025-07-09 11:00:40','2025-08-09 08:44:40','2025-08-09 08:44:40','01K2701T0WA4WYB2WH46FZ3JTX'),(687,19,NULL,NULL,'online','completed','paid',NULL,NULL,85.54,'2025-08-02 22:54:40','2025-08-09 08:44:40','2025-08-09 08:44:40','01K2701T1A9W7VYYVD8KB7P1SC'),(688,19,NULL,NULL,'online','completed','paid',NULL,NULL,86.64,'2025-05-29 20:13:40','2025-08-09 08:44:40','2025-08-09 08:44:40','01K2701T21ACEJ4J7C2FW0YET1'),(689,19,NULL,NULL,'online','completed','paid',NULL,NULL,69.93,'2025-06-12 04:33:40','2025-08-09 08:44:40','2025-08-09 08:44:40','01K2701T2N3XHW9DPKF80B7T5V'),(690,19,NULL,NULL,'online','completed','paid',NULL,NULL,40.04,'2025-07-03 03:19:40','2025-08-09 08:44:40','2025-08-09 08:44:40','01K2701T329SPC69BYCSW61FN4'),(691,19,NULL,NULL,'online','completed','paid',NULL,NULL,24.27,'2025-05-12 05:50:40','2025-08-09 08:44:40','2025-08-09 08:44:40','01K2701T3EGTM28YA0R88XT6MG'),(692,19,NULL,NULL,'online','completed','paid',NULL,NULL,146.41,'2025-07-31 17:40:40','2025-08-09 08:44:40','2025-08-09 08:44:40','01K2701T3XT3SGYTH5EN18CJ1V'),(693,19,NULL,NULL,'online','completed','paid',NULL,NULL,89.52,'2025-06-26 19:56:40','2025-08-09 08:44:40','2025-08-09 08:44:41','01K2701T4RQJKWY64DHDDBA6W3'),(694,19,NULL,NULL,'online','completed','paid',NULL,NULL,51.21,'2025-06-07 16:35:41','2025-08-09 08:44:41','2025-08-09 08:44:41','01K2701T5MCP6TE5T7NAG5MQXZ'),(695,19,NULL,NULL,'online','completed','paid',NULL,NULL,5.58,'2025-06-25 09:36:41','2025-08-09 08:44:41','2025-08-09 08:44:41','01K2701T958D4XGXJ91QNZV117'),(696,19,NULL,NULL,'online','completed','paid',NULL,NULL,25.79,'2025-07-20 06:40:41','2025-08-09 08:44:41','2025-08-09 08:44:41','01K2701T9HJT2S0DJX4EJWS1AC'),(697,19,NULL,NULL,'online','completed','paid',NULL,NULL,82.92,'2025-07-27 17:36:41','2025-08-09 08:44:41','2025-08-09 08:44:41','01K2701TA655R4TQABX6DVS313'),(698,19,NULL,NULL,'online','completed','paid',NULL,NULL,18.73,'2025-06-27 11:26:41','2025-08-09 08:44:41','2025-08-09 08:44:41','01K2701TAS0RSXTDH8JV270AAP'),(699,19,NULL,NULL,'online','completed','paid',NULL,NULL,129.20,'2025-06-07 23:09:41','2025-08-09 08:44:41','2025-08-09 08:44:41','01K2701TB5JAWPAZ8NFF583945'),(700,19,NULL,NULL,'online','completed','paid',NULL,NULL,38.84,'2025-08-02 01:25:41','2025-08-09 08:44:41','2025-08-09 08:44:41','01K2701TBYKDYRM1YK1G57BKR2'),(701,19,NULL,NULL,'online','completed','paid',NULL,NULL,32.82,'2025-05-14 06:12:41','2025-08-09 08:44:41','2025-08-09 08:44:41','01K2701TCGSNW7BRMR069AM5H8'),(702,19,NULL,NULL,'online','completed','paid',NULL,NULL,91.15,'2025-07-12 05:08:41','2025-08-09 08:44:41','2025-08-09 08:44:41','01K2701TD5PKKZJRPZCNWMMCG7'),(703,20,NULL,NULL,'online','completed','paid',NULL,NULL,60.59,'2025-06-21 16:26:41','2025-08-09 08:44:41','2025-08-09 08:44:41','01K2701TDXB5MFA2TTEEG87VK5'),(704,20,NULL,NULL,'online','completed','paid',NULL,NULL,8.55,'2025-05-19 05:29:41','2025-08-09 08:44:41','2025-08-09 08:44:41','01K2701TEGJCAFGN422WG52J6T'),(705,20,NULL,NULL,'online','completed','paid',NULL,NULL,69.85,'2025-07-26 19:47:41','2025-08-09 08:44:41','2025-08-09 08:44:41','01K2701TEWDS822XSN5DDW4DQJ'),(706,20,NULL,NULL,'online','completed','paid',NULL,NULL,69.93,'2025-06-08 04:30:41','2025-08-09 08:44:41','2025-08-09 08:44:41','01K2701TJJEXSD77P2Y88KE00Y'),(707,20,NULL,NULL,'online','completed','paid',NULL,NULL,106.42,'2025-06-05 17:35:41','2025-08-09 08:44:41','2025-08-09 08:44:41','01K2701TK0KSEA2BNJVYBWDXZT'),(708,20,NULL,NULL,'online','completed','paid',NULL,NULL,122.95,'2025-06-05 01:52:41','2025-08-09 08:44:41','2025-08-09 08:44:41','01K2701TKTD634WWCBZGQZ2BZ6'),(709,20,NULL,NULL,'online','completed','paid',NULL,NULL,104.91,'2025-05-12 23:31:41','2025-08-09 08:44:41','2025-08-09 08:44:41','01K2701TMJX2BRC6DCSYGXYSYG'),(710,20,NULL,NULL,'online','completed','paid',NULL,NULL,83.01,'2025-07-23 03:46:41','2025-08-09 08:44:41','2025-08-09 08:44:41','01K2701TN5XFYKFRSDDVAEFZ10'),(711,20,NULL,NULL,'online','completed','paid',NULL,NULL,122.10,'2025-07-28 23:11:41','2025-08-09 08:44:41','2025-08-09 08:44:41','01K2701TNYNVP83J6P25HBHNX9'),(712,20,NULL,NULL,'online','completed','paid',NULL,NULL,36.81,'2025-07-29 09:48:41','2025-08-09 08:44:41','2025-08-09 08:44:41','01K2701TPSBWTKE4JMMNZ9F72F'),(713,20,NULL,NULL,'online','completed','paid',NULL,NULL,131.85,'2025-05-12 17:49:41','2025-08-09 08:44:41','2025-08-09 08:44:41','01K2701TQA74M1CQBWSY7SXP92'),(714,20,NULL,NULL,'online','completed','paid',NULL,NULL,58.86,'2025-05-14 03:21:41','2025-08-09 08:44:41','2025-08-09 08:44:41','01K2701TQTM8N4XVNWM8EHS6VX'),(715,20,NULL,NULL,'online','completed','paid',NULL,NULL,86.18,'2025-07-19 06:09:41','2025-08-09 08:44:41','2025-08-09 08:44:41','01K2701TRG812JB183W0CMWNQF'),(716,20,NULL,NULL,'online','completed','paid',NULL,NULL,44.49,'2025-07-05 21:00:41','2025-08-09 08:44:41','2025-08-09 08:44:41','01K2701TWN1E1H08QEP1DSVRVV'),(717,20,NULL,NULL,'online','completed','paid',NULL,NULL,38.32,'2025-05-22 08:59:41','2025-08-09 08:44:41','2025-08-09 08:44:41','01K2701TXD351JKND7BWZSDGMW'),(718,20,NULL,NULL,'online','completed','paid',NULL,NULL,20.02,'2025-05-11 18:55:41','2025-08-09 08:44:41','2025-08-09 08:44:41','01K2701TXVCXB36JMMVVA61WWV'),(719,20,NULL,NULL,'online','completed','paid',NULL,NULL,46.62,'2025-08-03 11:27:41','2025-08-09 08:44:41','2025-08-09 08:44:41','01K2701TY975PDRPBM2GZ7CFJY'),(720,20,NULL,NULL,'online','completed','paid',NULL,NULL,106.83,'2025-06-13 12:10:41','2025-08-09 08:44:41','2025-08-09 08:44:41','01K2701TYTAR43EC1PJW11Y7BC'),(721,20,NULL,NULL,'online','completed','paid',NULL,NULL,142.08,'2025-07-24 07:56:41','2025-08-09 08:44:41','2025-08-09 08:44:41','01K2701TZNEEEJJJJFFEV1QEG6'),(722,20,NULL,NULL,'online','completed','paid',NULL,NULL,46.54,'2025-07-15 01:55:41','2025-08-09 08:44:41','2025-08-09 08:44:41','01K2701V0AQ00DQJ43YSD35MVA'),(723,20,NULL,NULL,'online','completed','paid',NULL,NULL,45.80,'2025-07-05 12:55:41','2025-08-09 08:44:41','2025-08-09 08:44:41','01K2701V0QQD3H9V6S33RWHJTG'),(724,20,NULL,NULL,'online','completed','paid',NULL,NULL,16.24,'2025-07-29 13:51:41','2025-08-09 08:44:41','2025-08-09 08:44:41','01K2701V1H2VGN85ZKZYJ5JSQW'),(725,20,NULL,NULL,'online','completed','paid',NULL,NULL,46.54,'2025-05-29 08:03:41','2025-08-09 08:44:41','2025-08-09 08:44:41','01K2701V205QJBPC55YNF24FR4'),(726,20,NULL,NULL,'online','completed','paid',NULL,NULL,172.00,'2025-05-27 17:14:41','2025-08-09 08:44:41','2025-08-09 08:44:41','01K2701V2DQ0RJQY8D1BV86MDY'),(727,20,NULL,NULL,'online','completed','paid',NULL,NULL,77.08,'2025-07-05 03:47:41','2025-08-09 08:44:41','2025-08-09 08:44:42','01K2701V32359E5T7HWD8MJPHM'),(728,20,NULL,NULL,'online','completed','paid',NULL,NULL,66.40,'2025-06-04 20:00:42','2025-08-09 08:44:42','2025-08-09 08:44:42','01K2701V7CN4E746TH1SFRARZR'),(729,20,NULL,NULL,'online','completed','paid',NULL,NULL,94.25,'2025-07-31 18:48:42','2025-08-09 08:44:42','2025-08-09 08:44:42','01K2701V84AKKFJSQEMYYPK3BY'),(730,20,NULL,NULL,'online','completed','paid',NULL,NULL,130.38,'2025-07-06 00:31:42','2025-08-09 08:44:42','2025-08-09 08:44:42','01K2701V8N7SV9AFR13J79JCBK'),(731,20,NULL,NULL,'online','completed','paid',NULL,NULL,71.33,'2025-07-21 16:31:42','2025-08-09 08:44:42','2025-08-09 08:44:42','01K2701V9E8J70BRF9TP5AD5S1'),(732,20,NULL,NULL,'online','completed','paid',NULL,NULL,30.37,'2025-06-26 02:33:42','2025-08-09 08:44:42','2025-08-09 08:44:42','01K2701V9Z2AQR45MHB9QNCJ4Z'),(733,20,NULL,NULL,'online','completed','paid',NULL,NULL,5.58,'2025-06-14 10:08:42','2025-08-09 08:44:42','2025-08-09 08:44:42','01K2701VAJVSF2T9TFJJJM2ZAT'),(734,20,NULL,NULL,'online','completed','paid',NULL,NULL,139.38,'2025-07-14 03:38:42','2025-08-09 08:44:42','2025-08-09 08:44:42','01K2701VB1JPZCTAD61G4KFY95'),(735,20,NULL,NULL,'online','completed','paid',NULL,NULL,112.67,'2025-07-09 23:11:42','2025-08-09 08:44:42','2025-08-09 08:44:42','01K2701VBJKB4DZF37F51XMAP6'),(736,20,NULL,NULL,'online','completed','paid',NULL,NULL,149.03,'2025-06-02 19:03:42','2025-08-09 08:44:42','2025-08-09 08:44:42','01K2701VCD8C8GR8R4M3CAXCE9'),(737,20,NULL,NULL,'online','completed','paid',NULL,NULL,16.08,'2025-07-01 02:38:42','2025-08-09 08:44:42','2025-08-09 08:44:42','01K2701VD9AK9ZBEYHCPR5W2BB'),(738,20,NULL,NULL,'online','completed','paid',NULL,NULL,135.55,'2025-06-29 05:34:42','2025-08-09 08:44:42','2025-08-09 08:44:42','01K2701VH3V44HGXX1Y31C2YP2'),(739,20,NULL,NULL,'online','completed','paid',NULL,NULL,130.93,'2025-06-26 00:27:42','2025-08-09 08:44:42','2025-08-09 08:44:42','01K2701VHWX66TK7W0XDTJP0E1'),(740,20,NULL,NULL,'online','completed','paid',NULL,NULL,34.06,'2025-08-02 17:34:42','2025-08-09 08:44:42','2025-08-09 08:44:42','01K2701VJSKY1NGC0RZCG7ZA77'),(741,20,NULL,NULL,'online','completed','paid',NULL,NULL,106.39,'2025-05-10 14:23:42','2025-08-09 08:44:42','2025-08-09 08:44:42','01K2701VK66QSQD0PVKB39QCWZ'),(742,20,NULL,NULL,'online','completed','paid',NULL,NULL,69.45,'2025-05-10 10:55:42','2025-08-09 08:44:42','2025-08-09 08:44:42','01K2701VM24RTE5EHS2G75JWEA'),(743,20,NULL,NULL,'online','completed','paid',NULL,NULL,64.83,'2025-05-25 07:18:42','2025-08-09 08:44:42','2025-08-09 08:44:42','01K2701VMGZAV20MXGD6AR92RY'),(744,20,NULL,NULL,'online','completed','paid',NULL,NULL,34.06,'2025-06-26 13:25:42','2025-08-09 08:44:42','2025-08-09 08:44:42','01K2701VN3VJZQBDM96N28T7QR'),(745,20,NULL,NULL,'online','completed','paid',NULL,NULL,142.74,'2025-07-05 06:19:42','2025-08-09 08:44:42','2025-08-09 08:44:42','01K2701VNGVYRQ095YSK6QKN69'),(746,20,NULL,NULL,'online','completed','paid',NULL,NULL,97.07,'2025-06-15 08:24:42','2025-08-09 08:44:42','2025-08-09 08:44:42','01K2701VP1YKESKH4DVAR5DQ7M'),(747,20,NULL,NULL,'online','completed','paid',NULL,NULL,53.54,'2025-07-29 08:30:42','2025-08-09 08:44:42','2025-08-09 08:44:42','01K2701VPV2BHXK2TX5DBD8WX8'),(748,20,NULL,NULL,'online','completed','paid',NULL,NULL,45.38,'2025-06-05 14:05:42','2025-08-09 08:44:42','2025-08-09 08:44:42','01K2701VTNJ9DQTPVN3VJY92C0'),(749,20,NULL,NULL,'online','completed','paid',NULL,NULL,54.57,'2025-07-25 23:34:42','2025-08-09 08:44:42','2025-08-09 08:44:42','01K2701VV813E3MKN5028B2HRT'),(750,20,NULL,NULL,'online','completed','paid',NULL,NULL,156.81,'2025-06-25 22:56:42','2025-08-09 08:44:42','2025-08-09 08:44:42','01K2701VVXWN42X03C5DZ5P2TF'),(751,20,NULL,NULL,'online','completed','paid',NULL,NULL,71.26,'2025-06-01 13:30:42','2025-08-09 08:44:42','2025-08-09 08:44:42','01K2701VWTRRWJRNXVFF5929AT'),(752,20,NULL,NULL,'online','completed','paid',NULL,NULL,100.70,'2025-08-06 08:13:42','2025-08-09 08:44:42','2025-08-09 08:44:42','01K2701VXKB2AKZ8DZMWTR91Y9');
/*!40000 ALTER TABLE `customer_orders` ENABLE KEYS */;
UNLOCK TABLES;

--
-- Table structure for table `dish_ingredients`
--

DROP TABLE IF EXISTS `dish_ingredients`;
/*!40101 SET @saved_cs_client     = @@character_set_client */;
/*!50503 SET character_set_client = utf8mb4 */;
CREATE TABLE `dish_ingredients` (
  `id` bigint unsigned NOT NULL AUTO_INCREMENT,
  `dish_id` bigint unsigned NOT NULL,
  `supply_id` bigint unsigned NOT NULL,
  `qty_per_dish` decimal(12,3) NOT NULL,
  `unit` varchar(20) COLLATE utf8mb4_unicode_ci NOT NULL,
  `created_at` timestamp NULL DEFAULT NULL,
  `updated_at` timestamp NULL DEFAULT NULL,
  `ulid` char(26) COLLATE utf8mb4_unicode_ci DEFAULT NULL,
  PRIMARY KEY (`id`),
  UNIQUE KEY `uk_bom` (`dish_id`,`supply_id`),
  UNIQUE KEY `dish_ingredients_ulid_unique` (`ulid`),
  KEY `dish_ingredients_supply_id_foreign` (`supply_id`),
  CONSTRAINT `dish_ingredients_dish_id_foreign` FOREIGN KEY (`dish_id`) REFERENCES `dishes` (`id`) ON DELETE RESTRICT ON UPDATE CASCADE,
  CONSTRAINT `dish_ingredients_supply_id_foreign` FOREIGN KEY (`supply_id`) REFERENCES `supplies` (`id`) ON DELETE RESTRICT ON UPDATE CASCADE
) ENGINE=InnoDB AUTO_INCREMENT=99 DEFAULT CHARSET=utf8mb4 COLLATE=utf8mb4_unicode_ci;
/*!40101 SET character_set_client = @saved_cs_client */;

--
-- Dumping data for table `dish_ingredients`
--

LOCK TABLES `dish_ingredients` WRITE;
/*!40000 ALTER TABLE `dish_ingredients` DISABLE KEYS */;
INSERT INTO `dish_ingredients` VALUES (1,1,5,1.000,'pc','2025-08-09 07:18:01','2025-08-09 07:18:01','01K26V34DMG89S7G5NXJECFB2F'),(2,1,6,0.150,'kg','2025-08-09 07:18:01','2025-08-09 07:18:01','01K26V34DSK6Z8GW0X96Y14ESG'),(3,1,4,0.030,'kg','2025-08-09 07:18:01','2025-08-09 07:18:01','01K26V34DZ0SRV6K0AG3QAG9S1'),(4,1,7,0.020,'kg','2025-08-09 07:18:01','2025-08-09 07:18:01','01K26V34E448E093C0211EDB86'),(5,1,8,0.050,'kg','2025-08-09 07:18:01','2025-08-09 07:18:01','01K26V34EAATZYSRH1VKJXJC7Q'),(6,3,41,0.997,'pc','2025-08-09 08:44:04','2025-08-09 08:44:04','01K2700PJXGFX0ZV3PH3ZH4CNT'),(7,3,11,0.806,'l','2025-08-09 08:44:04','2025-08-09 08:44:04','01K2700PKGJY23NW9V94SR9NQF'),(8,3,98,1.024,'kg','2025-08-09 08:44:04','2025-08-09 08:44:04','01K2700PKP6EN4Z5HYP9YHRFVS'),(9,4,108,0.650,'kg','2025-08-09 08:44:04','2025-08-09 08:44:04','01K2700PMV38H0EPY0MPWJ21KF'),(10,4,71,0.806,'l','2025-08-09 08:44:04','2025-08-09 08:44:04','01K2700PND2GWHCYA2GQM2RJYB'),(11,4,69,0.622,'l','2025-08-09 08:44:04','2025-08-09 08:44:04','01K2700PNK70KXSN4D7F0Y7W2C'),(12,4,89,0.523,'l','2025-08-09 08:44:04','2025-08-09 08:44:04','01K2700PP6THABN5R536XFZHMP'),(13,5,103,0.693,'kg','2025-08-09 08:44:04','2025-08-09 08:44:04','01K2700PPXC41WMT1N2CNT3G7F'),(14,5,56,0.847,'pc','2025-08-09 08:44:04','2025-08-09 08:44:04','01K2700PQFDQEA8995602QSFH8'),(15,5,78,0.750,'kg','2025-08-09 08:44:04','2025-08-09 08:44:04','01K2700PQMWWKMTXZF2RXJCG1S'),(16,5,61,1.479,'l','2025-08-09 08:44:04','2025-08-09 08:44:04','01K2700PR8AJ6NGVD1RNFZM5Y7'),(17,5,79,1.093,'pc','2025-08-09 08:44:04','2025-08-09 08:44:04','01K2700PRERXVKBCZF98PQE11A'),(18,5,69,0.997,'l','2025-08-09 08:44:04','2025-08-09 08:44:04','01K2700PS0KBVZXEMMA28GSNSS'),(19,6,45,0.925,'pc','2025-08-09 08:44:04','2025-08-09 08:44:04','01K2700PSNADDTCBNBEVXM99B0'),(20,6,44,0.853,'pc','2025-08-09 08:44:04','2025-08-09 08:44:04','01K2700PT81ENV85TH3JC2M36C'),(21,6,47,0.973,'kg','2025-08-09 08:44:04','2025-08-09 08:44:04','01K2700PTEYHKFXN8M00F06NF4'),(22,6,58,0.289,'l','2025-08-09 08:44:04','2025-08-09 08:44:04','01K2700PV0HPT4GJS9Y9EFJX60'),(23,6,50,0.619,'kg','2025-08-09 08:44:04','2025-08-09 08:44:04','01K2700PV5CAQ2XAT7TN68WHY3'),(24,6,74,0.824,'l','2025-08-09 08:44:04','2025-08-09 08:44:04','01K2700PVNFHHG8XNC4V50WMD8'),(25,7,35,1.204,'l','2025-08-09 08:44:04','2025-08-09 08:44:04','01K2700PWFZ2P4XVCPHE3S8W1X'),(26,7,11,0.890,'l','2025-08-09 08:44:04','2025-08-09 08:44:04','01K2700PWZV4FY4WC44K5CYJYB'),(27,7,71,0.230,'l','2025-08-09 08:44:04','2025-08-09 08:44:04','01K2700PXHMD91E28GTZVKY861'),(28,7,92,0.738,'l','2025-08-09 08:44:04','2025-08-09 08:44:04','01K2700PXQE6X5Y4QGPVB6XTPC'),(29,8,86,0.869,'pc','2025-08-09 08:44:04','2025-08-09 08:44:04','01K2700PYVW0KQQTG9DGAYNQP2'),(30,8,28,0.719,'kg','2025-08-09 08:44:04','2025-08-09 08:44:04','01K2700PZ0WVFTJ5AV6KTNBFCH'),(31,8,16,0.041,'l','2025-08-09 08:44:04','2025-08-09 08:44:04','01K2700PZJPNP5JSE3BN0AA847'),(32,8,94,0.720,'l','2025-08-09 08:44:04','2025-08-09 08:44:04','01K2700Q06NJ9X03B1WD9D2W5C'),(33,9,58,0.476,'l','2025-08-09 08:44:05','2025-08-09 08:44:05','01K2700Q10HTH4S82VJV7ZDAY6'),(34,9,62,1.089,'pc','2025-08-09 08:44:05','2025-08-09 08:44:05','01K2700Q15F9RFJW85KDKRWJTJ'),(35,9,107,0.770,'kg','2025-08-09 08:44:05','2025-08-09 08:44:05','01K2700Q1PVREPTD84XMG63VAM'),(36,9,95,1.490,'l','2025-08-09 08:44:05','2025-08-09 08:44:05','01K2700Q271Z677G14BKATK9ND'),(37,10,97,1.279,'l','2025-08-09 08:44:05','2025-08-09 08:44:05','01K2700Q2YV2P3ZRJ6DZ6ASYN7'),(38,10,88,0.347,'kg','2025-08-09 08:44:05','2025-08-09 08:44:05','01K2700Q331XP59GA996EG6VP6'),(39,10,28,0.204,'kg','2025-08-09 08:44:05','2025-08-09 08:44:05','01K2700Q3ME8R9D6NVFAB2SCJA'),(40,10,47,0.292,'kg','2025-08-09 08:44:05','2025-08-09 08:44:05','01K2700Q47C81KYJJTM84EGVNX'),(41,10,106,0.472,'pc','2025-08-09 08:44:05','2025-08-09 08:44:05','01K2700Q4CPKKA44YXTC1TTF4Y'),(42,10,66,0.866,'pc','2025-08-09 08:44:05','2025-08-09 08:44:05','01K2700Q4Y7TJEDMBF4WPFTTCZ'),(43,11,81,1.205,'pc','2025-08-09 08:44:05','2025-08-09 08:44:05','01K2700Q5NH60X51BG4TFD3FZ3'),(44,11,66,0.298,'pc','2025-08-09 08:44:05','2025-08-09 08:44:05','01K2700Q5T0E3XR97R9JB2NWN3'),(45,11,70,0.270,'kg','2025-08-09 08:44:05','2025-08-09 08:44:05','01K2700Q6DDCEYW69YN802SDBR'),(46,11,104,0.730,'l','2025-08-09 08:44:05','2025-08-09 08:44:05','01K2700Q6JE2BWRF4EYZSH3GYW'),(47,11,14,0.979,'kg','2025-08-09 08:44:05','2025-08-09 08:44:05','01K2700Q732KVZS5G05WQ2CB7G'),(48,11,15,1.037,'kg','2025-08-09 08:44:05','2025-08-09 08:44:05','01K2700Q7M8SXKZDQXXVZCDVV9'),(49,12,29,0.636,'l','2025-08-09 08:44:05','2025-08-09 08:44:05','01K2700Q8BWK1EM13C72MMHMGM'),(50,12,34,1.262,'kg','2025-08-09 08:44:05','2025-08-09 08:44:05','01K2700Q8YMX7CN4XV5BYFAZYX'),(51,12,80,0.378,'kg','2025-08-09 08:44:05','2025-08-09 08:44:05','01K2700Q93JCTBJV8T2M6F677S'),(52,12,67,1.419,'l','2025-08-09 08:44:05','2025-08-09 08:44:05','01K2700Q9MVJ3XT72FM6B4BTP8'),(53,12,33,0.361,'kg','2025-08-09 08:44:05','2025-08-09 08:44:05','01K2700QA5MXG69SGD3BVH2FR1'),(54,12,85,1.066,'l','2025-08-09 08:44:05','2025-08-09 08:44:05','01K2700QAA2DEFK10KB0BM4AZV'),(55,13,99,0.363,'kg','2025-08-09 08:44:05','2025-08-09 08:44:05','01K2700QBC5F7KK30H1NTTWD02'),(56,13,62,0.539,'pc','2025-08-09 08:44:05','2025-08-09 08:44:05','01K2700QBKHN4EANZPMKW32GYG'),(57,13,59,0.981,'l','2025-08-09 08:44:05','2025-08-09 08:44:05','01K2700QC60TEZ7N4FHKPN54PE'),(58,13,96,0.288,'pc','2025-08-09 08:44:05','2025-08-09 08:44:05','01K2700QCR7A07WNS1JWS2P9HY'),(59,14,94,0.426,'l','2025-08-09 08:44:05','2025-08-09 08:44:05','01K2700QDD6NCTKVY5W7X7R9WN'),(60,14,86,0.489,'pc','2025-08-09 08:44:05','2025-08-09 08:44:05','01K2700QE0RTZH6QXYHCXPA6HN'),(61,14,24,0.915,'kg','2025-08-09 08:44:05','2025-08-09 08:44:05','01K2700QE4H5GQT6HB4CWKEHPA'),(62,14,107,1.251,'kg','2025-08-09 08:44:05','2025-08-09 08:44:05','01K2700QENA48R0ZNQB3R9D9ZH'),(63,15,46,0.644,'l','2025-08-09 08:44:05','2025-08-09 08:44:05','01K2700QFBZWRET2BGZGTWB7W2'),(64,15,64,1.242,'kg','2025-08-09 08:44:05','2025-08-09 08:44:05','01K2700QFWCP7Q4H1NRJ8YGRM8'),(65,15,41,0.278,'pc','2025-08-09 08:44:05','2025-08-09 08:44:05','01K2700QG2CYCH5NEKTA3PWBNJ'),(66,16,54,1.185,'kg','2025-08-09 08:44:05','2025-08-09 08:44:05','01K2700QGSB7PQ6H7DPKAD11RR'),(67,16,99,1.404,'kg','2025-08-09 08:44:05','2025-08-09 08:44:05','01K2700QHBSFGX8D21REVZQ2PK'),(68,16,49,0.607,'pc','2025-08-09 08:44:05','2025-08-09 08:44:05','01K2700QHZFYKAVKDPEMFSCJ4S'),(69,16,77,0.089,'kg','2025-08-09 08:44:05','2025-08-09 08:44:05','01K2700QJ5G55XCD840FJGHJ8A'),(70,16,22,0.239,'kg','2025-08-09 08:44:05','2025-08-09 08:44:05','01K2700QJRD8TBQFA8QWSC1AE5'),(71,16,27,1.097,'pc','2025-08-09 08:44:05','2025-08-09 08:44:05','01K2700QJXW2WECF6MASSGEV1G'),(72,17,74,1.117,'l','2025-08-09 08:44:05','2025-08-09 08:44:05','01K2700QM11S792Y4FXW0H0DM7'),(73,17,99,0.733,'kg','2025-08-09 08:44:05','2025-08-09 08:44:05','01K2700QMMTK7KRAAAYGS9R2P2'),(74,17,32,0.261,'kg','2025-08-09 08:44:05','2025-08-09 08:44:05','01K2700QMSSSEY727D38G8E7ZM'),(75,17,75,0.392,'pc','2025-08-09 08:44:05','2025-08-09 08:44:05','01K2700QNBXYASR6G1KHF7CXJD'),(76,18,96,0.827,'pc','2025-08-09 08:44:05','2025-08-09 08:44:05','01K2700QP4N3SZTQKNJDX22E63'),(77,18,83,0.019,'pc','2025-08-09 08:44:05','2025-08-09 08:44:05','01K2700QP9SQ7SQ2SATE7DDHC1'),(78,18,43,0.596,'l','2025-08-09 08:44:05','2025-08-09 08:44:05','01K2700QPSVEGCDNSPXY76SY1E'),(79,18,108,0.686,'kg','2025-08-09 08:44:05','2025-08-09 08:44:05','01K2700QQCC0PE2J2PD4JFFDY3'),(80,19,81,0.502,'pc','2025-08-09 08:44:05','2025-08-09 08:44:05','01K2700QR9D19WZM2ZH4B02F0M'),(81,19,25,0.319,'pc','2025-08-09 08:44:05','2025-08-09 08:44:05','01K2700QRGZ81JA671YT7DGJM1'),(82,19,15,0.071,'kg','2025-08-09 08:44:05','2025-08-09 08:44:05','01K2700QS3054P86TN9ARQES0B'),(83,19,88,1.009,'kg','2025-08-09 08:44:05','2025-08-09 08:44:05','01K2700QSA97K9P6A0KC1H3NDD'),(84,19,104,1.248,'l','2025-08-09 08:44:05','2025-08-09 08:44:05','01K2700QSTTBHJA77FWKDS6KS1'),(85,20,44,0.739,'pc','2025-08-09 08:44:05','2025-08-09 08:44:05','01K2700QTHE0MK3HJWXDDFQF5A'),(86,20,71,0.053,'l','2025-08-09 08:44:05','2025-08-09 08:44:05','01K2700QV3R6P16QNQHMQXQ2CA'),(87,20,38,0.296,'l','2025-08-09 08:44:05','2025-08-09 08:44:05','01K2700QVMM30EMECCEHM6WG27'),(88,20,15,1.108,'kg','2025-08-09 08:44:05','2025-08-09 08:44:05','01K2700QVS4YA167F9N3FTTYCQ'),(89,21,14,0.544,'kg','2025-08-09 08:44:05','2025-08-09 08:44:05','01K2700QWJM4EAPWYF5JWC4PRN'),(90,21,78,0.090,'kg','2025-08-09 08:44:05','2025-08-09 08:44:05','01K2700QX4HBZ3MQ85XW84VV9E'),(91,21,75,0.146,'pc','2025-08-09 08:44:05','2025-08-09 08:44:05','01K2700QX94G36WAQN4CNMZK3F'),(92,21,93,1.442,'pc','2025-08-09 08:44:05','2025-08-09 08:44:05','01K2700QXWKN5ADK0PREA85BM2'),(93,21,98,1.057,'kg','2025-08-09 08:44:05','2025-08-09 08:44:05','01K2700QYE4DCD7K558S8XSPPN'),(94,21,50,1.229,'kg','2025-08-09 08:44:05','2025-08-09 08:44:05','01K2700QYMSEYAP4NDK7CXGQX0'),(95,22,101,0.720,'kg','2025-08-09 08:44:05','2025-08-09 08:44:05','01K2700QZD9CTC88FG5VRV4G7M'),(96,22,92,0.464,'l','2025-08-09 08:44:06','2025-08-09 08:44:06','01K2700R01XK9Q8M4BGV7QZW0G'),(97,22,41,0.345,'pc','2025-08-09 08:44:06','2025-08-09 08:44:06','01K2700R0NC27QKQV7FRPG99A8'),(98,22,65,0.525,'pc','2025-08-09 08:44:06','2025-08-09 08:44:06','01K2700R0XP8YZNYNPZRXA1H8R');
/*!40000 ALTER TABLE `dish_ingredients` ENABLE KEYS */;
UNLOCK TABLES;

--
-- Table structure for table `dish_translations`
--

DROP TABLE IF EXISTS `dish_translations`;
/*!40101 SET @saved_cs_client     = @@character_set_client */;
/*!50503 SET character_set_client = utf8mb4 */;
CREATE TABLE `dish_translations` (
  `id` bigint unsigned NOT NULL AUTO_INCREMENT,
  `dish_id` bigint unsigned NOT NULL,
  `locale` varchar(10) COLLATE utf8mb4_unicode_ci NOT NULL,
  `name` varchar(255) COLLATE utf8mb4_unicode_ci NOT NULL,
  `description` text COLLATE utf8mb4_unicode_ci,
  `created_at` timestamp NULL DEFAULT NULL,
  `updated_at` timestamp NULL DEFAULT NULL,
  PRIMARY KEY (`id`),
  UNIQUE KEY `uk_dish_locale` (`dish_id`,`locale`),
  CONSTRAINT `dish_translations_dish_id_foreign` FOREIGN KEY (`dish_id`) REFERENCES `dishes` (`id`) ON DELETE CASCADE
) ENGINE=InnoDB DEFAULT CHARSET=utf8mb4 COLLATE=utf8mb4_unicode_ci;
/*!40101 SET character_set_client = @saved_cs_client */;

--
-- Dumping data for table `dish_translations`
--

LOCK TABLES `dish_translations` WRITE;
/*!40000 ALTER TABLE `dish_translations` DISABLE KEYS */;
/*!40000 ALTER TABLE `dish_translations` ENABLE KEYS */;
UNLOCK TABLES;

--
-- Table structure for table `dishes`
--

DROP TABLE IF EXISTS `dishes`;
/*!40101 SET @saved_cs_client     = @@character_set_client */;
/*!50503 SET character_set_client = utf8mb4 */;
CREATE TABLE `dishes` (
  `id` bigint unsigned NOT NULL AUTO_INCREMENT,
  `name` varchar(255) COLLATE utf8mb4_unicode_ci NOT NULL,
  `description` text COLLATE utf8mb4_unicode_ci,
  `price` decimal(8,2) NOT NULL,
  `created_at` timestamp NULL DEFAULT NULL,
  `updated_at` timestamp NULL DEFAULT NULL,
  `ulid` char(26) COLLATE utf8mb4_unicode_ci DEFAULT NULL,
  PRIMARY KEY (`id`),
  UNIQUE KEY `dishes_ulid_unique` (`ulid`)
) ENGINE=InnoDB AUTO_INCREMENT=23 DEFAULT CHARSET=utf8mb4 COLLATE=utf8mb4_unicode_ci;
/*!40101 SET character_set_client = @saved_cs_client */;

--
-- Dumping data for table `dishes`
--

LOCK TABLES `dishes` WRITE;
/*!40000 ALTER TABLE `dishes` DISABLE KEYS */;
INSERT INTO `dishes` VALUES (1,'Classic Burger','Bun + Patty + Cheddar + Veggies',9.90,'2025-08-09 07:18:01','2025-08-09 07:18:01','01K26V34DDZX96E0YHAQ3N47R1'),(3,'Dish 1','Cupiditate quas odit quo molestiae praesentium quo.',8.55,'2025-08-09 08:44:04','2025-08-09 08:44:04','01K2700PJR2G8D4SZT75ZGK5NV'),(4,'Dish 2','Aut ad et autem sit aut veniam.',24.79,'2025-08-09 08:44:04','2025-08-09 08:44:04','01K2700PM8VEEVB7MMT891EY86'),(5,'Dish 3','Temporibus in et eos est.',23.15,'2025-08-09 08:44:04','2025-08-09 08:44:04','01K2700PPRA8YTWAGF1V1X2S80'),(6,'Dish 4','Possimus et sunt ut ut consequatur.',23.31,'2025-08-09 08:44:04','2025-08-09 08:44:04','01K2700PS5HP8Q098M96XJ5C5A'),(7,'Dish 5','Sapiente error vel exercitationem consectetur dicta eius quo est.',23.27,'2025-08-09 08:44:04','2025-08-09 08:44:04','01K2700PWAY86GMFGTACTF037P'),(8,'Dish 6','Est deserunt dolor commodi rerum.',17.03,'2025-08-09 08:44:04','2025-08-09 08:44:04','01K2700PY90SQ6JJH2WGMJ8XXW'),(9,'Dish 7','Sed placeat officiis quis dignissimos officiis ut.',7.06,'2025-08-09 08:44:05','2025-08-09 08:44:05','01K2700Q0D4MRSQKQZC1Q1Y2QY'),(10,'Dish 8','Eos est sit modi possimus explicabo.',20.02,'2025-08-09 08:44:05','2025-08-09 08:44:05','01K2700Q2CXEKGNTNF0GNFN9BE'),(11,'Dish 9','Autem iste id et aperiam quisquam corporis.',6.85,'2025-08-09 08:44:05','2025-08-09 08:44:05','01K2700Q53CFGTV7X452MB8K10'),(12,'Dish 10','Eius vero expedita architecto nam sint aut.',19.16,'2025-08-09 08:44:05','2025-08-09 08:44:05','01K2700Q7RPF9EDD4J2SWZ2HXC'),(13,'Dish 11','Itaque incidunt qui et dolor.',12.23,'2025-08-09 08:44:05','2025-08-09 08:44:05','01K2700QAT78N1RWX5SWFC5TH6'),(14,'Dish 12','Exercitationem ipsum dolore nemo similique.',8.04,'2025-08-09 08:44:05','2025-08-09 08:44:05','01K2700QCX8WHVBA2TKVBQCS6R'),(15,'Dish 13','Qui tempore doloribus magnam id.',24.27,'2025-08-09 08:44:05','2025-08-09 08:44:05','01K2700QEV6GDHPDRM8AY1VBH3'),(16,'Dish 14','Voluptas est dolores molestiae odit magnam.',16.24,'2025-08-09 08:44:05','2025-08-09 08:44:05','01K2700QGMKS062F5XY60GC7NE'),(17,'Dish 15','Qui sunt fuga qui maxime qui amet rem ab.',9.68,'2025-08-09 08:44:05','2025-08-09 08:44:05','01K2700QKER665YQ69W91ZP5D2'),(18,'Dish 16','Ducimus sed asperiores facilis in voluptatum.',17.10,'2025-08-09 08:44:05','2025-08-09 08:44:05','01K2700QNHC5AB8529QK10PAV3'),(19,'Dish 17','Voluptas tempore natus mollitia odit error.',5.58,'2025-08-09 08:44:05','2025-08-09 08:44:05','01K2700QQQKB5F5J6VEAPM2KAK'),(20,'Dish 18','Et vero vitae culpa ut.',18.73,'2025-08-09 08:44:05','2025-08-09 08:44:05','01K2700QTCATGGVAPXS71G4WA4'),(21,'Dish 19','Repellat quis praesentium dolores voluptas.',15.57,'2025-08-09 08:44:05','2025-08-09 08:44:05','01K2700QWDMSGF65NK38X0XAJS'),(22,'Dish 20','Non aut sint ipsum.',12.40,'2025-08-09 08:44:05','2025-08-09 08:44:05','01K2700QZ7ZRPWHX02TRKFTJXG');
/*!40000 ALTER TABLE `dishes` ENABLE KEYS */;
UNLOCK TABLES;

--
-- Table structure for table `event_registrations`
--

DROP TABLE IF EXISTS `event_registrations`;
/*!40101 SET @saved_cs_client     = @@character_set_client */;
/*!50503 SET character_set_client = utf8mb4 */;
CREATE TABLE `event_registrations` (
  `id` bigint unsigned NOT NULL AUTO_INCREMENT,
  `event_id` bigint unsigned NOT NULL,
  `truck_id` bigint unsigned NOT NULL,
  `created_at` timestamp NULL DEFAULT NULL,
  `updated_at` timestamp NULL DEFAULT NULL,
  `ulid` char(26) COLLATE utf8mb4_unicode_ci DEFAULT NULL,
  PRIMARY KEY (`id`),
  UNIQUE KEY `event_registrations_ulid_unique` (`ulid`),
  KEY `event_registrations_event_id_foreign` (`event_id`),
  KEY `event_registrations_truck_id_foreign` (`truck_id`),
  CONSTRAINT `event_registrations_event_id_foreign` FOREIGN KEY (`event_id`) REFERENCES `events` (`id`) ON DELETE CASCADE,
  CONSTRAINT `event_registrations_truck_id_foreign` FOREIGN KEY (`truck_id`) REFERENCES `trucks` (`id`) ON DELETE CASCADE
) ENGINE=InnoDB DEFAULT CHARSET=utf8mb4 COLLATE=utf8mb4_unicode_ci;
/*!40101 SET character_set_client = @saved_cs_client */;

--
-- Dumping data for table `event_registrations`
--

LOCK TABLES `event_registrations` WRITE;
/*!40000 ALTER TABLE `event_registrations` DISABLE KEYS */;
/*!40000 ALTER TABLE `event_registrations` ENABLE KEYS */;
UNLOCK TABLES;

--
-- Table structure for table `events`
--

DROP TABLE IF EXISTS `events`;
/*!40101 SET @saved_cs_client     = @@character_set_client */;
/*!50503 SET character_set_client = utf8mb4 */;
CREATE TABLE `events` (
  `id` bigint unsigned NOT NULL AUTO_INCREMENT,
  `name` varchar(255) COLLATE utf8mb4_unicode_ci NOT NULL,
  `date` date DEFAULT NULL,
  `location` varchar(255) COLLATE utf8mb4_unicode_ci DEFAULT NULL,
  `description` text COLLATE utf8mb4_unicode_ci,
  `created_at` timestamp NULL DEFAULT NULL,
  `updated_at` timestamp NULL DEFAULT NULL,
  PRIMARY KEY (`id`)
) ENGINE=InnoDB DEFAULT CHARSET=utf8mb4 COLLATE=utf8mb4_unicode_ci;
/*!40101 SET character_set_client = @saved_cs_client */;

--
-- Dumping data for table `events`
--

LOCK TABLES `events` WRITE;
/*!40000 ALTER TABLE `events` DISABLE KEYS */;
/*!40000 ALTER TABLE `events` ENABLE KEYS */;
UNLOCK TABLES;

--
-- Table structure for table `failed_jobs`
--

DROP TABLE IF EXISTS `failed_jobs`;
/*!40101 SET @saved_cs_client     = @@character_set_client */;
/*!50503 SET character_set_client = utf8mb4 */;
CREATE TABLE `failed_jobs` (
  `id` bigint unsigned NOT NULL AUTO_INCREMENT,
  `uuid` varchar(255) COLLATE utf8mb4_unicode_ci NOT NULL,
  `connection` text COLLATE utf8mb4_unicode_ci NOT NULL,
  `queue` text COLLATE utf8mb4_unicode_ci NOT NULL,
  `payload` longtext COLLATE utf8mb4_unicode_ci NOT NULL,
  `exception` longtext COLLATE utf8mb4_unicode_ci NOT NULL,
  `failed_at` timestamp NOT NULL DEFAULT CURRENT_TIMESTAMP,
  PRIMARY KEY (`id`),
  UNIQUE KEY `failed_jobs_uuid_unique` (`uuid`)
) ENGINE=InnoDB DEFAULT CHARSET=utf8mb4 COLLATE=utf8mb4_unicode_ci;
/*!40101 SET character_set_client = @saved_cs_client */;

--
-- Dumping data for table `failed_jobs`
--

LOCK TABLES `failed_jobs` WRITE;
/*!40000 ALTER TABLE `failed_jobs` DISABLE KEYS */;
/*!40000 ALTER TABLE `failed_jobs` ENABLE KEYS */;
UNLOCK TABLES;

--
-- Table structure for table `franchises`
--

DROP TABLE IF EXISTS `franchises`;
/*!40101 SET @saved_cs_client     = @@character_set_client */;
/*!50503 SET character_set_client = utf8mb4 */;
CREATE TABLE `franchises` (
  `id` bigint unsigned NOT NULL AUTO_INCREMENT,
  `name` varchar(255) COLLATE utf8mb4_unicode_ci NOT NULL,
  `created_at` timestamp NULL DEFAULT NULL,
  `updated_at` timestamp NULL DEFAULT NULL,
  `ulid` char(26) COLLATE utf8mb4_unicode_ci DEFAULT NULL,
  PRIMARY KEY (`id`),
  UNIQUE KEY `uk_franchises_name` (`name`),
  UNIQUE KEY `franchises_ulid_unique` (`ulid`)
) ENGINE=InnoDB AUTO_INCREMENT=12 DEFAULT CHARSET=utf8mb4 COLLATE=utf8mb4_unicode_ci;
/*!40101 SET character_set_client = @saved_cs_client */;

--
-- Dumping data for table `franchises`
--

LOCK TABLES `franchises` WRITE;
/*!40000 ALTER TABLE `franchises` DISABLE KEYS */;
INSERT INTO `franchises` VALUES (1,'salomocisse','2025-08-09 03:58:17','2025-08-09 03:58:17','01K26RV9VF3MRS507VWXPT3NQF'),(2,'Paris HQ','2025-08-09 07:02:08','2025-08-09 07:02:08','01K26T6284G2QGG6J57VSBZ6RG'),(3,'Lyon Branch','2025-08-09 07:02:08','2025-08-09 07:02:08','01K26T6289SJ7M1SH3FSQ4WA49'),(4,'jrtgvzse','2025-08-09 07:48:52','2025-08-09 07:48:52','01K26WVMM4JB4YBGBX4D0TYGVC'),(5,'hetrhe','2025-08-09 08:07:09','2025-08-09 08:07:09','01K26XX32QJ1AG5XZ74MCSM5A0'),(6,'Franchise 2YT','2025-08-09 08:44:00','2025-08-09 08:44:00','01K2700J702J0VWWH7A6FAXHHV'),(7,'Franchise LOG','2025-08-09 08:44:00','2025-08-09 08:44:00','01K2700J7R076TJ08X3CGAAARM'),(8,'Franchise JOT','2025-08-09 08:44:00','2025-08-09 08:44:00','01K2700J7WJRQ1CHDQGK5CCHXG'),(9,'Franchise FAF','2025-08-09 08:44:00','2025-08-09 08:44:00','01K2700J8MJM6JKA9W0EFWYQ01'),(10,'Franchise FXG','2025-08-09 08:44:00','2025-08-09 08:44:00','01K2700J8S8JR3BPR5VC5YGKBJ'),(11,'noahp','2025-08-09 09:41:08','2025-08-09 09:41:08','01K27395W01H8TF3QN5TCGS375');
/*!40000 ALTER TABLE `franchises` ENABLE KEYS */;
UNLOCK TABLES;

--
-- Table structure for table `inventory`
--

DROP TABLE IF EXISTS `inventory`;
/*!40101 SET @saved_cs_client     = @@character_set_client */;
/*!50503 SET character_set_client = utf8mb4 */;
CREATE TABLE `inventory` (
  `id` bigint unsigned NOT NULL AUTO_INCREMENT,
  `warehouse_id` bigint unsigned NOT NULL,
  `supply_id` bigint unsigned NOT NULL,
  `on_hand` decimal(12,3) NOT NULL DEFAULT '0.000',
  `created_at` timestamp NULL DEFAULT NULL,
  `updated_at` timestamp NULL DEFAULT NULL,
  `ulid` char(26) COLLATE utf8mb4_unicode_ci DEFAULT NULL,
  PRIMARY KEY (`id`),
  UNIQUE KEY `uk_inventory` (`warehouse_id`,`supply_id`),
  UNIQUE KEY `inventory_ulid_unique` (`ulid`),
  KEY `inventory_supply_id_foreign` (`supply_id`),
  KEY `ix_inv_wh_supply` (`warehouse_id`,`supply_id`),
  CONSTRAINT `inventory_supply_id_foreign` FOREIGN KEY (`supply_id`) REFERENCES `supplies` (`id`) ON DELETE RESTRICT ON UPDATE CASCADE,
  CONSTRAINT `inventory_warehouse_id_foreign` FOREIGN KEY (`warehouse_id`) REFERENCES `warehouses` (`id`) ON DELETE RESTRICT ON UPDATE CASCADE
) ENGINE=InnoDB AUTO_INCREMENT=301 DEFAULT CHARSET=utf8mb4 COLLATE=utf8mb4_unicode_ci;
/*!40101 SET character_set_client = @saved_cs_client */;

--
-- Dumping data for table `inventory`
--

LOCK TABLES `inventory` WRITE;
/*!40000 ALTER TABLE `inventory` DISABLE KEYS */;
INSERT INTO `inventory` VALUES (1,5,4,40.000,'2025-08-09 07:22:00','2025-08-09 08:43:59','01K26VAEAD7YH0R2BCFJ0RM2FE'),(2,5,7,20.000,'2025-08-09 07:22:00','2025-08-09 08:43:59','01K26VAEAHN9ZCV3VDRKVBGDNG'),(3,8,15,8.000,'2025-08-09 08:44:09','2025-08-09 08:44:09','01K2700V79ZRDMSCKHSVWT5EYA'),(4,8,21,30.000,'2025-08-09 08:44:09','2025-08-09 08:44:09','01K2700V7CBFR6N9MB8R0C2TH1'),(5,8,30,29.000,'2025-08-09 08:44:09','2025-08-09 08:44:09','01K2700V7E3E7NS34YNP8SPZT5'),(6,7,52,60.000,'2025-08-09 08:44:09','2025-08-09 08:44:09','01K2700VCVTARZPFW7KY1VKN2D'),(7,7,103,68.000,'2025-08-09 08:44:09','2025-08-09 08:44:09','01K2700VCYKRPGERCSH5B0FXM7'),(8,7,70,12.000,'2025-08-09 08:44:09','2025-08-09 08:44:09','01K2700VCZX9EDK3AN1GSPS86Z'),(9,7,39,122.000,'2025-08-09 08:44:09','2025-08-09 08:44:10','01K2700VD2F5P1K2T03R7SXGRC'),(10,7,62,100.000,'2025-08-09 08:44:09','2025-08-09 08:44:09','01K2700VD47YCZ5807073RGYT6'),(11,7,58,66.000,'2025-08-09 08:44:09','2025-08-09 08:44:10','01K2700VF2R4JDRRSBENJTXQCC'),(12,7,96,87.000,'2025-08-09 08:44:09','2025-08-09 08:44:09','01K2700VF4HT6562MVT3ZGC1EF'),(13,7,83,84.000,'2025-08-09 08:44:09','2025-08-09 08:44:09','01K2700VF6QMGZMQZK6S5DY1HM'),(14,7,73,10.000,'2025-08-09 08:44:09','2025-08-09 08:44:09','01K2700VH1SCN7P913PHZXR6WN'),(15,7,99,14.000,'2025-08-09 08:44:09','2025-08-09 08:44:09','01K2700VH3J0KMVH3ERYQD2YC3'),(16,7,93,21.000,'2025-08-09 08:44:09','2025-08-09 08:44:09','01K2700VK2XDNYS2RZXEWP7PWC'),(17,7,79,5.000,'2025-08-09 08:44:09','2025-08-09 08:44:09','01K2700VK42SZZZ3TKC6QXADN2'),(18,7,26,32.000,'2025-08-09 08:44:09','2025-08-09 08:44:10','01K2700VK6QCQVHRQFQQV22GR3'),(19,7,21,3.000,'2025-08-09 08:44:09','2025-08-09 08:44:09','01K2700VK8YHY4C7HWAYVWKDRD'),(20,7,42,6.000,'2025-08-09 08:44:09','2025-08-09 08:44:10','01K2700VR9MNMSBJNCAPM90X6R'),(21,7,87,78.000,'2025-08-09 08:44:09','2025-08-09 08:44:10','01K2700VRC6KV9G3N9HFSQF1SF'),(22,7,56,9.000,'2025-08-09 08:44:09','2025-08-09 08:44:10','01K2700VRER2KDRCVY4A74GWYZ'),(23,7,44,66.000,'2025-08-09 08:44:09','2025-08-09 08:44:10','01K2700VRGG7HPHB7FYJYJMNXT'),(24,7,37,45.000,'2025-08-09 08:44:09','2025-08-09 08:44:10','01K2700VRKGYNAX3P7RC1PK6P1'),(25,8,76,22.000,'2025-08-09 08:44:09','2025-08-09 08:44:10','01K2700VTT1XW3BMAW3KK2S5ZD'),(26,8,56,24.000,'2025-08-09 08:44:09','2025-08-09 08:44:10','01K2700VTX15P0W38SN8D6AYEA'),(27,8,49,20.000,'2025-08-09 08:44:09','2025-08-09 08:44:10','01K2700VTZNK8Y57E15YCNVB0E'),(28,8,102,20.000,'2025-08-09 08:44:09','2025-08-09 08:44:10','01K2700VV1416JDGQC4RNY2ZAM'),(29,8,45,2.000,'2025-08-09 08:44:09','2025-08-09 08:44:10','01K2700VV3NMTJW7TWYDWVEG75'),(30,7,92,52.000,'2025-08-09 08:44:10','2025-08-09 08:44:10','01K2700VXFT6465GFKV68RH4V0'),(31,7,85,20.000,'2025-08-09 08:44:10','2025-08-09 08:44:10','01K2700VXJZ9PNZ8T5JSRXP1WR'),(32,7,31,30.000,'2025-08-09 08:44:10','2025-08-09 08:44:10','01K2700VXMZ27F5BJADA72QVBV'),(33,7,43,44.000,'2025-08-09 08:44:10','2025-08-09 08:44:10','01K2700VXPZZMY60TH1STJW2K7'),(34,7,63,16.000,'2025-08-09 08:44:10','2025-08-09 08:44:10','01K2700VXRYNW8CTX4FDHY1Y2A'),(35,7,13,8.000,'2025-08-09 08:44:10','2025-08-09 08:44:10','01K2700VXTQWAKM0DRWJFD5G8G'),(36,8,39,11.000,'2025-08-09 08:44:10','2025-08-09 08:44:10','01K2700W26EJVP5M4JGEVMPBTP'),(37,8,99,23.000,'2025-08-09 08:44:10','2025-08-09 08:44:10','01K2700W29EWZSAAFN0ZJNSJ10'),(38,8,84,17.000,'2025-08-09 08:44:10','2025-08-09 08:44:10','01K2700W2BMTGEKW5JCWDE697R'),(39,7,94,7.000,'2025-08-09 08:44:10','2025-08-09 08:44:10','01K2700W4TCKMZ3ZN0Y81EJWA8'),(40,7,50,7.000,'2025-08-09 08:44:10','2025-08-09 08:44:10','01K2700W50YQ47PJPXGTKEY2WG'),(41,7,57,9.000,'2025-08-09 08:44:10','2025-08-09 08:44:10','01K2700W53DP7T7MZMT6PD49AD'),(42,7,27,33.000,'2025-08-09 08:44:10','2025-08-09 08:44:10','01K2700W6Q6K6JG5MX80EBC1B5'),(43,7,20,21.000,'2025-08-09 08:44:10','2025-08-09 08:44:10','01K2700W6T0QM7ME8TTATVMR3F'),(44,7,69,33.000,'2025-08-09 08:44:10','2025-08-09 08:44:10','01K2700W6WQV7Y0K3CMFJQ5FZN'),(45,7,18,18.000,'2025-08-09 08:44:10','2025-08-09 08:44:10','01K2700WCC00SBY7CTJBB1WSPN'),(46,7,78,58.000,'2025-08-09 08:44:10','2025-08-09 08:44:10','01K2700WCE8RT0DNJH66ESMNBP'),(47,7,107,32.000,'2025-08-09 08:44:10','2025-08-09 08:44:10','01K2700WCGF117K6M4NKKZ32EN'),(48,7,40,34.000,'2025-08-09 08:44:10','2025-08-09 08:44:10','01K2700WCJQ7W8MQTRE04Z8N1D'),(49,7,53,30.000,'2025-08-09 08:44:10','2025-08-09 08:44:10','01K2700WCMRMBRZKCTJXH8M27F'),(50,7,28,22.000,'2025-08-09 08:44:10','2025-08-09 08:44:10','01K2700WCQQPCGQA6KHXRJ0E0R'),(51,7,89,17.000,'2025-08-09 08:44:10','2025-08-09 08:44:10','01K2700WERCHJ0DB9D59NNXBG5'),(52,7,104,29.000,'2025-08-09 08:44:10','2025-08-09 08:44:10','01K2700WETAJGT43FGJKNJ5HVE'),(53,8,77,14.000,'2025-08-09 08:44:10','2025-08-09 08:44:10','01K2700WGRVNWMG7DH0NQ68BBE'),(54,8,47,4.000,'2025-08-09 08:44:10','2025-08-09 08:44:10','01K2700WGVARVSJYR3TFW1FMKE'),(55,8,38,36.000,'2025-08-09 08:44:10','2025-08-09 08:44:10','01K2700WGY2JGR33DJJHEET1G5'),(56,8,36,34.000,'2025-08-09 08:44:10','2025-08-09 08:44:10','01K2700WH01A9S1Z12Z4WP0VF0'),(57,8,85,21.000,'2025-08-09 08:44:10','2025-08-09 08:44:10','01K2700WNTE8W9ESFFHJVQY593'),(58,8,83,11.000,'2025-08-09 08:44:10','2025-08-09 08:44:10','01K2700WNW6K6W1ZX6SAYPBM0N'),(59,8,55,18.000,'2025-08-09 08:44:10','2025-08-09 08:44:10','01K2700WNZCKVJCPTKB78C3TBD'),(60,8,93,17.000,'2025-08-09 08:44:10','2025-08-09 08:44:10','01K2700WP1Q7KVAB3SW1WMPMFP'),(61,10,86,51.000,'2025-08-09 08:44:10','2025-08-09 08:44:11','01K2700WR06MMSVPXGV4FQEXXJ'),(62,10,57,60.000,'2025-08-09 08:44:10','2025-08-09 08:44:11','01K2700WR3FBNAE6KXZFSJX1JT'),(63,10,71,63.000,'2025-08-09 08:44:10','2025-08-09 08:44:11','01K2700WR58N0BBSP0WWDQBA9K'),(64,10,107,57.000,'2025-08-09 08:44:10','2025-08-09 08:44:11','01K2700WR8VGCV62Y9FR1KQB5T'),(65,10,76,78.000,'2025-08-09 08:44:10','2025-08-09 08:44:11','01K2700WRA30JWZF56C270AQB0'),(66,10,88,8.000,'2025-08-09 08:44:10','2025-08-09 08:44:11','01K2700WSZ5SDHC3HA6BC7SYX9'),(67,10,22,8.000,'2025-08-09 08:44:10','2025-08-09 08:44:11','01K2700WT1M1P3Y0SJCSZQ5KQ6'),(68,10,36,44.000,'2025-08-09 08:44:10','2025-08-09 08:44:11','01K2700WT3WJ3BM8G0Y9C0D0R3'),(69,10,72,50.000,'2025-08-09 08:44:10','2025-08-09 08:44:11','01K2700WT50G7FANFPGR44C36V'),(70,9,51,40.000,'2025-08-09 08:44:11','2025-08-09 08:44:11','01K2700WVT4Q4TPTB1B92F0BF5'),(71,9,24,58.000,'2025-08-09 08:44:11','2025-08-09 08:44:11','01K2700WVW0QXC8X9SHCRZ22QQ'),(72,9,18,22.000,'2025-08-09 08:44:11','2025-08-09 08:44:12','01K2700WVZDM7T0X8JX3Y902X6'),(73,10,43,2.000,'2025-08-09 08:44:11','2025-08-09 08:44:11','01K2700X0KBN03E040TQKAAEVX'),(74,10,29,21.000,'2025-08-09 08:44:11','2025-08-09 08:44:11','01K2700X0NYMDFRAWSN7E5RDVE'),(75,10,63,13.000,'2025-08-09 08:44:11','2025-08-09 08:44:11','01K2700X0QE0Q5GRR3CCPQR2WR'),(76,9,100,13.000,'2025-08-09 08:44:11','2025-08-09 08:44:11','01K2700X2D6NKJVKK4H6PNC1FV'),(77,9,26,14.000,'2025-08-09 08:44:11','2025-08-09 08:44:11','01K2700X2F6TPC774ZH5QQ6HPX'),(78,9,56,4.000,'2025-08-09 08:44:11','2025-08-09 08:44:11','01K2700X2H30TTYC56QRRMJ9WJ'),(79,9,27,24.000,'2025-08-09 08:44:11','2025-08-09 08:44:11','01K2700X2MAM8JN4JC6VJG93SB'),(80,9,36,93.000,'2025-08-09 08:44:11','2025-08-09 08:44:11','01K2700X2P77TV7WS08KVK7QRK'),(81,9,89,105.000,'2025-08-09 08:44:11','2025-08-09 08:44:11','01K2700X4203VTCCP8SQJNG79M'),(82,9,23,119.000,'2025-08-09 08:44:11','2025-08-09 08:44:12','01K2700X44H0CBEGWJ9AKC95NW'),(83,9,79,5.000,'2025-08-09 08:44:11','2025-08-09 08:44:11','01K2700X478PK489SDZ7AZ2N46'),(84,9,20,84.000,'2025-08-09 08:44:11','2025-08-09 08:44:11','01K2700X5XVF9K6DR9YFMD7G91'),(85,9,61,100.000,'2025-08-09 08:44:11','2025-08-09 08:44:11','01K2700X5ZKE3FZSVG8YJDJM53'),(86,9,71,72.000,'2025-08-09 08:44:11','2025-08-09 08:44:11','01K2700X62ADD16G95YG8FVBE5'),(87,9,31,48.000,'2025-08-09 08:44:11','2025-08-09 08:44:11','01K2700X64NMGWBTGY1B6ST3NF'),(88,9,13,54.000,'2025-08-09 08:44:11','2025-08-09 08:44:11','01K2700XAWSAQX8132D0FSH3VA'),(89,9,80,84.000,'2025-08-09 08:44:11','2025-08-09 08:44:11','01K2700XAY7AMN6SX9KH48H63E'),(90,9,44,66.000,'2025-08-09 08:44:11','2025-08-09 08:44:11','01K2700XB0E65SY44KHV8F1B37'),(91,9,11,87.000,'2025-08-09 08:44:11','2025-08-09 08:44:11','01K2700XB3A58E1F9G7F4E6NQR'),(92,9,46,28.000,'2025-08-09 08:44:11','2025-08-09 08:44:11','01K2700XDH607XKP0C2JRNYTEH'),(93,9,22,10.000,'2025-08-09 08:44:11','2025-08-09 08:44:11','01K2700XDJ6PNDQTBXYM14EK30'),(94,9,47,44.000,'2025-08-09 08:44:11','2025-08-09 08:44:11','01K2700XDNCQCZZS3V293VDXN5'),(95,9,39,44.000,'2025-08-09 08:44:11','2025-08-09 08:44:11','01K2700XDQB462TXZVK7J50TZZ'),(96,9,72,2.000,'2025-08-09 08:44:11','2025-08-09 08:44:11','01K2700XDSVBGB08PCFNDDZ99M'),(97,9,43,29.000,'2025-08-09 08:44:11','2025-08-09 08:44:11','01K2700XG5KRE2BXF5BTK4Q5M8'),(98,9,35,18.000,'2025-08-09 08:44:11','2025-08-09 08:44:11','01K2700XG70ZZKPKX8J2EDBQM0'),(99,9,14,17.000,'2025-08-09 08:44:11','2025-08-09 08:44:11','01K2700XG9NJ46JGMNHFNM9S90'),(100,9,57,10.000,'2025-08-09 08:44:11','2025-08-09 08:44:11','01K2700XGB1PPF2RZ4JRWQVNHB'),(101,9,50,6.000,'2025-08-09 08:44:11','2025-08-09 08:44:11','01K2700XGD5P9WX5F6EWMHQG5X'),(102,10,37,78.000,'2025-08-09 08:44:11','2025-08-09 08:44:12','01K2700XMEMG7XNE9V5Q4657TT'),(103,10,64,24.000,'2025-08-09 08:44:11','2025-08-09 08:44:12','01K2700XMGN2FD0SFK5SN9KZZ6'),(104,10,46,18.000,'2025-08-09 08:44:11','2025-08-09 08:44:12','01K2700XMJFWZCN00HC49S4SE3'),(105,9,40,58.000,'2025-08-09 08:44:11','2025-08-09 08:44:12','01K2700XPM39P7K6355NF3PJED'),(106,9,94,28.000,'2025-08-09 08:44:11','2025-08-09 08:44:12','01K2700XPPBEP7DDAQZM1NBDYT'),(107,9,49,32.000,'2025-08-09 08:44:11','2025-08-09 08:44:12','01K2700XPSWAJ680GKCPJ8YY65'),(108,9,83,40.000,'2025-08-09 08:44:11','2025-08-09 08:44:12','01K2700XPWGZXC6G8PV0MRC50K'),(109,10,14,12.000,'2025-08-09 08:44:11','2025-08-09 08:44:12','01K2700XRCW9DYWWE4169M0TF2'),(110,10,45,18.000,'2025-08-09 08:44:11','2025-08-09 08:44:12','01K2700XRFSAJD02HFP9AY4V7V'),(111,10,85,48.000,'2025-08-09 08:44:11','2025-08-09 08:44:12','01K2700XRH00QX9XYSWY47MV5P'),(112,10,30,32.000,'2025-08-09 08:44:11','2025-08-09 08:44:12','01K2700XRKVCAC15A2WV318P9D'),(113,9,41,16.000,'2025-08-09 08:44:12','2025-08-09 08:44:12','01K2700XWT1TEZKRZTGKXB5R1V'),(114,9,19,9.000,'2025-08-09 08:44:12','2025-08-09 08:44:12','01K2700XWX32E5T6HM1R330R4S'),(115,10,26,18.000,'2025-08-09 08:44:12','2025-08-09 08:44:12','01K2700XZ0EF28F1ESM03NBQRR'),(116,10,18,10.000,'2025-08-09 08:44:12','2025-08-09 08:44:12','01K2700XZ2MTNG0PCXDM1F8XJX'),(117,10,65,27.000,'2025-08-09 08:44:12','2025-08-09 08:44:12','01K2700XZ440N61Y77FYQPPPWV'),(118,10,69,27.000,'2025-08-09 08:44:12','2025-08-09 08:44:12','01K2700XZ78BMM9BH8E0TWCWJB'),(119,10,90,22.000,'2025-08-09 08:44:12','2025-08-09 08:44:12','01K2700XZ9QQPF1XH5501P81F0'),(120,12,32,100.000,'2025-08-09 08:44:12','2025-08-09 08:44:12','01K2700Y1MD97KGVTRXWZVZ3P2'),(121,12,74,48.000,'2025-08-09 08:44:12','2025-08-09 08:44:12','01K2700Y1PSEQPT8B0G5XT894D'),(122,12,9,68.000,'2025-08-09 08:44:12','2025-08-09 08:44:12','01K2700Y1RJ6RCNCZ9N8JG0NVG'),(123,12,78,48.000,'2025-08-09 08:44:12','2025-08-09 08:44:12','01K2700Y1TVWTVR3Y6RNJW3W4H'),(124,12,47,60.000,'2025-08-09 08:44:12','2025-08-09 08:44:12','01K2700Y1W9V84EZN700WT6WBP'),(125,12,95,96.000,'2025-08-09 08:44:12','2025-08-09 08:44:12','01K2700Y1YFEMQJYADK98XCZVQ'),(126,11,59,7.000,'2025-08-09 08:44:12','2025-08-09 08:44:12','01K2700Y3N1W17QCFTVDNJJE42'),(127,11,61,25.000,'2025-08-09 08:44:12','2025-08-09 08:44:12','01K2700Y3RSNCTG9P43QXGG4RV'),(128,11,100,20.000,'2025-08-09 08:44:12','2025-08-09 08:44:12','01K2700Y3SGM2AVJ258J3J6SNR'),(129,12,24,60.000,'2025-08-09 08:44:12','2025-08-09 08:44:12','01K2700Y5GB9AH1070ZAFZCYDD'),(130,12,41,24.000,'2025-08-09 08:44:12','2025-08-09 08:44:12','01K2700Y5J8X69R6W7W9MX78HH'),(131,12,70,75.000,'2025-08-09 08:44:12','2025-08-09 08:44:12','01K2700Y5MHB45KFYQ7QDKE64G'),(132,12,87,48.000,'2025-08-09 08:44:12','2025-08-09 08:44:12','01K2700Y5PE507FPMVZFGNBFT0'),(133,12,11,74.000,'2025-08-09 08:44:12','2025-08-09 08:44:13','01K2700YANE7NK5WBZ6Q1E99CQ'),(134,12,102,10.000,'2025-08-09 08:44:12','2025-08-09 08:44:12','01K2700YAQMWCVNS7Q9HJJ4WT4'),(135,12,99,26.000,'2025-08-09 08:44:12','2025-08-09 08:44:12','01K2700YAS1XYZA7VKGT2Q0W67'),(136,12,44,33.000,'2025-08-09 08:44:12','2025-08-09 08:44:13','01K2700YCCYPEYMX4KQPCXPA0P'),(137,12,13,9.000,'2025-08-09 08:44:12','2025-08-09 08:44:13','01K2700YCFHBACDHHW7RMDM9F1'),(138,11,20,108.000,'2025-08-09 08:44:12','2025-08-09 08:44:13','01K2700YEQ4T6D0T6KYDSVEZ0D'),(139,11,71,20.000,'2025-08-09 08:44:12','2025-08-09 08:44:13','01K2700YESK8KY4W73WBR991DP'),(140,11,88,56.000,'2025-08-09 08:44:12','2025-08-09 08:44:13','01K2700YEV75SRMDDR8CPARWX8'),(141,11,103,36.000,'2025-08-09 08:44:12','2025-08-09 08:44:13','01K2700YEYPAR3KW98X9MWRTTK'),(142,11,47,80.000,'2025-08-09 08:44:12','2025-08-09 08:44:13','01K2700YF0RAM1SDWEQFCXZ45C'),(143,11,26,60.000,'2025-08-09 08:44:12','2025-08-09 08:44:13','01K2700YF2H89D46TKB2F8640G'),(144,12,92,1.000,'2025-08-09 08:44:12','2025-08-09 08:44:12','01K2700YKDRHEW5JY1VNFBRWXH'),(145,12,39,10.000,'2025-08-09 08:44:12','2025-08-09 08:44:12','01K2700YKFG7DKAMKV5Q3SQ187'),(146,12,22,10.000,'2025-08-09 08:44:12','2025-08-09 08:44:12','01K2700YKHQC0SBJNBRFK1AXHK'),(147,12,67,13.000,'2025-08-09 08:44:12','2025-08-09 08:44:12','01K2700YKKCXBMPFE8KDB0QG5X'),(148,11,80,54.000,'2025-08-09 08:44:12','2025-08-09 08:44:13','01K2700YNM43WDX7YZ667P61K6'),(149,11,108,81.000,'2025-08-09 08:44:12','2025-08-09 08:44:13','01K2700YNP9KAPZRY9D8MNGNS6'),(150,11,86,72.000,'2025-08-09 08:44:12','2025-08-09 08:44:13','01K2700YNR2WME1ZP51ZDC3XPV'),(151,11,93,48.000,'2025-08-09 08:44:12','2025-08-09 08:44:13','01K2700YNTH7A5MCMJZEM0V23F'),(152,11,40,15.000,'2025-08-09 08:44:12','2025-08-09 08:44:13','01K2700YNWGEBG106RCXEX6YQP'),(153,11,77,4.000,'2025-08-09 08:44:12','2025-08-09 08:44:13','01K2700YQZYPAGPDVFNNKHS169'),(154,11,97,6.000,'2025-08-09 08:44:12','2025-08-09 08:44:13','01K2700YR1HCWZB6421A4F2JD0'),(155,11,33,44.000,'2025-08-09 08:44:12','2025-08-09 08:44:13','01K2700YR37Z3QHJTKG427QKWW'),(156,11,54,20.000,'2025-08-09 08:44:12','2025-08-09 08:44:13','01K2700YR5BG2W382BM41TT0ZM'),(157,11,52,58.000,'2025-08-09 08:44:12','2025-08-09 08:44:13','01K2700YR8E34D53XX7A3Q0YWS'),(158,11,84,17.000,'2025-08-09 08:44:13','2025-08-09 08:44:13','01K2700YX3R6M6SJEHYJ43KJBP'),(159,11,106,16.000,'2025-08-09 08:44:13','2025-08-09 08:44:13','01K2700YX6DWSWXMGSF2QR8VZ1'),(160,11,95,22.000,'2025-08-09 08:44:13','2025-08-09 08:44:13','01K2700YX8E3CZV245MY2SVXZR'),(161,11,15,34.000,'2025-08-09 08:44:13','2025-08-09 08:44:13','01K2700YYZ6WMGYHPEWSACPEG8'),(162,11,107,34.000,'2025-08-09 08:44:13','2025-08-09 08:44:13','01K2700YZ1AWP5EVZ3SHB8RCQ3'),(163,11,13,2.000,'2025-08-09 08:44:13','2025-08-09 08:44:13','01K2700YZ3S554B8EXDSRS79HW'),(164,11,105,38.000,'2025-08-09 08:44:13','2025-08-09 08:44:13','01K2700YZ5BNXCG52KXQ01DZRD'),(165,11,35,52.000,'2025-08-09 08:44:13','2025-08-09 08:44:13','01K2700YZ7C0PNGXQJHTNCD60C'),(166,12,62,69.000,'2025-08-09 08:44:13','2025-08-09 08:44:13','01K2700Z16KX8AG1ARYEEZKRPS'),(167,12,80,60.000,'2025-08-09 08:44:13','2025-08-09 08:44:13','01K2700Z18NMJJBPG6918317QS'),(168,12,35,10.000,'2025-08-09 08:44:13','2025-08-09 08:44:13','01K2700Z310347A1WJ5T8J2BTA'),(169,12,81,6.000,'2025-08-09 08:44:13','2025-08-09 08:44:13','01K2700Z33Q1F30B1SBT6ATCYE'),(170,12,26,54.000,'2025-08-09 08:44:13','2025-08-09 08:44:13','01K2700Z3564GBBE5X74H6MCYG'),(171,11,43,1.000,'2025-08-09 08:44:13','2025-08-09 08:44:13','01K2700Z78RA1Y81ZM2NHS1XM8'),(172,11,11,3.000,'2025-08-09 08:44:13','2025-08-09 08:44:13','01K2700Z7AAZCDBCNV9MXDH6ZZ'),(173,11,39,14.000,'2025-08-09 08:44:13','2025-08-09 08:44:13','01K2700Z7CREX7F3BJ3K5ZJAEP'),(174,12,31,16.000,'2025-08-09 08:44:13','2025-08-09 08:44:13','01K2700Z9556370FHT2WB2R0RX'),(175,12,66,9.000,'2025-08-09 08:44:13','2025-08-09 08:44:13','01K2700Z97A2CMYJV3BYD66QBA'),(176,12,84,21.000,'2025-08-09 08:44:13','2025-08-09 08:44:13','01K2700Z991400CTRXZK7HFQW0'),(177,13,58,27.000,'2025-08-09 08:44:13','2025-08-09 08:44:13','01K2700ZAKFWV7C2AKS18GVDAK'),(178,13,89,18.000,'2025-08-09 08:44:13','2025-08-09 08:44:13','01K2700ZAN7D4K8F8K613FJGWG'),(179,13,76,27.000,'2025-08-09 08:44:13','2025-08-09 08:44:13','01K2700ZAQMDA2F9HEFTE9JHV8'),(180,13,80,62.000,'2025-08-09 08:44:13','2025-08-09 08:44:14','01K2700ZB07CCTVZB44TQ4QDH0'),(181,13,64,62.000,'2025-08-09 08:44:13','2025-08-09 08:44:14','01K2700ZFTGTV06VC5GV05PGYJ'),(182,13,57,30.000,'2025-08-09 08:44:13','2025-08-09 08:44:13','01K2700ZFWFDPSA75EB4KFKYE9'),(183,13,10,14.000,'2025-08-09 08:44:13','2025-08-09 08:44:13','01K2700ZFZ1C95MR6Z82WBYY76'),(184,14,31,28.000,'2025-08-09 08:44:13','2025-08-09 08:44:14','01K2700ZJ18PXCCEMK29YM8WQ4'),(185,14,9,62.000,'2025-08-09 08:44:13','2025-08-09 08:44:14','01K2700ZJ3BFZ5CCTAZ9672ASY'),(186,14,55,20.000,'2025-08-09 08:44:13','2025-08-09 08:44:13','01K2700ZJ53QNR1KN205BMZAFS'),(187,14,11,50.000,'2025-08-09 08:44:13','2025-08-09 08:44:13','01K2700ZJ767QY8AH7Y2KCZCWV'),(188,14,83,30.000,'2025-08-09 08:44:13','2025-08-09 08:44:13','01K2700ZJ9FZQ1A665VESA14KM'),(189,14,60,8.000,'2025-08-09 08:44:13','2025-08-09 08:44:13','01K2700ZJBFH0FGYGD4S0VP79V'),(190,13,94,14.000,'2025-08-09 08:44:13','2025-08-09 08:44:13','01K2700ZKV0005MXDE3D0A1CNN'),(191,13,33,96.000,'2025-08-09 08:44:13','2025-08-09 08:44:14','01K2700ZKXMC1W50QNZQFSTH7P'),(192,13,13,24.000,'2025-08-09 08:44:13','2025-08-09 08:44:13','01K2700ZKZEV3PSFNZ104Y7808'),(193,14,26,41.000,'2025-08-09 08:44:13','2025-08-09 08:44:14','01K2700ZP4JMVAXXWKPH1NRR8A'),(194,14,36,13.000,'2025-08-09 08:44:13','2025-08-09 08:44:13','01K2700ZP678SVWV7153WJVCGJ'),(195,14,102,8.000,'2025-08-09 08:44:13','2025-08-09 08:44:13','01K2700ZP8370FK4G0971RNVQX'),(196,14,88,25.000,'2025-08-09 08:44:13','2025-08-09 08:44:13','01K2700ZPB4NFC9CXSSVQ9FP4Q'),(197,14,70,21.000,'2025-08-09 08:44:13','2025-08-09 08:44:13','01K2700ZPDD7EQM93WBYXDTVN6'),(198,14,105,14.000,'2025-08-09 08:44:13','2025-08-09 08:44:13','01K2700ZPEZWF2NNG98S6JMS4F'),(199,14,28,28.000,'2025-08-09 08:44:14','2025-08-09 08:44:14','01K2700ZTX1W0MRYWMXMGYKVPP'),(200,14,79,116.000,'2025-08-09 08:44:14','2025-08-09 08:44:14','01K2700ZTZDBXW1FRVBFJYJ6SX'),(201,14,63,16.000,'2025-08-09 08:44:14','2025-08-09 08:44:14','01K2700ZV1PXPFR0Y66RK7RKQQ'),(202,14,73,4.000,'2025-08-09 08:44:14','2025-08-09 08:44:14','01K2700ZV4110T87MPSHCC378S'),(203,14,17,51.000,'2025-08-09 08:44:14','2025-08-09 08:44:14','01K2700ZX8717852340Q0FMF17'),(204,14,50,51.000,'2025-08-09 08:44:14','2025-08-09 08:44:14','01K2700ZXAZTVH1B2DZGTERR09'),(205,14,25,30.000,'2025-08-09 08:44:14','2025-08-09 08:44:14','01K2700ZXCS366XQRCJ6Z889JC'),(206,14,67,20.000,'2025-08-09 08:44:14','2025-08-09 08:44:14','01K2700ZXEMP67MFH7A5NV0RWR'),(207,14,69,60.000,'2025-08-09 08:44:14','2025-08-09 08:44:14','01K2700ZZK37XCXPDCWEFKAXVW'),(208,14,42,50.000,'2025-08-09 08:44:14','2025-08-09 08:44:14','01K2700ZZNS4WBG7NZW2PWHASK'),(209,14,80,12.000,'2025-08-09 08:44:14','2025-08-09 08:44:14','01K2700ZZRBR2B3VRYKMZ5XZ36'),(210,14,93,40.000,'2025-08-09 08:44:14','2025-08-09 08:44:14','01K2700ZZTXER8RW98RFWR66MF'),(211,14,45,38.000,'2025-08-09 08:44:14','2025-08-09 08:44:14','01K2700ZZW4CRKJ49DR30GRERY'),(212,13,93,27.000,'2025-08-09 08:44:14','2025-08-09 08:44:14','01K270104QKW19GVTFFSMNK6V4'),(213,13,15,30.000,'2025-08-09 08:44:14','2025-08-09 08:44:14','01K270104SVDRDGSGN3JSN39RN'),(214,13,78,21.000,'2025-08-09 08:44:14','2025-08-09 08:44:14','01K270104VW33A8G0KWDXRHE42'),(215,13,85,28.000,'2025-08-09 08:44:14','2025-08-09 08:44:14','01K270104YK43R1MS9S26YCBRW'),(216,13,26,1.000,'2025-08-09 08:44:14','2025-08-09 08:44:14','01K2701050MVKEMYYFPTKPF11P'),(217,14,89,9.000,'2025-08-09 08:44:14','2025-08-09 08:44:14','01K270106VT8KTMD2BQFPBD33W'),(218,14,98,15.000,'2025-08-09 08:44:14','2025-08-09 08:44:14','01K270106YC2ESM3JKZRF8QRGJ'),(219,14,48,8.000,'2025-08-09 08:44:14','2025-08-09 08:44:14','01K270109B4033XMVDH46EXGS8'),(220,14,58,22.000,'2025-08-09 08:44:14','2025-08-09 08:44:14','01K270109DYJ6F2J2TBWAWDH5V'),(221,14,54,36.000,'2025-08-09 08:44:14','2025-08-09 08:44:14','01K270109FBTB1GTCPKV4TX45M'),(222,14,30,12.000,'2025-08-09 08:44:14','2025-08-09 08:44:14','01K270109JXZ15A37Q15A1WVNT'),(223,14,51,4.000,'2025-08-09 08:44:14','2025-08-09 08:44:14','01K270109MB64CBDQR0SMN236D'),(224,14,100,18.000,'2025-08-09 08:44:14','2025-08-09 08:44:14','01K27010EDQ1A404BRP47J84N3'),(225,14,57,25.000,'2025-08-09 08:44:14','2025-08-09 08:44:14','01K27010EFTKFTVE6YCW800QJF'),(226,14,13,5.000,'2025-08-09 08:44:14','2025-08-09 08:44:14','01K27010EHWHTQ6HEYXWMVXASR'),(227,13,54,66.000,'2025-08-09 08:44:14','2025-08-09 08:44:14','01K27010GDWMR51FKQ7C89FR07'),(228,13,88,3.000,'2025-08-09 08:44:14','2025-08-09 08:44:14','01K27010GG60V825672ZF6R28Z'),(229,13,48,63.000,'2025-08-09 08:44:14','2025-08-09 08:44:14','01K27010GKBWNJS2AT415FTMBT'),(230,13,51,63.000,'2025-08-09 08:44:14','2025-08-09 08:44:14','01K27010GN0C3W8F8BJGTVE2GS'),(231,13,105,42.000,'2025-08-09 08:44:14','2025-08-09 08:44:14','01K27010GSCP1NJGHKTDC5JQB1'),(232,13,97,4.000,'2025-08-09 08:44:14','2025-08-09 08:44:14','01K27010JWFHD5XX9DQGCDE0WW'),(233,13,108,26.000,'2025-08-09 08:44:14','2025-08-09 08:44:14','01K27010K0DA1Y0FA41FY6EAQS'),(234,13,75,24.000,'2025-08-09 08:44:14','2025-08-09 08:44:14','01K27010K2SWEWK2B7GB890KXP'),(235,13,73,4.000,'2025-08-09 08:44:14','2025-08-09 08:44:14','01K27010K43PQV2TFR94CDJKGK'),(236,13,49,28.000,'2025-08-09 08:44:14','2025-08-09 08:44:14','01K27010QDWK8G23ASM1CX27F6'),(237,13,28,6.000,'2025-08-09 08:44:14','2025-08-09 08:44:14','01K27010QF3FREBCR4JJ3VSSHA'),(238,13,90,4.000,'2025-08-09 08:44:14','2025-08-09 08:44:14','01K27010QHP6S62MV7C52ST95N'),(239,13,43,9.000,'2025-08-09 08:44:14','2025-08-09 08:44:14','01K27010QK3N13STBM02445ZQE'),(240,16,10,19.000,'2025-08-09 08:44:15','2025-08-09 08:44:15','01K27010SE7SD9HGRV1GQ7RKWH'),(241,16,90,19.000,'2025-08-09 08:44:15','2025-08-09 08:44:15','01K27010SGX0SZA82F5ZNE6WRT'),(242,16,58,27.000,'2025-08-09 08:44:15','2025-08-09 08:44:15','01K27010SJ8PW0E0T93668K6D3'),(243,16,28,22.000,'2025-08-09 08:44:15','2025-08-09 08:44:15','01K27010SM4R9CR9CDREN8FAHV'),(244,15,107,88.000,'2025-08-09 08:44:15','2025-08-09 08:44:15','01K27010VSM5NX9XK4X8GT2486'),(245,15,74,92.000,'2025-08-09 08:44:15','2025-08-09 08:44:15','01K27010VV7VSDHV6R78RF5GJC'),(246,15,45,28.000,'2025-08-09 08:44:15','2025-08-09 08:44:15','01K27010VX0XRD8SM1KS1CCAE7'),(247,15,106,4.000,'2025-08-09 08:44:15','2025-08-09 08:44:15','01K27010VZJZ7Y87YNFK34160D'),(248,15,81,80.000,'2025-08-09 08:44:15','2025-08-09 08:44:15','01K27010W1PYK8Q0XVS4E02AK9'),(249,15,49,15.000,'2025-08-09 08:44:15','2025-08-09 08:44:15','01K27010XPGT7MQJ4B0SNJ2S44'),(250,15,82,75.000,'2025-08-09 08:44:15','2025-08-09 08:44:15','01K27010XR60AD65F80YF1NHYQ'),(251,15,38,92.000,'2025-08-09 08:44:15','2025-08-09 08:44:16','01K27010XTKWS2F9J22VC8N2YB'),(252,15,76,84.000,'2025-08-09 08:44:15','2025-08-09 08:44:15','01K27010XWDBH25ZW7D0QHAQTX'),(253,15,31,9.000,'2025-08-09 08:44:15','2025-08-09 08:44:15','01K27010XYYR6GDDRCD1CEK6Z0'),(254,15,85,6.000,'2025-08-09 08:44:15','2025-08-09 08:44:15','01K270112XS3H48684BE455BJB'),(255,15,93,46.000,'2025-08-09 08:44:15','2025-08-09 08:44:15','01K270112ZWCSSX1Q8342HCJ39'),(256,15,56,2.000,'2025-08-09 08:44:15','2025-08-09 08:44:15','01K2701131BA6XPKJ3KDZ7DMXD'),(257,15,40,46.000,'2025-08-09 08:44:15','2025-08-09 08:44:15','01K2701134RSN2RDY4XQP22KXJ'),(258,15,37,8.000,'2025-08-09 08:44:15','2025-08-09 08:44:15','01K270113670Y0EZASKMEGXDSY'),(259,15,84,38.000,'2025-08-09 08:44:15','2025-08-09 08:44:15','01K2701138H6QY9HDSW3YYJNN2'),(260,15,66,47.000,'2025-08-09 08:44:15','2025-08-09 08:44:16','01K27011606B9B1RJBK07WBSCC'),(261,15,77,20.000,'2025-08-09 08:44:15','2025-08-09 08:44:15','01K2701162QXBK4XKGCHGC9NTN'),(262,15,60,44.000,'2025-08-09 08:44:15','2025-08-09 08:44:15','01K27011658ZTGP7RAPKNY1ATP'),(263,15,86,14.000,'2025-08-09 08:44:15','2025-08-09 08:44:15','01K27011676ZR5PBK0Y84VNFSH'),(264,15,63,26.000,'2025-08-09 08:44:15','2025-08-09 08:44:16','01K2701169T84XW5HJJ4SKWSNB'),(265,15,79,24.000,'2025-08-09 08:44:15','2025-08-09 08:44:15','01K270116BAS8KBH5FMN3VK5PN'),(266,16,103,12.000,'2025-08-09 08:44:15','2025-08-09 08:44:15','01K27011B0YYET2DPG8WKCX054'),(267,16,96,45.000,'2025-08-09 08:44:15','2025-08-09 08:44:15','01K27011B3XZKJX2G0407YJ3AJ'),(268,16,94,42.000,'2025-08-09 08:44:15','2025-08-09 08:44:15','01K27011B61JZBVTK6TSWZC4ZY'),(269,16,108,15.000,'2025-08-09 08:44:15','2025-08-09 08:44:15','01K27011BAY50KMGJXF56SWYJJ'),(270,16,11,33.000,'2025-08-09 08:44:15','2025-08-09 08:44:15','01K27011BCDVMFV11MCHSG4K9G'),(271,15,67,14.000,'2025-08-09 08:44:15','2025-08-09 08:44:15','01K27011DF11JGKF4ET2D0JYMC'),(272,15,61,60.000,'2025-08-09 08:44:15','2025-08-09 08:44:15','01K27011DKNDSDHFBCPCHBHKKX'),(273,15,69,38.000,'2025-08-09 08:44:15','2025-08-09 08:44:15','01K27011DN62AZ9QGA2GCA3MCT'),(274,16,89,42.000,'2025-08-09 08:44:15','2025-08-09 08:44:15','01K27011FKBWKM71CXTJM4BZ21'),(275,16,42,26.000,'2025-08-09 08:44:15','2025-08-09 08:44:16','01K27011FM5DE1ZQH0KPYA416Y'),(276,16,52,54.000,'2025-08-09 08:44:15','2025-08-09 08:44:15','01K27011FPFVHCQH7DT10C39NP'),(277,16,29,38.000,'2025-08-09 08:44:15','2025-08-09 08:44:15','01K27011FRYWV2ZZCVQP53PZ0T'),(278,16,48,24.000,'2025-08-09 08:44:15','2025-08-09 08:44:15','01K27011FTXQDFHFW32RGF6PT8'),(279,16,30,67.000,'2025-08-09 08:44:15','2025-08-09 08:44:16','01K27011HWN2BA8743C0RTYDWM'),(280,16,37,13.000,'2025-08-09 08:44:15','2025-08-09 08:44:15','01K27011HZQGGJ580KXQ45XF6D'),(281,16,51,15.000,'2025-08-09 08:44:15','2025-08-09 08:44:15','01K27011J1DZXS5Z8YC3SDSEXN'),(282,16,61,9.000,'2025-08-09 08:44:15','2025-08-09 08:44:15','01K27011J3JWT3CVV0C46HM2SS'),(283,16,43,29.000,'2025-08-09 08:44:15','2025-08-09 08:44:15','01K27011J57CS61E0A4NRN57AG'),(284,16,44,21.000,'2025-08-09 08:44:15','2025-08-09 08:44:15','01K27011J77D2439PMNC0J2N1X'),(285,15,57,29.000,'2025-08-09 08:44:15','2025-08-09 08:44:15','01K27011P87HV6MQJNFDHPV8P5'),(286,15,73,4.000,'2025-08-09 08:44:15','2025-08-09 08:44:15','01K27011PBBY0ZEYWGN10JC1YX'),(287,16,86,12.000,'2025-08-09 08:44:16','2025-08-09 08:44:16','01K27011R95PD1V5AN4J4BKD7Y'),(288,16,57,15.000,'2025-08-09 08:44:16','2025-08-09 08:44:16','01K27011RBEBBX7TK963ZX7GME'),(289,16,88,51.000,'2025-08-09 08:44:16','2025-08-09 08:44:16','01K27011RD7MNJ4B2WAMHRJ8V2'),(290,16,93,24.000,'2025-08-09 08:44:16','2025-08-09 08:44:16','01K27011RF01KGXHWYP15YXX2Y'),(291,15,103,40.000,'2025-08-09 08:44:16','2025-08-09 08:44:16','01K27011X5PXN0N5QQRG1W7WBN'),(292,15,17,60.000,'2025-08-09 08:44:16','2025-08-09 08:44:16','01K27011X9E8Y2NSDXJ6E0KMS1'),(293,15,50,10.000,'2025-08-09 08:44:16','2025-08-09 08:44:16','01K27011XAA5Y5ESS2HXHCECK6'),(294,15,78,10.000,'2025-08-09 08:44:16','2025-08-09 08:44:16','01K27011XCBVHCSMREJMEZVCH6'),(295,15,39,7.000,'2025-08-09 08:44:16','2025-08-09 08:44:16','01K27011Z4QKT8MBFNDN65SZWR'),(296,15,20,2.000,'2025-08-09 08:44:16','2025-08-09 08:44:16','01K27011Z7D93TE46P5T58GYQX'),(297,16,24,24.000,'2025-08-09 08:44:16','2025-08-09 08:44:16','01K270120MBND5XGHEM8MXR98J'),(298,16,34,36.000,'2025-08-09 08:44:16','2025-08-09 08:44:16','01K270120PCEF6E08FXJ2VCYB1'),(299,16,107,18.000,'2025-08-09 08:44:16','2025-08-09 08:44:16','01K270122NQTSZ7KKETJ7T94FD'),(300,16,80,26.000,'2025-08-09 08:44:16','2025-08-09 08:44:16','01K270122RC5T41S72KWVXW3TJ');
/*!40000 ALTER TABLE `inventory` ENABLE KEYS */;
UNLOCK TABLES;

--
-- Table structure for table `inventory_adjustments`
--

DROP TABLE IF EXISTS `inventory_adjustments`;
/*!40101 SET @saved_cs_client     = @@character_set_client */;
/*!50503 SET character_set_client = utf8mb4 */;
CREATE TABLE `inventory_adjustments` (
  `id` bigint unsigned NOT NULL AUTO_INCREMENT,
  `inventory_id` bigint unsigned NOT NULL,
  `qty_diff` decimal(12,3) NOT NULL,
  `reason` enum('waste','breakage','audit') COLLATE utf8mb4_unicode_ci NOT NULL,
  `note` varchar(255) COLLATE utf8mb4_unicode_ci DEFAULT NULL,
  `created_at` timestamp NOT NULL DEFAULT CURRENT_TIMESTAMP,
  PRIMARY KEY (`id`),
  KEY `inventory_adjustments_inventory_id_foreign` (`inventory_id`),
  CONSTRAINT `inventory_adjustments_inventory_id_foreign` FOREIGN KEY (`inventory_id`) REFERENCES `inventory` (`id`) ON DELETE RESTRICT ON UPDATE CASCADE
) ENGINE=InnoDB DEFAULT CHARSET=utf8mb4 COLLATE=utf8mb4_unicode_ci;
/*!40101 SET character_set_client = @saved_cs_client */;

--
-- Dumping data for table `inventory_adjustments`
--

LOCK TABLES `inventory_adjustments` WRITE;
/*!40000 ALTER TABLE `inventory_adjustments` DISABLE KEYS */;
/*!40000 ALTER TABLE `inventory_adjustments` ENABLE KEYS */;
UNLOCK TABLES;

--
-- Table structure for table `inventory_lots`
--

DROP TABLE IF EXISTS `inventory_lots`;
/*!40101 SET @saved_cs_client     = @@character_set_client */;
/*!50503 SET character_set_client = utf8mb4 */;
CREATE TABLE `inventory_lots` (
  `id` bigint unsigned NOT NULL AUTO_INCREMENT,
  `inventory_id` bigint unsigned NOT NULL,
  `lot_code` varchar(64) COLLATE utf8mb4_unicode_ci DEFAULT NULL,
  `expires_at` date DEFAULT NULL,
  `qty` decimal(12,3) NOT NULL,
  `created_at` timestamp NULL DEFAULT NULL,
  `updated_at` timestamp NULL DEFAULT NULL,
  PRIMARY KEY (`id`),
  KEY `inventory_lots_inventory_id_foreign` (`inventory_id`),
  CONSTRAINT `inventory_lots_inventory_id_foreign` FOREIGN KEY (`inventory_id`) REFERENCES `inventory` (`id`) ON DELETE RESTRICT ON UPDATE CASCADE
) ENGINE=InnoDB DEFAULT CHARSET=utf8mb4 COLLATE=utf8mb4_unicode_ci;
/*!40101 SET character_set_client = @saved_cs_client */;

--
-- Dumping data for table `inventory_lots`
--

LOCK TABLES `inventory_lots` WRITE;
/*!40000 ALTER TABLE `inventory_lots` DISABLE KEYS */;
/*!40000 ALTER TABLE `inventory_lots` ENABLE KEYS */;
UNLOCK TABLES;

--
-- Table structure for table `inventory_movements`
--

DROP TABLE IF EXISTS `inventory_movements`;
/*!40101 SET @saved_cs_client     = @@character_set_client */;
/*!50503 SET character_set_client = utf8mb4 */;
CREATE TABLE `inventory_movements` (
  `id` bigint unsigned NOT NULL AUTO_INCREMENT,
  `inventory_id` bigint unsigned NOT NULL,
  `type` enum('in','out','transfer') COLLATE utf8mb4_unicode_ci NOT NULL,
  `qty` decimal(12,3) NOT NULL,
  `reason` enum('purchase','sale','prep','waste','adjust','transfer') COLLATE utf8mb4_unicode_ci NOT NULL,
  `ref_table` varchar(40) COLLATE utf8mb4_unicode_ci DEFAULT NULL,
  `ref_id` bigint unsigned DEFAULT NULL,
  `created_at` timestamp NOT NULL DEFAULT CURRENT_TIMESTAMP,
  `ulid` char(26) COLLATE utf8mb4_unicode_ci DEFAULT NULL,
  PRIMARY KEY (`id`),
  UNIQUE KEY `inventory_movements_ulid_unique` (`ulid`),
  KEY `inventory_movements_inventory_id_foreign` (`inventory_id`),
  CONSTRAINT `inventory_movements_inventory_id_foreign` FOREIGN KEY (`inventory_id`) REFERENCES `inventory` (`id`) ON DELETE RESTRICT ON UPDATE CASCADE
) ENGINE=InnoDB DEFAULT CHARSET=utf8mb4 COLLATE=utf8mb4_unicode_ci;
/*!40101 SET character_set_client = @saved_cs_client */;

--
-- Dumping data for table `inventory_movements`
--

LOCK TABLES `inventory_movements` WRITE;
/*!40000 ALTER TABLE `inventory_movements` DISABLE KEYS */;
/*!40000 ALTER TABLE `inventory_movements` ENABLE KEYS */;
UNLOCK TABLES;

--
-- Table structure for table `job_batches`
--

DROP TABLE IF EXISTS `job_batches`;
/*!40101 SET @saved_cs_client     = @@character_set_client */;
/*!50503 SET character_set_client = utf8mb4 */;
CREATE TABLE `job_batches` (
  `id` varchar(255) COLLATE utf8mb4_unicode_ci NOT NULL,
  `name` varchar(255) COLLATE utf8mb4_unicode_ci NOT NULL,
  `total_jobs` int NOT NULL,
  `pending_jobs` int NOT NULL,
  `failed_jobs` int NOT NULL,
  `failed_job_ids` longtext COLLATE utf8mb4_unicode_ci NOT NULL,
  `options` mediumtext COLLATE utf8mb4_unicode_ci,
  `cancelled_at` int DEFAULT NULL,
  `created_at` int NOT NULL,
  `finished_at` int DEFAULT NULL,
  PRIMARY KEY (`id`)
) ENGINE=InnoDB DEFAULT CHARSET=utf8mb4 COLLATE=utf8mb4_unicode_ci;
/*!40101 SET character_set_client = @saved_cs_client */;

--
-- Dumping data for table `job_batches`
--

LOCK TABLES `job_batches` WRITE;
/*!40000 ALTER TABLE `job_batches` DISABLE KEYS */;
/*!40000 ALTER TABLE `job_batches` ENABLE KEYS */;
UNLOCK TABLES;

--
-- Table structure for table `jobs`
--

DROP TABLE IF EXISTS `jobs`;
/*!40101 SET @saved_cs_client     = @@character_set_client */;
/*!50503 SET character_set_client = utf8mb4 */;
CREATE TABLE `jobs` (
  `id` bigint unsigned NOT NULL AUTO_INCREMENT,
  `queue` varchar(255) COLLATE utf8mb4_unicode_ci NOT NULL,
  `payload` longtext COLLATE utf8mb4_unicode_ci NOT NULL,
  `attempts` tinyint unsigned NOT NULL,
  `reserved_at` int unsigned DEFAULT NULL,
  `available_at` int unsigned NOT NULL,
  `created_at` int unsigned NOT NULL,
  PRIMARY KEY (`id`),
  KEY `jobs_queue_index` (`queue`)
) ENGINE=InnoDB DEFAULT CHARSET=utf8mb4 COLLATE=utf8mb4_unicode_ci;
/*!40101 SET character_set_client = @saved_cs_client */;

--
-- Dumping data for table `jobs`
--

LOCK TABLES `jobs` WRITE;
/*!40000 ALTER TABLE `jobs` DISABLE KEYS */;
/*!40000 ALTER TABLE `jobs` ENABLE KEYS */;
UNLOCK TABLES;

--
-- Table structure for table `locations`
--

DROP TABLE IF EXISTS `locations`;
/*!40101 SET @saved_cs_client     = @@character_set_client */;
/*!50503 SET character_set_client = utf8mb4 */;
CREATE TABLE `locations` (
  `id` bigint unsigned NOT NULL AUTO_INCREMENT,
  `ulid` char(26) COLLATE utf8mb4_unicode_ci DEFAULT NULL,
  `label` varchar(255) COLLATE utf8mb4_unicode_ci NOT NULL,
  `address` varchar(255) COLLATE utf8mb4_unicode_ci DEFAULT NULL,
  `city` varchar(120) COLLATE utf8mb4_unicode_ci DEFAULT NULL,
  `postal_code` varchar(20) COLLATE utf8mb4_unicode_ci DEFAULT NULL,
  `lat` decimal(9,6) DEFAULT NULL,
  `lng` decimal(9,6) DEFAULT NULL,
  `created_at` timestamp NULL DEFAULT NULL,
  `updated_at` timestamp NULL DEFAULT NULL,
  PRIMARY KEY (`id`),
  UNIQUE KEY `locations_ulid_unique` (`ulid`)
) ENGINE=InnoDB AUTO_INCREMENT=51 DEFAULT CHARSET=utf8mb4 COLLATE=utf8mb4_unicode_ci;
/*!40101 SET character_set_client = @saved_cs_client */;

--
-- Dumping data for table `locations`
--

LOCK TABLES `locations` WRITE;
/*!40000 ALTER TABLE `locations` DISABLE KEYS */;
INSERT INTO `locations` VALUES (1,'01K2700R1EGKQ9AWMJYBFF1SP0','Spot 1','84, impasse Anastasie Gimenez','Roux','46142',49.172963,5.277312,'2025-08-09 08:44:06','2025-08-09 08:44:06'),(2,'01K2700R21ZYFN79D8NRFM0QBJ','Spot 2','4, place Charlotte Renard','Mathieu-la-Forêt','06934',48.952779,0.498441,'2025-08-09 08:44:06','2025-08-09 08:44:06'),(3,'01K2700R2MXKN6X8HK856Y4YSH','Spot 3','515, rue de Giraud','Lefevre','92362',43.721318,1.288384,'2025-08-09 08:44:06','2025-08-09 08:44:06'),(4,'01K2700R37MQZDQR0RZC209F87','Spot 4','30, impasse de Gomes','Guilbert','44311',46.664229,0.171681,'2025-08-09 08:44:06','2025-08-09 08:44:06'),(5,'01K2700R3SZJJCEB5VJX35Z35G','Spot 5','rue Fleury','DelattreBourg','96485',48.975302,2.177401,'2025-08-09 08:44:06','2025-08-09 08:44:06'),(6,'01K2700R3YWGY7GEHKZ2V887T6','Spot 6','504, boulevard Margaret Gilles','Leleu','12365',43.376917,4.163029,'2025-08-09 08:44:06','2025-08-09 08:44:06'),(7,'01K2700R4HE1Z4YT5VBQXWVHQE','Spot 7','15, boulevard Berthelot','ThomasBourg','77443',47.686205,3.071774,'2025-08-09 08:44:06','2025-08-09 08:44:06'),(8,'01K2700R4QM1H0FR5WPXBJREMA','Spot 8','9, impasse Poulain','Ramos','22733',44.161108,4.469887,'2025-08-09 08:44:06','2025-08-09 08:44:06'),(9,'01K2700R59C58BEHX78K6Z076E','Spot 9','4, rue Charles Guillot','Gaudin','26787',49.749969,4.598267,'2025-08-09 08:44:06','2025-08-09 08:44:06'),(10,'01K2700R5FJHHM4KZVFM1E42B7','Spot 10','rue Adrienne Torres','Picard','50199',48.713689,0.892291,'2025-08-09 08:44:06','2025-08-09 08:44:06'),(11,'01K2700R5ZTGRGA6X4TSR10PNH','Spot 11','76, chemin Guillon','Kleinnec','35577',49.607480,1.563024,'2025-08-09 08:44:06','2025-08-09 08:44:06'),(12,'01K2700R6HXFPPNFP44HXB2CMW','Spot 12','avenue de Pineau','Chauvet','60859',43.013455,6.025418,'2025-08-09 08:44:06','2025-08-09 08:44:06'),(13,'01K2700R6NRR5F7G9WZ7W9AXTR','Spot 13','152, chemin Diallo','Blot','10648',48.283826,0.173205,'2025-08-09 08:44:06','2025-08-09 08:44:06'),(14,'01K2700R77RS0AKTP3B061ZMX7','Spot 14','8, chemin Laurence Thomas','Garcia','75000',48.060063,0.169441,'2025-08-09 08:44:06','2025-08-09 08:44:06'),(15,'01K2700R7B72MG2ZMVDEYZXGT2','Spot 15','impasse Godard','MartinezVille','24025',47.421514,4.270113,'2025-08-09 08:44:06','2025-08-09 08:44:06'),(16,'01K2700R7YZGSYGH9Z3HQG6T1M','Spot 16','547, boulevard de Jacquet','Regnierdan','09082',47.706035,5.413468,'2025-08-09 08:44:06','2025-08-09 08:44:06'),(17,'01K2700R83GGCQNBE4Y6XHVMFE','Spot 17','79, avenue Aimé Gomez','Jacquet','91952',44.024682,0.920212,'2025-08-09 08:44:06','2025-08-09 08:44:06'),(18,'01K2700R8SRRJ5F8BFHBR6TC5S','Spot 18','117, boulevard de Gregoire','Thomas-sur-Devaux','26139',43.942543,6.591928,'2025-08-09 08:44:06','2025-08-09 08:44:06'),(19,'01K2700R9KYGWBJ7TN53J7XM56','Spot 19','45, boulevard de Verdier','Louis','82159',46.716522,0.505100,'2025-08-09 08:44:06','2025-08-09 08:44:06'),(20,'01K2700R9Q9RZ6XMQZBVKG6TJD','Spot 20','25, rue Gosselin','Blanc','65901',44.791720,3.613630,'2025-08-09 08:44:06','2025-08-09 08:44:06'),(21,'01K2700RA82THMVHABZ7R6X23J','Spot 21','3, boulevard Arnaude Dias','Pottier-les-Bains','90545',46.154149,4.151680,'2025-08-09 08:44:06','2025-08-09 08:44:06'),(22,'01K2700RAC9WAYG6YP3WZT9KEJ','Spot 22','950, rue Boulay','Labbe','16874',49.382646,2.731743,'2025-08-09 08:44:06','2025-08-09 08:44:06'),(23,'01K2700RAXKH9EG35V3MQ9EX23','Spot 23','61, place Ribeiro','Lacombe','75122',45.260573,2.944595,'2025-08-09 08:44:06','2025-08-09 08:44:06'),(24,'01K2700RB1GM8PP41AVZ6RVG7J','Spot 24','29, impasse Gaillard','Pierre','98259',47.207356,1.940283,'2025-08-09 08:44:06','2025-08-09 08:44:06'),(25,'01K2700RBJ01AFHMZYNV2JEHNQ','Spot 25','98, boulevard Léon Hamel','Millet','09655',48.214435,1.435229,'2025-08-09 08:44:06','2025-08-09 08:44:06'),(26,'01K2700RC3A1VX1P52VZECAMHN','Spot 26','rue de Munoz','Lecoq-la-Forêt','94689',49.187005,3.243610,'2025-08-09 08:44:06','2025-08-09 08:44:06'),(27,'01K2700RC7VX2AKCQ1SQAADS1C','Spot 27','288, rue de Hamon','Aubry','55789',48.498934,6.285735,'2025-08-09 08:44:06','2025-08-09 08:44:06'),(28,'01K2700RCXKQQACP2B2YKVZNH9','Spot 28','chemin Tanguy','Lenoir-sur-Monnier','94043',48.523445,0.227214,'2025-08-09 08:44:06','2025-08-09 08:44:06'),(29,'01K2700RD48SC9A0F2S9SZ06HT','Spot 29','59, impasse Aimé Georges','LaurentVille','79334',49.104447,0.735755,'2025-08-09 08:44:06','2025-08-09 08:44:06'),(30,'01K2700RDQQTN7SZ4YA6STXHPG','Spot 30','place de Bonnet','Clement','13995',48.488352,4.792322,'2025-08-09 08:44:06','2025-08-09 08:44:06'),(31,'01K2700RDY2ZHJGV2QQ2HDBDZJ','Spot 31','15, place Guerin','Richard','43687',46.899843,2.926235,'2025-08-09 08:44:06','2025-08-09 08:44:06'),(32,'01K2700REJYNE6CNWE089VP9RD','Spot 32','477, impasse de Moreno','Salmon','06096',49.420556,5.478148,'2025-08-09 08:44:06','2025-08-09 08:44:06'),(33,'01K2700RF5WBQR27BBC2S0BRX7','Spot 33','5, rue Raymond Antoine','Grosboeuf','04567',47.548230,2.880727,'2025-08-09 08:44:06','2025-08-09 08:44:06'),(34,'01K2700RF9GC8JT9E5M815NMEE','Spot 34','65, impasse Berthelot','Pineau','32063',43.564874,0.875066,'2025-08-09 08:44:06','2025-08-09 08:44:06'),(35,'01K2700RFXPKHC31SRA11J2ZSK','Spot 35','42, rue de Ledoux','Jacquet','06338',45.472966,5.614191,'2025-08-09 08:44:06','2025-08-09 08:44:06'),(36,'01K2700RGHH14PFFW72EGXCDSB','Spot 36','67, place Raymond','Klein','20765',48.104716,5.952271,'2025-08-09 08:44:06','2025-08-09 08:44:06'),(37,'01K2700RGPV07SBNNKX8EMECYX','Spot 37','234, chemin William Martel','Masson','82526',43.498402,3.351554,'2025-08-09 08:44:06','2025-08-09 08:44:06'),(38,'01K2700RHCANC0X80KS2TZFQ3W','Spot 38','994, chemin de Munoz','Vidal','99618',48.281406,3.556216,'2025-08-09 08:44:06','2025-08-09 08:44:06'),(39,'01K2700RHKE2GFZ2VS2M4Q30YD','Spot 39','92, rue Mary','Benoitnec','99790',46.815716,2.073738,'2025-08-09 08:44:06','2025-08-09 08:44:06'),(40,'01K2700RJ6K9ZX293XJMTFPWR0','Spot 40','52, boulevard Jean','Barthelemy-sur-Mer','79270',43.497333,2.354825,'2025-08-09 08:44:06','2025-08-09 08:44:06'),(41,'01K2700RJSYJR190ZP7SDFECVS','Spot 41','75, place de Perrin','Lacombeboeuf','14545',44.662430,2.785866,'2025-08-09 08:44:06','2025-08-09 08:44:06'),(42,'01K2700RKCS4PT59RVVP6AB7YT','Spot 42','54, avenue de Ferreira','Bouvet','84564',48.615263,1.910529,'2025-08-09 08:44:06','2025-08-09 08:44:06'),(43,'01K2700RMF2BC9ZTF0ZFV8355Z','Spot 43','52, avenue de Besnard','Samsonboeuf','06346',48.319666,3.562206,'2025-08-09 08:44:06','2025-08-09 08:44:06'),(44,'01K2700RV01NAX9TGBPR2PCYTD','Spot 44','21, impasse Odette Noel','Texiernec','52796',49.159191,4.196517,'2025-08-09 08:44:06','2025-08-09 08:44:06'),(45,'01K2700RY8QM0M7EAVQEKJT47J','Spot 45','impasse Guyon','Maurice','65207',49.939683,0.914310,'2025-08-09 08:44:06','2025-08-09 08:44:06'),(46,'01K2700S1WTD42FF9DEKHPFSCF','Spot 46','13, impasse Pons','Fournier-sur-Roger','82146',45.415258,5.673520,'2025-08-09 08:44:07','2025-08-09 08:44:07'),(47,'01K2700S7W4M8JNG796PNJXG8R','Spot 47','59, avenue Diane Imbert','Nguyen','36601',47.750298,5.751527,'2025-08-09 08:44:07','2025-08-09 08:44:07'),(48,'01K2700SEPYWJP6VE8JXZRKP28','Spot 48','17, chemin Andrée Lelievre','WeberBourg','09143',47.567683,3.271649,'2025-08-09 08:44:07','2025-08-09 08:44:07'),(49,'01K2700SMQCXBD9PK8HKHHJYSG','Spot 49','17, boulevard Guyon','Malletnec','18992',44.244904,3.823259,'2025-08-09 08:44:07','2025-08-09 08:44:07'),(50,'01K2700SR3BFSME5YB75WAAB0P','Spot 50','4, boulevard Lebon','Perret-les-Bains','09931',48.842674,3.892413,'2025-08-09 08:44:07','2025-08-09 08:44:07');
/*!40000 ALTER TABLE `locations` ENABLE KEYS */;
UNLOCK TABLES;

--
-- Table structure for table `loyalty_cards`
--

DROP TABLE IF EXISTS `loyalty_cards`;
/*!40101 SET @saved_cs_client     = @@character_set_client */;
/*!50503 SET character_set_client = utf8mb4 */;
CREATE TABLE `loyalty_cards` (
  `id` bigint unsigned NOT NULL AUTO_INCREMENT,
  `code` varchar(255) COLLATE utf8mb4_unicode_ci NOT NULL,
  `points` int NOT NULL DEFAULT '0',
  `created_at` timestamp NULL DEFAULT NULL,
  `updated_at` timestamp NULL DEFAULT NULL,
  PRIMARY KEY (`id`),
  UNIQUE KEY `loyalty_cards_code_unique` (`code`)
) ENGINE=InnoDB AUTO_INCREMENT=6 DEFAULT CHARSET=utf8mb4 COLLATE=utf8mb4_unicode_ci;
/*!40101 SET character_set_client = @saved_cs_client */;

--
-- Dumping data for table `loyalty_cards`
--

LOCK TABLES `loyalty_cards` WRITE;
/*!40000 ALTER TABLE `loyalty_cards` DISABLE KEYS */;
INSERT INTO `loyalty_cards` VALUES (1,'CARD-1VYMNU',0,'2025-08-09 07:18:01','2025-08-09 07:18:01'),(2,'CARD-B5NY98',0,'2025-08-09 07:22:00','2025-08-09 07:22:00'),(3,'CARD-E9H1US',0,'2025-08-09 07:35:06','2025-08-09 07:35:06'),(4,'CARD-OXWGFX',0,'2025-08-09 07:35:56','2025-08-09 07:35:56'),(5,'CARD-LCFKYF',0,'2025-08-09 08:43:59','2025-08-09 08:43:59');
/*!40000 ALTER TABLE `loyalty_cards` ENABLE KEYS */;
UNLOCK TABLES;

--
-- Table structure for table `loyalty_rules`
--

DROP TABLE IF EXISTS `loyalty_rules`;
/*!40101 SET @saved_cs_client     = @@character_set_client */;
/*!50503 SET character_set_client = utf8mb4 */;
CREATE TABLE `loyalty_rules` (
  `id` bigint unsigned NOT NULL AUTO_INCREMENT,
  `points_per_euro` decimal(6,2) NOT NULL DEFAULT '1.00',
  `redeem_rate` decimal(6,2) NOT NULL DEFAULT '100.00',
  `expires_after_months` int DEFAULT NULL,
  `active` tinyint(1) NOT NULL DEFAULT '1',
  `created_at` timestamp NULL DEFAULT NULL,
  `updated_at` timestamp NULL DEFAULT NULL,
  PRIMARY KEY (`id`)
) ENGINE=InnoDB AUTO_INCREMENT=2 DEFAULT CHARSET=utf8mb4 COLLATE=utf8mb4_unicode_ci;
/*!40101 SET character_set_client = @saved_cs_client */;

--
-- Dumping data for table `loyalty_rules`
--

LOCK TABLES `loyalty_rules` WRITE;
/*!40000 ALTER TABLE `loyalty_rules` DISABLE KEYS */;
INSERT INTO `loyalty_rules` VALUES (1,1.00,100.00,NULL,1,'2025-08-09 05:10:19','2025-08-09 05:10:19');
/*!40000 ALTER TABLE `loyalty_rules` ENABLE KEYS */;
UNLOCK TABLES;

--
-- Table structure for table `loyalty_transactions`
--

DROP TABLE IF EXISTS `loyalty_transactions`;
/*!40101 SET @saved_cs_client     = @@character_set_client */;
/*!50503 SET character_set_client = utf8mb4 */;
CREATE TABLE `loyalty_transactions` (
  `id` bigint unsigned NOT NULL AUTO_INCREMENT,
  `loyalty_card_id` bigint unsigned NOT NULL,
  `type` enum('earn','redeem','adjust') COLLATE utf8mb4_unicode_ci NOT NULL,
  `points` int NOT NULL,
  `customer_order_id` bigint unsigned DEFAULT NULL,
  `note` varchar(255) COLLATE utf8mb4_unicode_ci DEFAULT NULL,
  `created_at` timestamp NULL DEFAULT NULL,
  `updated_at` timestamp NULL DEFAULT NULL,
  PRIMARY KEY (`id`),
  KEY `loyalty_transactions_loyalty_card_id_foreign` (`loyalty_card_id`),
  KEY `loyalty_transactions_customer_order_id_foreign` (`customer_order_id`),
  CONSTRAINT `loyalty_transactions_customer_order_id_foreign` FOREIGN KEY (`customer_order_id`) REFERENCES `customer_orders` (`id`) ON DELETE SET NULL,
  CONSTRAINT `loyalty_transactions_loyalty_card_id_foreign` FOREIGN KEY (`loyalty_card_id`) REFERENCES `loyalty_cards` (`id`) ON DELETE CASCADE
) ENGINE=InnoDB DEFAULT CHARSET=utf8mb4 COLLATE=utf8mb4_unicode_ci;
/*!40101 SET character_set_client = @saved_cs_client */;

--
-- Dumping data for table `loyalty_transactions`
--

LOCK TABLES `loyalty_transactions` WRITE;
/*!40000 ALTER TABLE `loyalty_transactions` DISABLE KEYS */;
/*!40000 ALTER TABLE `loyalty_transactions` ENABLE KEYS */;
UNLOCK TABLES;

--
-- Table structure for table `maintenance_records`
--

DROP TABLE IF EXISTS `maintenance_records`;
/*!40101 SET @saved_cs_client     = @@character_set_client */;
/*!50503 SET character_set_client = utf8mb4 */;
CREATE TABLE `maintenance_records` (
  `id` bigint unsigned NOT NULL AUTO_INCREMENT,
  `truck_id` bigint unsigned NOT NULL,
  `maintenance_date` date DEFAULT NULL,
  `description` text COLLATE utf8mb4_unicode_ci,
  `cost` decimal(8,2) DEFAULT NULL,
  `created_at` timestamp NULL DEFAULT NULL,
  `updated_at` timestamp NULL DEFAULT NULL,
  `ulid` char(26) COLLATE utf8mb4_unicode_ci DEFAULT NULL,
  PRIMARY KEY (`id`),
  UNIQUE KEY `maintenance_records_ulid_unique` (`ulid`),
  KEY `maintenance_records_truck_id_foreign` (`truck_id`),
  CONSTRAINT `maintenance_records_truck_id_foreign` FOREIGN KEY (`truck_id`) REFERENCES `trucks` (`id`) ON DELETE CASCADE
) ENGINE=InnoDB AUTO_INCREMENT=78 DEFAULT CHARSET=utf8mb4 COLLATE=utf8mb4_unicode_ci;
/*!40101 SET character_set_client = @saved_cs_client */;

--
-- Dumping data for table `maintenance_records`
--

LOCK TABLES `maintenance_records` WRITE;
/*!40000 ALTER TABLE `maintenance_records` DISABLE KEYS */;
INSERT INTO `maintenance_records` VALUES (1,2,'2025-07-30','Oil change',79.90,'2025-08-09 07:22:00','2025-08-09 07:22:00','01K26VAEASM21756JHJWHGMNVZ'),(2,3,'2025-07-20','Brake pads',149.00,'2025-08-09 07:22:00','2025-08-09 07:22:00','01K26VAEAZTSSD19NRDFV766KT'),(3,6,'2025-06-29','Service TJRP',188.17,'2025-08-09 08:44:16','2025-08-09 08:44:16','01K270123SFG1TRQ6C5SQDVX4B'),(4,6,'2025-05-11','Service VOD8',209.69,'2025-08-09 08:44:16','2025-08-09 08:44:16','01K270126J82TEF4MTVXYDE79M'),(5,6,'2025-03-28','Service FJZP',314.25,'2025-08-09 08:44:16','2025-08-09 08:44:16','01K270126R3DYW7C31TPHDVE5X'),(6,6,'2025-03-03','Service J0K2',389.83,'2025-08-09 08:44:16','2025-08-09 08:44:16','01K270126Y6CTMB09ZNKPW2W4C'),(7,6,'2025-06-14','Service DGCG',373.85,'2025-08-09 08:44:16','2025-08-09 08:44:16','01K2701274481HABQ5M0VRKPMQ'),(8,7,'2025-03-02','Service MYE1',289.51,'2025-08-09 08:44:16','2025-08-09 08:44:16','01K270127981XEEPXN2J374894'),(9,7,'2025-02-26','Service AX0L',348.11,'2025-08-09 08:44:16','2025-08-09 08:44:16','01K270127EFVGBPDRXTY5GBQ03'),(10,7,'2025-06-21','Service WSDG',140.40,'2025-08-09 08:44:16','2025-08-09 08:44:16','01K270127M741WBECPN0X1PZ6T'),(11,7,'2025-05-15','Service 4J9I',111.54,'2025-08-09 08:44:16','2025-08-09 08:44:16','01K270127T3QP7QZ1PFCT40DNV'),(12,7,'2025-03-12','Service 36KE',225.79,'2025-08-09 08:44:16','2025-08-09 08:44:16','01K270127ZAXTE7SE1AK2YZJBT'),(13,8,'2025-07-08','Service TVCI',376.19,'2025-08-09 08:44:16','2025-08-09 08:44:16','01K2701284ADZX1CZPGN0V3F9P'),(14,8,'2025-03-01','Service XNEQ',233.88,'2025-08-09 08:44:16','2025-08-09 08:44:16','01K2701288T2VZJM8MMSBZCN82'),(15,8,'2025-03-25','Service XED5',144.60,'2025-08-09 08:44:16','2025-08-09 08:44:16','01K270128DMD027XQTYZM8RH5S'),(16,8,'2025-04-27','Service VFJK',208.82,'2025-08-09 08:44:16','2025-08-09 08:44:16','01K270128J81VVZ8SJVESVRFBR'),(17,8,'2025-04-27','Service ZNNC',130.85,'2025-08-09 08:44:16','2025-08-09 08:44:16','01K270128QJA9RR0RSCKXYQ8V9'),(18,9,'2025-05-29','Service SNIP',172.78,'2025-08-09 08:44:16','2025-08-09 08:44:16','01K270128W67B29VYVCWJX2Q1Z'),(19,9,'2025-03-14','Service 8IH3',239.79,'2025-08-09 08:44:16','2025-08-09 08:44:16','01K27012902F9PFNEBGDCXV5VX'),(20,9,'2025-06-25','Service FLSE',66.91,'2025-08-09 08:44:16','2025-08-09 08:44:16','01K27012957N1P9HZKHAPPJJCZ'),(21,9,'2025-04-01','Service JAHN',212.32,'2025-08-09 08:44:16','2025-08-09 08:44:16','01K270129AMVDA3CSZTCJQBYYK'),(22,9,'2025-02-10','Service E662',340.54,'2025-08-09 08:44:16','2025-08-09 08:44:16','01K270129FPJ7WXZSB7DCC37JR'),(23,10,'2025-03-24','Service KPYU',237.22,'2025-08-09 08:44:16','2025-08-09 08:44:16','01K270129MTVQKDV8ZWR078D1H'),(24,10,'2025-03-28','Service AJIQ',170.29,'2025-08-09 08:44:16','2025-08-09 08:44:16','01K270129RA67K2TD6K58SQEWN'),(25,10,'2025-06-05','Service DLVV',318.26,'2025-08-09 08:44:16','2025-08-09 08:44:16','01K270129XEG1XDH2PPJKTFY0V'),(26,10,'2025-05-03','Service LBEY',371.30,'2025-08-09 08:44:16','2025-08-09 08:44:16','01K27012A2YDT78Y1JZ5NH424M'),(27,10,'2025-07-23','Service PTVK',198.56,'2025-08-09 08:44:16','2025-08-09 08:44:16','01K27012A88XK5GY030WJCAE17'),(28,11,'2025-06-30','Service QW2V',272.15,'2025-08-09 08:44:16','2025-08-09 08:44:16','01K27012ADZYF84YRNWKQ3V1G8'),(29,11,'2025-04-08','Service PP3O',135.62,'2025-08-09 08:44:16','2025-08-09 08:44:16','01K27012AK1A6DNF6JJVA0PEFE'),(30,11,'2025-04-21','Service 59ZQ',266.89,'2025-08-09 08:44:16','2025-08-09 08:44:16','01K27012ASXVEZAD5H9MGD9654'),(31,11,'2025-07-16','Service TKWN',382.01,'2025-08-09 08:44:16','2025-08-09 08:44:16','01K27012AZD1C37T5NJV1FWRDY'),(32,11,'2025-05-17','Service MZXU',243.30,'2025-08-09 08:44:16','2025-08-09 08:44:16','01K27012B4XRD3E1DCBJVBH772'),(33,12,'2025-05-03','Service 1KYN',65.05,'2025-08-09 08:44:16','2025-08-09 08:44:16','01K27012B8NX1KP2VD34JJFHTR'),(34,12,'2025-04-05','Service GZIR',308.24,'2025-08-09 08:44:16','2025-08-09 08:44:16','01K27012BD00PYG1VDFEAVB767'),(35,12,'2025-04-26','Service IUBH',210.24,'2025-08-09 08:44:16','2025-08-09 08:44:16','01K27012BJGCGD8VK8A84RXRMF'),(36,12,'2025-06-26','Service 01P0',373.03,'2025-08-09 08:44:16','2025-08-09 08:44:16','01K27012BR5MZ6TX0K71EWTWGE'),(37,12,'2025-06-15','Service IRRE',202.38,'2025-08-09 08:44:16','2025-08-09 08:44:16','01K27012BY0JJZBQ1B95XW9V94'),(38,13,'2025-03-04','Service TR5Q',300.36,'2025-08-09 08:44:16','2025-08-09 08:44:16','01K27012C3WKFANQT22M95FMCC'),(39,13,'2025-03-14','Service DF3M',67.26,'2025-08-09 08:44:16','2025-08-09 08:44:16','01K27012C9A2Z4CH478B3X41KV'),(40,13,'2025-02-22','Service VXJB',121.58,'2025-08-09 08:44:16','2025-08-09 08:44:16','01K27012CFFDBF663V5RWN071W'),(41,13,'2025-07-11','Service H0RD',60.98,'2025-08-09 08:44:16','2025-08-09 08:44:16','01K27012CMBJX6X07FHHGW85HA'),(42,13,'2025-05-17','Service ZMA7',51.75,'2025-08-09 08:44:16','2025-08-09 08:44:16','01K27012CSV9Q97JDX85ZSEJT4'),(43,14,'2025-03-24','Service WUCU',112.22,'2025-08-09 08:44:16','2025-08-09 08:44:16','01K27012CZ06QF2GZEH017ZQRR'),(44,14,'2025-05-12','Service LMUD',314.66,'2025-08-09 08:44:16','2025-08-09 08:44:16','01K27012D49V245VGPEAT0T9MF'),(45,14,'2025-02-18','Service XGXU',101.19,'2025-08-09 08:44:16','2025-08-09 08:44:16','01K27012D97P5Q6AS9KN6M2X05'),(46,14,'2025-05-30','Service VRN3',190.43,'2025-08-09 08:44:16','2025-08-09 08:44:16','01K27012DE7FWPTMQZHSY7N2VP'),(47,14,'2025-07-15','Service 4N2S',326.73,'2025-08-09 08:44:16','2025-08-09 08:44:16','01K27012DK665GXPFPN1RS38W8'),(48,15,'2025-07-13','Service U3JX',313.47,'2025-08-09 08:44:16','2025-08-09 08:44:16','01K27012GEVYCHAJS58KAF8ETM'),(49,15,'2025-02-16','Service VVVS',339.03,'2025-08-09 08:44:16','2025-08-09 08:44:16','01K27012GK4YEP7R21KB8XHFJ9'),(50,15,'2025-07-21','Service 1EXN',225.89,'2025-08-09 08:44:16','2025-08-09 08:44:16','01K27012GRW79BEDEXYVYXP72W'),(51,15,'2025-03-17','Service ZV7L',137.59,'2025-08-09 08:44:16','2025-08-09 08:44:16','01K27012GWV3GVBDWB02BHBJRB'),(52,15,'2025-07-21','Service 2TM8',239.21,'2025-08-09 08:44:16','2025-08-09 08:44:16','01K27012H115PFZ35TSRNC1RET'),(53,16,'2025-06-29','Service I9Z9',46.67,'2025-08-09 08:44:16','2025-08-09 08:44:16','01K27012H5RMDRKENFFVD1Y169'),(54,16,'2025-03-21','Service NFM4',85.86,'2025-08-09 08:44:16','2025-08-09 08:44:16','01K27012HA3APQF3CB12M91CSF'),(55,16,'2025-07-13','Service AOT2',374.24,'2025-08-09 08:44:16','2025-08-09 08:44:16','01K27012HFKQ5YXPB7KP7HARN3'),(56,16,'2025-04-03','Service DXSS',84.28,'2025-08-09 08:44:16','2025-08-09 08:44:16','01K27012HM8D49VBCB3HHQS9BK'),(57,16,'2025-03-07','Service 1R7F',44.15,'2025-08-09 08:44:16','2025-08-09 08:44:16','01K27012HTW7YDQJ6C3FE7N1QT'),(58,17,'2025-06-05','Service FGYI',167.44,'2025-08-09 08:44:16','2025-08-09 08:44:16','01K27012J0EV6RZGBMVRG2DBY6'),(59,17,'2025-07-10','Service ZQEU',59.13,'2025-08-09 08:44:16','2025-08-09 08:44:16','01K27012J51F4P3J1DWT9NN0W2'),(60,17,'2025-06-17','Service 9MXV',288.17,'2025-08-09 08:44:16','2025-08-09 08:44:16','01K27012JBP95DW7F75V965MPQ'),(61,17,'2025-07-16','Service F3NU',362.06,'2025-08-09 08:44:16','2025-08-09 08:44:16','01K27012JGRYJ4ES87Z6BD0S8V'),(62,17,'2025-05-30','Service QJBJ',330.54,'2025-08-09 08:44:16','2025-08-09 08:44:16','01K27012JNRXPHEGBCF2WWT6R6'),(63,18,'2025-04-11','Service ZF8H',87.95,'2025-08-09 08:44:16','2025-08-09 08:44:16','01K27012JVHW3GXZMRB2DAJ0WE'),(64,18,'2025-04-21','Service B5TJ',335.27,'2025-08-09 08:44:16','2025-08-09 08:44:16','01K27012K2DYCEARVJ604SH4RR'),(65,18,'2025-03-28','Service YGLU',110.11,'2025-08-09 08:44:16','2025-08-09 08:44:16','01K27012K72A43SVM78AP7NFKJ'),(66,18,'2025-02-25','Service V3MN',145.27,'2025-08-09 08:44:16','2025-08-09 08:44:16','01K27012KDXGPNY63MZZYB8J4D'),(67,18,'2025-04-15','Service L5FM',332.32,'2025-08-09 08:44:16','2025-08-09 08:44:16','01K27012KKSS9XAJCNAMNKPCYJ'),(68,19,'2025-06-05','Service LGOD',200.97,'2025-08-09 08:44:16','2025-08-09 08:44:16','01K27012PGWWTRDAPRFVH03Z30'),(69,19,'2025-04-26','Service RFSR',234.73,'2025-08-09 08:44:16','2025-08-09 08:44:16','01K27012PN0Y28TZMQD30RJZKE'),(70,19,'2025-02-21','Service UAYE',266.79,'2025-08-09 08:44:16','2025-08-09 08:44:16','01K27012PTVXCP0Y3K5GXN7G97'),(71,19,'2025-04-26','Service IVFF',233.40,'2025-08-09 08:44:16','2025-08-09 08:44:16','01K27012Q0TNB98WZ8C7J1E7CZ'),(72,19,'2025-04-07','Service DUSP',385.50,'2025-08-09 08:44:16','2025-08-09 08:44:16','01K27012Q5S8CZ20YG0XZWX8GR'),(73,20,'2025-03-08','Service MQY0',216.42,'2025-08-09 08:44:17','2025-08-09 08:44:17','01K27012QA0RMMB1YD4PPEHM1X'),(74,20,'2025-07-07','Service BSLM',80.76,'2025-08-09 08:44:17','2025-08-09 08:44:17','01K27012QFRW36FGZ9WCH46MF1'),(75,20,'2025-06-08','Service FNHT',387.15,'2025-08-09 08:44:17','2025-08-09 08:44:17','01K27012QMX8F0YDE1CEXYWF6B'),(76,20,'2025-05-15','Service XTS2',60.82,'2025-08-09 08:44:17','2025-08-09 08:44:17','01K27012QS2PQTM4K38AH3NDBJ'),(77,20,'2025-06-15','Service IQ6W',326.74,'2025-08-09 08:44:17','2025-08-09 08:44:17','01K27012QZBV1620YZ1RTJVYFB');
/*!40000 ALTER TABLE `maintenance_records` ENABLE KEYS */;
UNLOCK TABLES;

--
-- Table structure for table `migrations`
--

DROP TABLE IF EXISTS `migrations`;
/*!40101 SET @saved_cs_client     = @@character_set_client */;
/*!50503 SET character_set_client = utf8mb4 */;
CREATE TABLE `migrations` (
  `id` int unsigned NOT NULL AUTO_INCREMENT,
  `migration` varchar(255) COLLATE utf8mb4_unicode_ci NOT NULL,
  `batch` int NOT NULL,
  PRIMARY KEY (`id`)
) ENGINE=InnoDB AUTO_INCREMENT=40 DEFAULT CHARSET=utf8mb4 COLLATE=utf8mb4_unicode_ci;
/*!40101 SET character_set_client = @saved_cs_client */;

--
-- Dumping data for table `migrations`
--

LOCK TABLES `migrations` WRITE;
/*!40000 ALTER TABLE `migrations` DISABLE KEYS */;
INSERT INTO `migrations` VALUES (1,'0001_01_01_000000_create_users_table',1),(2,'0001_01_01_000001_create_cache_table',1),(3,'0001_01_01_000002_create_jobs_table',1),(4,'2025_08_05_162800_create_franchises_table',1),(5,'2025_08_05_162849_update_users_table',1),(6,'2025_08_05_163235_create_trucks_table',1),(7,'2025_08_05_163333_create_warehouses_table',1),(8,'2025_08_05_163408_create_supplies_table',1),(9,'2025_08_05_163443_create_stock_orders_table',1),(10,'2025_08_05_163500_create_stock_orders_items_table',1),(11,'2025_08_05_163610_create_maintenance_records_table',1),(12,'2025_08_05_163700_create_loyalty_cards_table',1),(13,'2025_08_05_163722_create_customer_orders_table',1),(14,'2025_08_05_163730_create_dishes_table',1),(15,'2025_08_05_163743_create_order_items_table',1),(16,'2025_08_05_163959_create_events_table',1),(17,'2025_08_05_164024_create_event_registrations_table',1),(18,'2025_08_09_100000_create_suppliers_table',2),(19,'2025_08_09_100100_update_stock_orders_for_suppliers_and_checks',3),(20,'2025_08_09_100150_update_stock_order_items_add_unit_price',3),(21,'2025_08_09_100200_create_commissions_table',3),(22,'2025_08_09_100300_create_locations_and_deployments',3),(23,'2025_08_09_100400_update_customer_orders_for_reservations',3),(24,'2025_08_09_100500_create_loyalty_transactions_table',3),(25,'2025_08_09_100600_create_dish_translations_table',3),(26,'2025_08_09_100700_add_indexes_and_checks_misc',3),(27,'2025_08_09_101000_alter_stock_orders_nullable_warehouse',3),(28,'2025_08_09_110000_create_inventory_table',3),(29,'2025_08_09_110100_create_dish_ingredients_table',3),(30,'2025_08_09_110200_create_inventory_traceability_tables',3),(31,'2025_08_09_110300_create_loyalty_rules_table',3),(32,'2025_08_09_110400_add_constraints_and_indexes',4),(33,'2025_08_09_120000_add_unique_franchises_name',5),(34,'2025_08_09_130000_add_public_id_to_trucks',6),(35,'2025_08_09_130000_add_ulids_to_public_resources',7),(36,'2025_08_09_131000_add_ulid_to_suppliers',8),(37,'2025_08_09_131100_add_ulid_to_stock_order_items',9),(38,'2025_08_09_140000_add_ulids_to_locations_and_deployments',10),(39,'2025_08_09_141500_create_compliance_kpis_table',11);
/*!40000 ALTER TABLE `migrations` ENABLE KEYS */;
UNLOCK TABLES;

--
-- Table structure for table `order_items`
--

DROP TABLE IF EXISTS `order_items`;
/*!40101 SET @saved_cs_client     = @@character_set_client */;
/*!50503 SET character_set_client = utf8mb4 */;
CREATE TABLE `order_items` (
  `id` bigint unsigned NOT NULL AUTO_INCREMENT,
  `customer_order_id` bigint unsigned NOT NULL,
  `dish_id` bigint unsigned NOT NULL,
  `quantity` int NOT NULL,
  `price` decimal(8,2) NOT NULL,
  `created_at` timestamp NULL DEFAULT NULL,
  `updated_at` timestamp NULL DEFAULT NULL,
  `ulid` char(26) COLLATE utf8mb4_unicode_ci DEFAULT NULL,
  PRIMARY KEY (`id`),
  UNIQUE KEY `order_items_ulid_unique` (`ulid`),
  KEY `order_items_dish_id_foreign` (`dish_id`),
  KEY `ix_items_order` (`customer_order_id`),
  CONSTRAINT `order_items_customer_order_id_foreign` FOREIGN KEY (`customer_order_id`) REFERENCES `customer_orders` (`id`) ON DELETE CASCADE,
  CONSTRAINT `order_items_dish_id_foreign` FOREIGN KEY (`dish_id`) REFERENCES `dishes` (`id`) ON DELETE CASCADE,
  CONSTRAINT `chk_order_items_qty` CHECK ((`quantity` >= 0))
) ENGINE=InnoDB AUTO_INCREMENT=1851 DEFAULT CHARSET=utf8mb4 COLLATE=utf8mb4_unicode_ci;
/*!40101 SET character_set_client = @saved_cs_client */;

--
-- Dumping data for table `order_items`
--

LOCK TABLES `order_items` WRITE;
/*!40000 ALTER TABLE `order_items` DISABLE KEYS */;
INSERT INTO `order_items` VALUES (1,1,1,2,9.90,'2025-08-09 07:35:56','2025-08-09 07:35:56',NULL),(2,2,1,2,9.90,'2025-08-09 08:44:00','2025-08-09 08:44:00',NULL),(3,3,10,3,20.02,'2025-08-09 08:44:17','2025-08-09 08:44:17',NULL),(4,3,21,2,15.57,'2025-08-09 08:44:17','2025-08-09 08:44:17',NULL),(5,4,4,3,24.79,'2025-08-09 08:44:17','2025-08-09 08:44:17',NULL),(6,4,6,2,23.31,'2025-08-09 08:44:17','2025-08-09 08:44:17',NULL),(7,4,9,2,7.06,'2025-08-09 08:44:17','2025-08-09 08:44:17',NULL),(8,4,21,1,15.57,'2025-08-09 08:44:17','2025-08-09 08:44:17',NULL),(9,5,21,3,15.57,'2025-08-09 08:44:17','2025-08-09 08:44:17',NULL),(10,6,4,1,24.79,'2025-08-09 08:44:17','2025-08-09 08:44:17',NULL),(11,7,19,2,5.58,'2025-08-09 08:44:17','2025-08-09 08:44:17',NULL),(12,7,14,2,8.04,'2025-08-09 08:44:17','2025-08-09 08:44:17',NULL),(13,8,14,2,8.04,'2025-08-09 08:44:17','2025-08-09 08:44:17',NULL),(14,8,7,2,23.27,'2025-08-09 08:44:17','2025-08-09 08:44:17',NULL),(15,8,22,3,12.40,'2025-08-09 08:44:17','2025-08-09 08:44:17',NULL),(16,8,16,2,16.24,'2025-08-09 08:44:17','2025-08-09 08:44:17',NULL),(17,9,4,2,24.79,'2025-08-09 08:44:17','2025-08-09 08:44:17',NULL),(18,9,21,3,15.57,'2025-08-09 08:44:17','2025-08-09 08:44:17',NULL),(19,9,18,2,17.10,'2025-08-09 08:44:17','2025-08-09 08:44:17',NULL),(20,10,12,1,19.16,'2025-08-09 08:44:17','2025-08-09 08:44:17',NULL),(21,11,21,1,15.57,'2025-08-09 08:44:17','2025-08-09 08:44:17',NULL),(22,11,15,3,24.27,'2025-08-09 08:44:17','2025-08-09 08:44:17',NULL),(23,11,7,1,23.27,'2025-08-09 08:44:17','2025-08-09 08:44:17',NULL),(24,12,14,3,8.04,'2025-08-09 08:44:17','2025-08-09 08:44:17',NULL),(25,12,20,2,18.73,'2025-08-09 08:44:17','2025-08-09 08:44:17',NULL),(26,12,18,3,17.10,'2025-08-09 08:44:17','2025-08-09 08:44:17',NULL),(27,13,16,1,16.24,'2025-08-09 08:44:17','2025-08-09 08:44:17',NULL),(28,14,4,1,24.79,'2025-08-09 08:44:17','2025-08-09 08:44:17',NULL),(29,14,9,3,7.06,'2025-08-09 08:44:17','2025-08-09 08:44:17',NULL),(30,14,5,2,23.15,'2025-08-09 08:44:17','2025-08-09 08:44:17',NULL),(31,14,20,2,18.73,'2025-08-09 08:44:17','2025-08-09 08:44:17',NULL),(32,15,4,3,24.79,'2025-08-09 08:44:17','2025-08-09 08:44:17',NULL),(33,16,8,2,17.03,'2025-08-09 08:44:17','2025-08-09 08:44:17',NULL),(34,16,18,1,17.10,'2025-08-09 08:44:17','2025-08-09 08:44:17',NULL),(35,16,3,2,8.55,'2025-08-09 08:44:17','2025-08-09 08:44:17',NULL),(36,17,5,1,23.15,'2025-08-09 08:44:17','2025-08-09 08:44:17',NULL),(37,17,15,3,24.27,'2025-08-09 08:44:17','2025-08-09 08:44:17',NULL),(38,17,20,2,18.73,'2025-08-09 08:44:17','2025-08-09 08:44:17',NULL),(39,17,8,1,17.03,'2025-08-09 08:44:17','2025-08-09 08:44:17',NULL),(40,18,3,2,8.55,'2025-08-09 08:44:17','2025-08-09 08:44:17',NULL),(41,19,11,3,6.85,'2025-08-09 08:44:17','2025-08-09 08:44:17',NULL),(42,20,16,2,16.24,'2025-08-09 08:44:17','2025-08-09 08:44:17',NULL),(43,20,15,1,24.27,'2025-08-09 08:44:17','2025-08-09 08:44:17',NULL),(44,21,3,2,8.55,'2025-08-09 08:44:17','2025-08-09 08:44:17',NULL),(45,21,12,1,19.16,'2025-08-09 08:44:17','2025-08-09 08:44:17',NULL),(46,22,15,3,24.27,'2025-08-09 08:44:17','2025-08-09 08:44:17',NULL),(47,23,6,1,23.31,'2025-08-09 08:44:17','2025-08-09 08:44:17',NULL),(48,23,20,2,18.73,'2025-08-09 08:44:17','2025-08-09 08:44:17',NULL),(49,23,17,3,9.68,'2025-08-09 08:44:17','2025-08-09 08:44:17',NULL),(50,23,22,1,12.40,'2025-08-09 08:44:17','2025-08-09 08:44:17',NULL),(51,24,10,3,20.02,'2025-08-09 08:44:17','2025-08-09 08:44:17',NULL),(52,25,14,1,8.04,'2025-08-09 08:44:17','2025-08-09 08:44:17',NULL),(53,25,17,3,9.68,'2025-08-09 08:44:17','2025-08-09 08:44:17',NULL),(54,25,13,3,12.23,'2025-08-09 08:44:17','2025-08-09 08:44:17',NULL),(55,26,9,3,7.06,'2025-08-09 08:44:17','2025-08-09 08:44:17',NULL),(56,26,6,3,23.31,'2025-08-09 08:44:17','2025-08-09 08:44:17',NULL),(57,27,9,2,7.06,'2025-08-09 08:44:17','2025-08-09 08:44:17',NULL),(58,27,14,3,8.04,'2025-08-09 08:44:17','2025-08-09 08:44:17',NULL),(59,27,16,1,16.24,'2025-08-09 08:44:17','2025-08-09 08:44:17',NULL),(60,28,3,3,8.55,'2025-08-09 08:44:17','2025-08-09 08:44:17',NULL),(61,28,15,3,24.27,'2025-08-09 08:44:17','2025-08-09 08:44:17',NULL),(62,28,14,1,8.04,'2025-08-09 08:44:17','2025-08-09 08:44:17',NULL),(63,29,12,2,19.16,'2025-08-09 08:44:17','2025-08-09 08:44:17',NULL),(64,29,13,3,12.23,'2025-08-09 08:44:17','2025-08-09 08:44:17',NULL),(65,29,11,1,6.85,'2025-08-09 08:44:17','2025-08-09 08:44:17',NULL),(66,29,8,1,17.03,'2025-08-09 08:44:17','2025-08-09 08:44:17',NULL),(67,30,7,1,23.27,'2025-08-09 08:44:17','2025-08-09 08:44:17',NULL),(68,30,5,1,23.15,'2025-08-09 08:44:17','2025-08-09 08:44:17',NULL),(69,30,22,2,12.40,'2025-08-09 08:44:17','2025-08-09 08:44:17',NULL),(70,31,6,3,23.31,'2025-08-09 08:44:17','2025-08-09 08:44:17',NULL),(71,32,16,1,16.24,'2025-08-09 08:44:17','2025-08-09 08:44:17',NULL),(72,33,21,2,15.57,'2025-08-09 08:44:17','2025-08-09 08:44:17',NULL),(73,33,13,3,12.23,'2025-08-09 08:44:17','2025-08-09 08:44:17',NULL),(74,34,17,1,9.68,'2025-08-09 08:44:17','2025-08-09 08:44:17',NULL),(75,34,20,2,18.73,'2025-08-09 08:44:17','2025-08-09 08:44:17',NULL),(76,34,7,2,23.27,'2025-08-09 08:44:17','2025-08-09 08:44:17',NULL),(77,34,8,3,17.03,'2025-08-09 08:44:17','2025-08-09 08:44:17',NULL),(78,35,13,2,12.23,'2025-08-09 08:44:17','2025-08-09 08:44:17',NULL),(79,35,7,3,23.27,'2025-08-09 08:44:17','2025-08-09 08:44:17',NULL),(80,35,21,3,15.57,'2025-08-09 08:44:17','2025-08-09 08:44:17',NULL),(81,36,11,2,6.85,'2025-08-09 08:44:17','2025-08-09 08:44:17',NULL),(82,37,3,1,8.55,'2025-08-09 08:44:17','2025-08-09 08:44:17',NULL),(83,37,16,2,16.24,'2025-08-09 08:44:17','2025-08-09 08:44:17',NULL),(84,37,19,1,5.58,'2025-08-09 08:44:17','2025-08-09 08:44:17',NULL),(85,37,11,1,6.85,'2025-08-09 08:44:17','2025-08-09 08:44:17',NULL),(86,38,6,3,23.31,'2025-08-09 08:44:17','2025-08-09 08:44:17',NULL),(87,39,4,2,24.79,'2025-08-09 08:44:17','2025-08-09 08:44:17',NULL),(88,40,21,3,15.57,'2025-08-09 08:44:18','2025-08-09 08:44:18',NULL),(89,40,3,1,8.55,'2025-08-09 08:44:18','2025-08-09 08:44:18',NULL),(90,40,14,3,8.04,'2025-08-09 08:44:18','2025-08-09 08:44:18',NULL),(91,40,11,3,6.85,'2025-08-09 08:44:18','2025-08-09 08:44:18',NULL),(92,41,14,1,8.04,'2025-08-09 08:44:18','2025-08-09 08:44:18',NULL),(93,41,18,1,17.10,'2025-08-09 08:44:18','2025-08-09 08:44:18',NULL),(94,42,12,3,19.16,'2025-08-09 08:44:18','2025-08-09 08:44:18',NULL),(95,42,10,1,20.02,'2025-08-09 08:44:18','2025-08-09 08:44:18',NULL),(96,42,11,3,6.85,'2025-08-09 08:44:18','2025-08-09 08:44:18',NULL),(97,43,11,2,6.85,'2025-08-09 08:44:18','2025-08-09 08:44:18',NULL),(98,43,6,1,23.31,'2025-08-09 08:44:18','2025-08-09 08:44:18',NULL),(99,43,13,3,12.23,'2025-08-09 08:44:18','2025-08-09 08:44:18',NULL),(100,43,4,2,24.79,'2025-08-09 08:44:18','2025-08-09 08:44:18',NULL),(101,44,8,3,17.03,'2025-08-09 08:44:18','2025-08-09 08:44:18',NULL),(102,44,22,1,12.40,'2025-08-09 08:44:18','2025-08-09 08:44:18',NULL),(103,45,7,3,23.27,'2025-08-09 08:44:18','2025-08-09 08:44:18',NULL),(104,45,20,1,18.73,'2025-08-09 08:44:18','2025-08-09 08:44:18',NULL),(105,46,14,1,8.04,'2025-08-09 08:44:18','2025-08-09 08:44:18',NULL),(106,46,18,1,17.10,'2025-08-09 08:44:18','2025-08-09 08:44:18',NULL),(107,47,22,2,12.40,'2025-08-09 08:44:18','2025-08-09 08:44:18',NULL),(108,47,13,3,12.23,'2025-08-09 08:44:18','2025-08-09 08:44:18',NULL),(109,47,19,1,5.58,'2025-08-09 08:44:18','2025-08-09 08:44:18',NULL),(110,47,21,2,15.57,'2025-08-09 08:44:18','2025-08-09 08:44:18',NULL),(111,48,17,2,9.68,'2025-08-09 08:44:18','2025-08-09 08:44:18',NULL),(112,48,15,1,24.27,'2025-08-09 08:44:18','2025-08-09 08:44:18',NULL),(113,48,3,3,8.55,'2025-08-09 08:44:18','2025-08-09 08:44:18',NULL),(114,48,13,2,12.23,'2025-08-09 08:44:18','2025-08-09 08:44:18',NULL),(115,49,20,2,18.73,'2025-08-09 08:44:18','2025-08-09 08:44:18',NULL),(116,50,4,1,24.79,'2025-08-09 08:44:18','2025-08-09 08:44:18',NULL),(117,51,9,3,7.06,'2025-08-09 08:44:18','2025-08-09 08:44:18',NULL),(118,52,15,2,24.27,'2025-08-09 08:44:18','2025-08-09 08:44:18',NULL),(119,53,9,2,7.06,'2025-08-09 08:44:18','2025-08-09 08:44:18',NULL),(120,53,21,3,15.57,'2025-08-09 08:44:18','2025-08-09 08:44:18',NULL),(121,53,11,1,6.85,'2025-08-09 08:44:18','2025-08-09 08:44:18',NULL),(122,54,3,1,8.55,'2025-08-09 08:44:18','2025-08-09 08:44:18',NULL),(123,54,22,3,12.40,'2025-08-09 08:44:18','2025-08-09 08:44:18',NULL),(124,55,6,3,23.31,'2025-08-09 08:44:18','2025-08-09 08:44:18',NULL),(125,56,14,1,8.04,'2025-08-09 08:44:18','2025-08-09 08:44:18',NULL),(126,56,4,2,24.79,'2025-08-09 08:44:18','2025-08-09 08:44:18',NULL),(127,56,10,3,20.02,'2025-08-09 08:44:18','2025-08-09 08:44:18',NULL),(128,57,14,1,8.04,'2025-08-09 08:44:18','2025-08-09 08:44:18',NULL),(129,57,12,1,19.16,'2025-08-09 08:44:18','2025-08-09 08:44:18',NULL),(130,57,20,3,18.73,'2025-08-09 08:44:18','2025-08-09 08:44:18',NULL),(131,57,21,3,15.57,'2025-08-09 08:44:18','2025-08-09 08:44:18',NULL),(132,58,7,1,23.27,'2025-08-09 08:44:18','2025-08-09 08:44:18',NULL),(133,58,12,1,19.16,'2025-08-09 08:44:18','2025-08-09 08:44:18',NULL),(134,58,3,1,8.55,'2025-08-09 08:44:18','2025-08-09 08:44:18',NULL),(135,58,5,1,23.15,'2025-08-09 08:44:18','2025-08-09 08:44:18',NULL),(136,59,7,1,23.27,'2025-08-09 08:44:18','2025-08-09 08:44:18',NULL),(137,59,8,2,17.03,'2025-08-09 08:44:18','2025-08-09 08:44:18',NULL),(138,59,6,1,23.31,'2025-08-09 08:44:18','2025-08-09 08:44:18',NULL),(139,59,22,3,12.40,'2025-08-09 08:44:18','2025-08-09 08:44:18',NULL),(140,60,3,3,8.55,'2025-08-09 08:44:18','2025-08-09 08:44:18',NULL),(141,60,10,3,20.02,'2025-08-09 08:44:18','2025-08-09 08:44:18',NULL),(142,60,6,2,23.31,'2025-08-09 08:44:18','2025-08-09 08:44:18',NULL),(143,61,6,3,23.31,'2025-08-09 08:44:18','2025-08-09 08:44:18',NULL),(144,61,22,1,12.40,'2025-08-09 08:44:18','2025-08-09 08:44:18',NULL),(145,61,18,2,17.10,'2025-08-09 08:44:18','2025-08-09 08:44:18',NULL),(146,62,21,2,15.57,'2025-08-09 08:44:18','2025-08-09 08:44:18',NULL),(147,62,14,2,8.04,'2025-08-09 08:44:18','2025-08-09 08:44:18',NULL),(148,62,6,1,23.31,'2025-08-09 08:44:18','2025-08-09 08:44:18',NULL),(149,62,12,2,19.16,'2025-08-09 08:44:18','2025-08-09 08:44:18',NULL),(150,63,9,1,7.06,'2025-08-09 08:44:18','2025-08-09 08:44:18',NULL),(151,63,11,2,6.85,'2025-08-09 08:44:18','2025-08-09 08:44:18',NULL),(152,64,6,2,23.31,'2025-08-09 08:44:18','2025-08-09 08:44:18',NULL),(153,64,21,2,15.57,'2025-08-09 08:44:18','2025-08-09 08:44:18',NULL),(154,65,17,2,9.68,'2025-08-09 08:44:18','2025-08-09 08:44:18',NULL),(155,65,10,2,20.02,'2025-08-09 08:44:18','2025-08-09 08:44:18',NULL),(156,65,3,1,8.55,'2025-08-09 08:44:18','2025-08-09 08:44:18',NULL),(157,65,19,3,5.58,'2025-08-09 08:44:18','2025-08-09 08:44:18',NULL),(158,66,6,3,23.31,'2025-08-09 08:44:18','2025-08-09 08:44:18',NULL),(159,66,14,3,8.04,'2025-08-09 08:44:18','2025-08-09 08:44:18',NULL),(160,66,13,2,12.23,'2025-08-09 08:44:18','2025-08-09 08:44:18',NULL),(161,67,11,3,6.85,'2025-08-09 08:44:18','2025-08-09 08:44:18',NULL),(162,67,17,1,9.68,'2025-08-09 08:44:18','2025-08-09 08:44:18',NULL),(163,67,16,2,16.24,'2025-08-09 08:44:18','2025-08-09 08:44:18',NULL),(164,67,9,2,7.06,'2025-08-09 08:44:18','2025-08-09 08:44:18',NULL),(165,68,14,2,8.04,'2025-08-09 08:44:18','2025-08-09 08:44:18',NULL),(166,68,5,3,23.15,'2025-08-09 08:44:18','2025-08-09 08:44:18',NULL),(167,69,9,2,7.06,'2025-08-09 08:44:18','2025-08-09 08:44:18',NULL),(168,70,22,1,12.40,'2025-08-09 08:44:18','2025-08-09 08:44:18',NULL),(169,70,16,1,16.24,'2025-08-09 08:44:18','2025-08-09 08:44:18',NULL),(170,71,3,3,8.55,'2025-08-09 08:44:18','2025-08-09 08:44:18',NULL),(171,71,16,2,16.24,'2025-08-09 08:44:18','2025-08-09 08:44:18',NULL),(172,72,5,2,23.15,'2025-08-09 08:44:18','2025-08-09 08:44:18',NULL),(173,72,19,2,5.58,'2025-08-09 08:44:18','2025-08-09 08:44:18',NULL),(174,72,3,1,8.55,'2025-08-09 08:44:18','2025-08-09 08:44:18',NULL),(175,72,8,2,17.03,'2025-08-09 08:44:19','2025-08-09 08:44:19',NULL),(176,73,13,3,12.23,'2025-08-09 08:44:19','2025-08-09 08:44:19',NULL),(177,73,9,3,7.06,'2025-08-09 08:44:19','2025-08-09 08:44:19',NULL),(178,73,17,2,9.68,'2025-08-09 08:44:19','2025-08-09 08:44:19',NULL),(179,74,6,2,23.31,'2025-08-09 08:44:19','2025-08-09 08:44:19',NULL),(180,75,11,2,6.85,'2025-08-09 08:44:19','2025-08-09 08:44:19',NULL),(181,76,12,2,19.16,'2025-08-09 08:44:19','2025-08-09 08:44:19',NULL),(182,77,4,1,24.79,'2025-08-09 08:44:19','2025-08-09 08:44:19',NULL),(183,77,3,3,8.55,'2025-08-09 08:44:19','2025-08-09 08:44:19',NULL),(184,78,6,1,23.31,'2025-08-09 08:44:19','2025-08-09 08:44:19',NULL),(185,78,20,3,18.73,'2025-08-09 08:44:19','2025-08-09 08:44:19',NULL),(186,78,21,3,15.57,'2025-08-09 08:44:19','2025-08-09 08:44:19',NULL),(187,79,11,3,6.85,'2025-08-09 08:44:19','2025-08-09 08:44:19',NULL),(188,80,15,1,24.27,'2025-08-09 08:44:19','2025-08-09 08:44:19',NULL),(189,80,6,2,23.31,'2025-08-09 08:44:19','2025-08-09 08:44:19',NULL),(190,80,8,2,17.03,'2025-08-09 08:44:19','2025-08-09 08:44:19',NULL),(191,81,9,3,7.06,'2025-08-09 08:44:19','2025-08-09 08:44:19',NULL),(192,82,4,2,24.79,'2025-08-09 08:44:19','2025-08-09 08:44:19',NULL),(193,83,19,2,5.58,'2025-08-09 08:44:19','2025-08-09 08:44:19',NULL),(194,84,13,1,12.23,'2025-08-09 08:44:19','2025-08-09 08:44:19',NULL),(195,85,17,3,9.68,'2025-08-09 08:44:19','2025-08-09 08:44:19',NULL),(196,85,3,3,8.55,'2025-08-09 08:44:19','2025-08-09 08:44:19',NULL),(197,86,9,3,7.06,'2025-08-09 08:44:19','2025-08-09 08:44:19',NULL),(198,86,13,2,12.23,'2025-08-09 08:44:19','2025-08-09 08:44:19',NULL),(199,86,21,2,15.57,'2025-08-09 08:44:19','2025-08-09 08:44:19',NULL),(200,87,13,3,12.23,'2025-08-09 08:44:19','2025-08-09 08:44:19',NULL),(201,87,5,1,23.15,'2025-08-09 08:44:19','2025-08-09 08:44:19',NULL),(202,88,11,3,6.85,'2025-08-09 08:44:19','2025-08-09 08:44:19',NULL),(203,88,19,1,5.58,'2025-08-09 08:44:19','2025-08-09 08:44:19',NULL),(204,89,6,2,23.31,'2025-08-09 08:44:19','2025-08-09 08:44:19',NULL),(205,89,18,3,17.10,'2025-08-09 08:44:19','2025-08-09 08:44:19',NULL),(206,90,13,3,12.23,'2025-08-09 08:44:19','2025-08-09 08:44:19',NULL),(207,91,11,1,6.85,'2025-08-09 08:44:19','2025-08-09 08:44:19',NULL),(208,91,5,1,23.15,'2025-08-09 08:44:19','2025-08-09 08:44:19',NULL),(209,91,13,2,12.23,'2025-08-09 08:44:19','2025-08-09 08:44:19',NULL),(210,92,11,1,6.85,'2025-08-09 08:44:19','2025-08-09 08:44:19',NULL),(211,92,9,3,7.06,'2025-08-09 08:44:19','2025-08-09 08:44:19',NULL),(212,92,12,3,19.16,'2025-08-09 08:44:19','2025-08-09 08:44:19',NULL),(213,92,3,1,8.55,'2025-08-09 08:44:19','2025-08-09 08:44:19',NULL),(214,93,6,1,23.31,'2025-08-09 08:44:19','2025-08-09 08:44:19',NULL),(215,93,22,1,12.40,'2025-08-09 08:44:19','2025-08-09 08:44:19',NULL),(216,93,4,1,24.79,'2025-08-09 08:44:19','2025-08-09 08:44:19',NULL),(217,93,17,3,9.68,'2025-08-09 08:44:19','2025-08-09 08:44:19',NULL),(218,94,19,1,5.58,'2025-08-09 08:44:19','2025-08-09 08:44:19',NULL),(219,94,16,3,16.24,'2025-08-09 08:44:19','2025-08-09 08:44:19',NULL),(220,95,18,1,17.10,'2025-08-09 08:44:19','2025-08-09 08:44:19',NULL),(221,96,22,2,12.40,'2025-08-09 08:44:19','2025-08-09 08:44:19',NULL),(222,96,6,2,23.31,'2025-08-09 08:44:19','2025-08-09 08:44:19',NULL),(223,96,9,1,7.06,'2025-08-09 08:44:19','2025-08-09 08:44:19',NULL),(224,96,10,1,20.02,'2025-08-09 08:44:19','2025-08-09 08:44:19',NULL),(225,97,20,1,18.73,'2025-08-09 08:44:19','2025-08-09 08:44:19',NULL),(226,97,11,3,6.85,'2025-08-09 08:44:19','2025-08-09 08:44:19',NULL),(227,97,4,3,24.79,'2025-08-09 08:44:19','2025-08-09 08:44:19',NULL),(228,98,12,1,19.16,'2025-08-09 08:44:19','2025-08-09 08:44:19',NULL),(229,98,5,2,23.15,'2025-08-09 08:44:19','2025-08-09 08:44:19',NULL),(230,99,8,3,17.03,'2025-08-09 08:44:19','2025-08-09 08:44:19',NULL),(231,99,3,2,8.55,'2025-08-09 08:44:19','2025-08-09 08:44:19',NULL),(232,99,7,2,23.27,'2025-08-09 08:44:19','2025-08-09 08:44:19',NULL),(233,100,10,3,20.02,'2025-08-09 08:44:19','2025-08-09 08:44:19',NULL),(234,100,7,2,23.27,'2025-08-09 08:44:19','2025-08-09 08:44:19',NULL),(235,100,22,2,12.40,'2025-08-09 08:44:19','2025-08-09 08:44:19',NULL),(236,101,13,2,12.23,'2025-08-09 08:44:19','2025-08-09 08:44:19',NULL),(237,101,10,3,20.02,'2025-08-09 08:44:19','2025-08-09 08:44:19',NULL),(238,102,16,3,16.24,'2025-08-09 08:44:19','2025-08-09 08:44:19',NULL),(239,102,11,2,6.85,'2025-08-09 08:44:19','2025-08-09 08:44:19',NULL),(240,102,17,1,9.68,'2025-08-09 08:44:19','2025-08-09 08:44:19',NULL),(241,103,11,1,6.85,'2025-08-09 08:44:19','2025-08-09 08:44:19',NULL),(242,103,14,1,8.04,'2025-08-09 08:44:19','2025-08-09 08:44:19',NULL),(243,103,16,2,16.24,'2025-08-09 08:44:19','2025-08-09 08:44:19',NULL),(244,103,10,1,20.02,'2025-08-09 08:44:19','2025-08-09 08:44:19',NULL),(245,104,9,1,7.06,'2025-08-09 08:44:19','2025-08-09 08:44:19',NULL),(246,105,9,3,7.06,'2025-08-09 08:44:19','2025-08-09 08:44:19',NULL),(247,105,6,1,23.31,'2025-08-09 08:44:19','2025-08-09 08:44:19',NULL),(248,105,5,2,23.15,'2025-08-09 08:44:19','2025-08-09 08:44:19',NULL),(249,106,15,2,24.27,'2025-08-09 08:44:19','2025-08-09 08:44:19',NULL),(250,106,12,1,19.16,'2025-08-09 08:44:19','2025-08-09 08:44:19',NULL),(251,106,10,1,20.02,'2025-08-09 08:44:19','2025-08-09 08:44:19',NULL),(252,106,19,1,5.58,'2025-08-09 08:44:19','2025-08-09 08:44:19',NULL),(253,107,9,2,7.06,'2025-08-09 08:44:19','2025-08-09 08:44:19',NULL),(254,108,11,1,6.85,'2025-08-09 08:44:19','2025-08-09 08:44:19',NULL),(255,108,15,3,24.27,'2025-08-09 08:44:19','2025-08-09 08:44:19',NULL),(256,109,8,1,17.03,'2025-08-09 08:44:19','2025-08-09 08:44:19',NULL),(257,109,22,3,12.40,'2025-08-09 08:44:19','2025-08-09 08:44:19',NULL),(258,110,7,2,23.27,'2025-08-09 08:44:19','2025-08-09 08:44:19',NULL),(259,111,7,2,23.27,'2025-08-09 08:44:19','2025-08-09 08:44:19',NULL),(260,111,6,1,23.31,'2025-08-09 08:44:19','2025-08-09 08:44:19',NULL),(261,112,8,2,17.03,'2025-08-09 08:44:19','2025-08-09 08:44:19',NULL),(262,112,3,2,8.55,'2025-08-09 08:44:20','2025-08-09 08:44:20',NULL),(263,112,5,3,23.15,'2025-08-09 08:44:20','2025-08-09 08:44:20',NULL),(264,113,19,2,5.58,'2025-08-09 08:44:20','2025-08-09 08:44:20',NULL),(265,113,17,1,9.68,'2025-08-09 08:44:20','2025-08-09 08:44:20',NULL),(266,113,15,2,24.27,'2025-08-09 08:44:20','2025-08-09 08:44:20',NULL),(267,113,18,2,17.10,'2025-08-09 08:44:20','2025-08-09 08:44:20',NULL),(268,114,4,1,24.79,'2025-08-09 08:44:20','2025-08-09 08:44:20',NULL),(269,115,4,2,24.79,'2025-08-09 08:44:20','2025-08-09 08:44:20',NULL),(270,116,5,1,23.15,'2025-08-09 08:44:20','2025-08-09 08:44:20',NULL),(271,116,19,1,5.58,'2025-08-09 08:44:20','2025-08-09 08:44:20',NULL),(272,116,21,1,15.57,'2025-08-09 08:44:20','2025-08-09 08:44:20',NULL),(273,116,7,1,23.27,'2025-08-09 08:44:20','2025-08-09 08:44:20',NULL),(274,117,14,3,8.04,'2025-08-09 08:44:20','2025-08-09 08:44:20',NULL),(275,117,9,1,7.06,'2025-08-09 08:44:20','2025-08-09 08:44:20',NULL),(276,118,15,3,24.27,'2025-08-09 08:44:20','2025-08-09 08:44:20',NULL),(277,118,6,2,23.31,'2025-08-09 08:44:20','2025-08-09 08:44:20',NULL),(278,118,7,3,23.27,'2025-08-09 08:44:20','2025-08-09 08:44:20',NULL),(279,118,19,3,5.58,'2025-08-09 08:44:20','2025-08-09 08:44:20',NULL),(280,119,18,2,17.10,'2025-08-09 08:44:20','2025-08-09 08:44:20',NULL),(281,119,14,3,8.04,'2025-08-09 08:44:20','2025-08-09 08:44:20',NULL),(282,119,16,2,16.24,'2025-08-09 08:44:20','2025-08-09 08:44:20',NULL),(283,119,11,3,6.85,'2025-08-09 08:44:20','2025-08-09 08:44:20',NULL),(284,120,20,2,18.73,'2025-08-09 08:44:20','2025-08-09 08:44:20',NULL),(285,121,3,1,8.55,'2025-08-09 08:44:20','2025-08-09 08:44:20',NULL),(286,121,18,1,17.10,'2025-08-09 08:44:20','2025-08-09 08:44:20',NULL),(287,121,9,3,7.06,'2025-08-09 08:44:20','2025-08-09 08:44:20',NULL),(288,122,11,2,6.85,'2025-08-09 08:44:20','2025-08-09 08:44:20',NULL),(289,122,16,3,16.24,'2025-08-09 08:44:20','2025-08-09 08:44:20',NULL),(290,122,15,3,24.27,'2025-08-09 08:44:20','2025-08-09 08:44:20',NULL),(291,122,18,2,17.10,'2025-08-09 08:44:20','2025-08-09 08:44:20',NULL),(292,123,9,3,7.06,'2025-08-09 08:44:20','2025-08-09 08:44:20',NULL),(293,123,22,3,12.40,'2025-08-09 08:44:20','2025-08-09 08:44:20',NULL),(294,123,21,2,15.57,'2025-08-09 08:44:20','2025-08-09 08:44:20',NULL),(295,123,20,2,18.73,'2025-08-09 08:44:20','2025-08-09 08:44:20',NULL),(296,124,19,2,5.58,'2025-08-09 08:44:20','2025-08-09 08:44:20',NULL),(297,124,15,2,24.27,'2025-08-09 08:44:20','2025-08-09 08:44:20',NULL),(298,124,21,2,15.57,'2025-08-09 08:44:20','2025-08-09 08:44:20',NULL),(299,125,9,3,7.06,'2025-08-09 08:44:20','2025-08-09 08:44:20',NULL),(300,125,17,3,9.68,'2025-08-09 08:44:20','2025-08-09 08:44:20',NULL),(301,125,11,3,6.85,'2025-08-09 08:44:20','2025-08-09 08:44:20',NULL),(302,125,7,3,23.27,'2025-08-09 08:44:20','2025-08-09 08:44:20',NULL),(303,126,9,2,7.06,'2025-08-09 08:44:20','2025-08-09 08:44:20',NULL),(304,127,10,2,20.02,'2025-08-09 08:44:20','2025-08-09 08:44:20',NULL),(305,128,8,2,17.03,'2025-08-09 08:44:20','2025-08-09 08:44:20',NULL),(306,128,4,3,24.79,'2025-08-09 08:44:20','2025-08-09 08:44:20',NULL),(307,128,18,2,17.10,'2025-08-09 08:44:20','2025-08-09 08:44:20',NULL),(308,129,3,2,8.55,'2025-08-09 08:44:20','2025-08-09 08:44:20',NULL),(309,129,21,2,15.57,'2025-08-09 08:44:20','2025-08-09 08:44:20',NULL),(310,129,10,1,20.02,'2025-08-09 08:44:20','2025-08-09 08:44:20',NULL),(311,130,21,3,15.57,'2025-08-09 08:44:20','2025-08-09 08:44:20',NULL),(312,130,19,1,5.58,'2025-08-09 08:44:20','2025-08-09 08:44:20',NULL),(313,131,22,2,12.40,'2025-08-09 08:44:20','2025-08-09 08:44:20',NULL),(314,131,18,3,17.10,'2025-08-09 08:44:20','2025-08-09 08:44:20',NULL),(315,132,7,2,23.27,'2025-08-09 08:44:20','2025-08-09 08:44:20',NULL),(316,132,6,3,23.31,'2025-08-09 08:44:20','2025-08-09 08:44:20',NULL),(317,132,20,3,18.73,'2025-08-09 08:44:20','2025-08-09 08:44:20',NULL),(318,132,9,3,7.06,'2025-08-09 08:44:20','2025-08-09 08:44:20',NULL),(319,133,21,2,15.57,'2025-08-09 08:44:20','2025-08-09 08:44:20',NULL),(320,133,6,1,23.31,'2025-08-09 08:44:20','2025-08-09 08:44:20',NULL),(321,133,8,1,17.03,'2025-08-09 08:44:20','2025-08-09 08:44:20',NULL),(322,133,10,1,20.02,'2025-08-09 08:44:20','2025-08-09 08:44:20',NULL),(323,134,21,2,15.57,'2025-08-09 08:44:20','2025-08-09 08:44:20',NULL),(324,135,16,2,16.24,'2025-08-09 08:44:20','2025-08-09 08:44:20',NULL),(325,135,19,3,5.58,'2025-08-09 08:44:20','2025-08-09 08:44:20',NULL),(326,135,17,3,9.68,'2025-08-09 08:44:20','2025-08-09 08:44:20',NULL),(327,135,7,2,23.27,'2025-08-09 08:44:20','2025-08-09 08:44:20',NULL),(328,136,10,3,20.02,'2025-08-09 08:44:20','2025-08-09 08:44:20',NULL),(329,137,14,3,8.04,'2025-08-09 08:44:20','2025-08-09 08:44:20',NULL),(330,137,7,3,23.27,'2025-08-09 08:44:20','2025-08-09 08:44:20',NULL),(331,137,5,1,23.15,'2025-08-09 08:44:20','2025-08-09 08:44:20',NULL),(332,138,17,1,9.68,'2025-08-09 08:44:20','2025-08-09 08:44:20',NULL),(333,138,21,1,15.57,'2025-08-09 08:44:20','2025-08-09 08:44:20',NULL),(334,139,13,1,12.23,'2025-08-09 08:44:20','2025-08-09 08:44:20',NULL),(335,140,6,1,23.31,'2025-08-09 08:44:20','2025-08-09 08:44:20',NULL),(336,141,21,2,15.57,'2025-08-09 08:44:20','2025-08-09 08:44:20',NULL),(337,141,5,1,23.15,'2025-08-09 08:44:20','2025-08-09 08:44:20',NULL),(338,141,13,3,12.23,'2025-08-09 08:44:20','2025-08-09 08:44:20',NULL),(339,141,12,3,19.16,'2025-08-09 08:44:20','2025-08-09 08:44:20',NULL),(340,142,5,3,23.15,'2025-08-09 08:44:20','2025-08-09 08:44:20',NULL),(341,142,12,1,19.16,'2025-08-09 08:44:20','2025-08-09 08:44:20',NULL),(342,142,22,1,12.40,'2025-08-09 08:44:20','2025-08-09 08:44:20',NULL),(343,143,18,3,17.10,'2025-08-09 08:44:20','2025-08-09 08:44:20',NULL),(344,143,11,1,6.85,'2025-08-09 08:44:20','2025-08-09 08:44:20',NULL),(345,143,14,1,8.04,'2025-08-09 08:44:20','2025-08-09 08:44:20',NULL),(346,144,16,3,16.24,'2025-08-09 08:44:20','2025-08-09 08:44:20',NULL),(347,144,13,1,12.23,'2025-08-09 08:44:20','2025-08-09 08:44:20',NULL),(348,144,20,1,18.73,'2025-08-09 08:44:20','2025-08-09 08:44:20',NULL),(349,144,5,3,23.15,'2025-08-09 08:44:20','2025-08-09 08:44:20',NULL),(350,145,8,3,17.03,'2025-08-09 08:44:20','2025-08-09 08:44:20',NULL),(351,145,6,3,23.31,'2025-08-09 08:44:20','2025-08-09 08:44:20',NULL),(352,145,22,3,12.40,'2025-08-09 08:44:21','2025-08-09 08:44:21',NULL),(353,146,20,2,18.73,'2025-08-09 08:44:21','2025-08-09 08:44:21',NULL),(354,147,22,3,12.40,'2025-08-09 08:44:21','2025-08-09 08:44:21',NULL),(355,147,4,3,24.79,'2025-08-09 08:44:21','2025-08-09 08:44:21',NULL),(356,147,18,1,17.10,'2025-08-09 08:44:21','2025-08-09 08:44:21',NULL),(357,147,12,1,19.16,'2025-08-09 08:44:21','2025-08-09 08:44:21',NULL),(358,148,18,3,17.10,'2025-08-09 08:44:21','2025-08-09 08:44:21',NULL),(359,148,15,2,24.27,'2025-08-09 08:44:21','2025-08-09 08:44:21',NULL),(360,149,6,3,23.31,'2025-08-09 08:44:21','2025-08-09 08:44:21',NULL),(361,149,19,1,5.58,'2025-08-09 08:44:21','2025-08-09 08:44:21',NULL),(362,149,20,2,18.73,'2025-08-09 08:44:21','2025-08-09 08:44:21',NULL),(363,149,12,2,19.16,'2025-08-09 08:44:21','2025-08-09 08:44:21',NULL),(364,150,15,2,24.27,'2025-08-09 08:44:21','2025-08-09 08:44:21',NULL),(365,150,21,1,15.57,'2025-08-09 08:44:21','2025-08-09 08:44:21',NULL),(366,151,16,2,16.24,'2025-08-09 08:44:21','2025-08-09 08:44:21',NULL),(367,151,17,1,9.68,'2025-08-09 08:44:21','2025-08-09 08:44:21',NULL),(368,151,10,3,20.02,'2025-08-09 08:44:21','2025-08-09 08:44:21',NULL),(369,151,20,3,18.73,'2025-08-09 08:44:21','2025-08-09 08:44:21',NULL),(370,152,19,1,5.58,'2025-08-09 08:44:21','2025-08-09 08:44:21',NULL),(371,152,22,3,12.40,'2025-08-09 08:44:21','2025-08-09 08:44:21',NULL),(372,153,5,3,23.15,'2025-08-09 08:44:21','2025-08-09 08:44:21',NULL),(373,153,17,2,9.68,'2025-08-09 08:44:21','2025-08-09 08:44:21',NULL),(374,153,22,3,12.40,'2025-08-09 08:44:21','2025-08-09 08:44:21',NULL),(375,154,10,1,20.02,'2025-08-09 08:44:21','2025-08-09 08:44:21',NULL),(376,154,18,2,17.10,'2025-08-09 08:44:21','2025-08-09 08:44:21',NULL),(377,155,13,1,12.23,'2025-08-09 08:44:21','2025-08-09 08:44:21',NULL),(378,155,5,3,23.15,'2025-08-09 08:44:21','2025-08-09 08:44:21',NULL),(379,156,22,2,12.40,'2025-08-09 08:44:21','2025-08-09 08:44:21',NULL),(380,156,6,2,23.31,'2025-08-09 08:44:21','2025-08-09 08:44:21',NULL),(381,157,4,1,24.79,'2025-08-09 08:44:21','2025-08-09 08:44:21',NULL),(382,157,3,1,8.55,'2025-08-09 08:44:21','2025-08-09 08:44:21',NULL),(383,158,13,2,12.23,'2025-08-09 08:44:21','2025-08-09 08:44:21',NULL),(384,158,16,2,16.24,'2025-08-09 08:44:21','2025-08-09 08:44:21',NULL),(385,159,5,2,23.15,'2025-08-09 08:44:21','2025-08-09 08:44:21',NULL),(386,159,17,1,9.68,'2025-08-09 08:44:21','2025-08-09 08:44:21',NULL),(387,159,3,1,8.55,'2025-08-09 08:44:21','2025-08-09 08:44:21',NULL),(388,160,6,1,23.31,'2025-08-09 08:44:21','2025-08-09 08:44:21',NULL),(389,161,22,3,12.40,'2025-08-09 08:44:21','2025-08-09 08:44:21',NULL),(390,161,11,2,6.85,'2025-08-09 08:44:21','2025-08-09 08:44:21',NULL),(391,162,3,1,8.55,'2025-08-09 08:44:21','2025-08-09 08:44:21',NULL),(392,162,17,2,9.68,'2025-08-09 08:44:21','2025-08-09 08:44:21',NULL),(393,162,13,3,12.23,'2025-08-09 08:44:21','2025-08-09 08:44:21',NULL),(394,162,16,1,16.24,'2025-08-09 08:44:21','2025-08-09 08:44:21',NULL),(395,163,16,3,16.24,'2025-08-09 08:44:21','2025-08-09 08:44:21',NULL),(396,163,11,2,6.85,'2025-08-09 08:44:21','2025-08-09 08:44:21',NULL),(397,164,12,2,19.16,'2025-08-09 08:44:21','2025-08-09 08:44:21',NULL),(398,164,8,2,17.03,'2025-08-09 08:44:21','2025-08-09 08:44:21',NULL),(399,165,20,2,18.73,'2025-08-09 08:44:21','2025-08-09 08:44:21',NULL),(400,165,18,3,17.10,'2025-08-09 08:44:21','2025-08-09 08:44:21',NULL),(401,165,8,1,17.03,'2025-08-09 08:44:21','2025-08-09 08:44:21',NULL),(402,165,17,1,9.68,'2025-08-09 08:44:21','2025-08-09 08:44:21',NULL),(403,166,19,3,5.58,'2025-08-09 08:44:21','2025-08-09 08:44:21',NULL),(404,166,7,2,23.27,'2025-08-09 08:44:21','2025-08-09 08:44:21',NULL),(405,166,12,1,19.16,'2025-08-09 08:44:21','2025-08-09 08:44:21',NULL),(406,166,14,2,8.04,'2025-08-09 08:44:21','2025-08-09 08:44:21',NULL),(407,167,19,3,5.58,'2025-08-09 08:44:21','2025-08-09 08:44:21',NULL),(408,167,8,2,17.03,'2025-08-09 08:44:21','2025-08-09 08:44:21',NULL),(409,167,4,1,24.79,'2025-08-09 08:44:21','2025-08-09 08:44:21',NULL),(410,167,22,1,12.40,'2025-08-09 08:44:21','2025-08-09 08:44:21',NULL),(411,168,8,1,17.03,'2025-08-09 08:44:21','2025-08-09 08:44:21',NULL),(412,168,6,2,23.31,'2025-08-09 08:44:21','2025-08-09 08:44:21',NULL),(413,169,19,2,5.58,'2025-08-09 08:44:21','2025-08-09 08:44:21',NULL),(414,169,14,1,8.04,'2025-08-09 08:44:21','2025-08-09 08:44:21',NULL),(415,170,12,1,19.16,'2025-08-09 08:44:21','2025-08-09 08:44:21',NULL),(416,170,21,2,15.57,'2025-08-09 08:44:21','2025-08-09 08:44:21',NULL),(417,170,5,2,23.15,'2025-08-09 08:44:21','2025-08-09 08:44:21',NULL),(418,170,18,3,17.10,'2025-08-09 08:44:21','2025-08-09 08:44:21',NULL),(419,171,3,1,8.55,'2025-08-09 08:44:21','2025-08-09 08:44:21',NULL),(420,171,11,1,6.85,'2025-08-09 08:44:21','2025-08-09 08:44:21',NULL),(421,171,13,2,12.23,'2025-08-09 08:44:21','2025-08-09 08:44:21',NULL),(422,172,11,1,6.85,'2025-08-09 08:44:21','2025-08-09 08:44:21',NULL),(423,172,15,2,24.27,'2025-08-09 08:44:21','2025-08-09 08:44:21',NULL),(424,172,4,2,24.79,'2025-08-09 08:44:21','2025-08-09 08:44:21',NULL),(425,172,19,2,5.58,'2025-08-09 08:44:21','2025-08-09 08:44:21',NULL),(426,173,9,1,7.06,'2025-08-09 08:44:21','2025-08-09 08:44:21',NULL),(427,173,16,3,16.24,'2025-08-09 08:44:21','2025-08-09 08:44:21',NULL),(428,174,9,2,7.06,'2025-08-09 08:44:21','2025-08-09 08:44:21',NULL),(429,174,22,3,12.40,'2025-08-09 08:44:21','2025-08-09 08:44:21',NULL),(430,174,7,3,23.27,'2025-08-09 08:44:21','2025-08-09 08:44:21',NULL),(431,175,20,1,18.73,'2025-08-09 08:44:21','2025-08-09 08:44:21',NULL),(432,175,9,2,7.06,'2025-08-09 08:44:21','2025-08-09 08:44:21',NULL),(433,175,7,3,23.27,'2025-08-09 08:44:21','2025-08-09 08:44:21',NULL),(434,176,6,3,23.31,'2025-08-09 08:44:21','2025-08-09 08:44:21',NULL),(435,177,21,1,15.57,'2025-08-09 08:44:22','2025-08-09 08:44:22',NULL),(436,177,4,3,24.79,'2025-08-09 08:44:22','2025-08-09 08:44:22',NULL),(437,177,7,2,23.27,'2025-08-09 08:44:22','2025-08-09 08:44:22',NULL),(438,178,9,1,7.06,'2025-08-09 08:44:22','2025-08-09 08:44:22',NULL),(439,179,22,2,12.40,'2025-08-09 08:44:22','2025-08-09 08:44:22',NULL),(440,180,10,3,20.02,'2025-08-09 08:44:22','2025-08-09 08:44:22',NULL),(441,180,5,1,23.15,'2025-08-09 08:44:22','2025-08-09 08:44:22',NULL),(442,181,12,3,19.16,'2025-08-09 08:44:22','2025-08-09 08:44:22',NULL),(443,182,5,2,23.15,'2025-08-09 08:44:22','2025-08-09 08:44:22',NULL),(444,183,7,1,23.27,'2025-08-09 08:44:22','2025-08-09 08:44:22',NULL),(445,183,5,3,23.15,'2025-08-09 08:44:22','2025-08-09 08:44:22',NULL),(446,183,18,1,17.10,'2025-08-09 08:44:22','2025-08-09 08:44:22',NULL),(447,183,10,2,20.02,'2025-08-09 08:44:22','2025-08-09 08:44:22',NULL),(448,184,14,2,8.04,'2025-08-09 08:44:22','2025-08-09 08:44:22',NULL),(449,184,22,2,12.40,'2025-08-09 08:44:22','2025-08-09 08:44:22',NULL),(450,185,8,2,17.03,'2025-08-09 08:44:22','2025-08-09 08:44:22',NULL),(451,185,4,3,24.79,'2025-08-09 08:44:22','2025-08-09 08:44:22',NULL),(452,185,9,2,7.06,'2025-08-09 08:44:22','2025-08-09 08:44:22',NULL),(453,186,6,1,23.31,'2025-08-09 08:44:22','2025-08-09 08:44:22',NULL),(454,187,20,3,18.73,'2025-08-09 08:44:22','2025-08-09 08:44:22',NULL),(455,188,14,1,8.04,'2025-08-09 08:44:22','2025-08-09 08:44:22',NULL),(456,189,12,3,19.16,'2025-08-09 08:44:22','2025-08-09 08:44:22',NULL),(457,190,18,3,17.10,'2025-08-09 08:44:22','2025-08-09 08:44:22',NULL),(458,190,19,2,5.58,'2025-08-09 08:44:22','2025-08-09 08:44:22',NULL),(459,190,8,2,17.03,'2025-08-09 08:44:22','2025-08-09 08:44:22',NULL),(460,190,7,1,23.27,'2025-08-09 08:44:22','2025-08-09 08:44:22',NULL),(461,191,6,1,23.31,'2025-08-09 08:44:22','2025-08-09 08:44:22',NULL),(462,192,8,1,17.03,'2025-08-09 08:44:22','2025-08-09 08:44:22',NULL),(463,192,5,3,23.15,'2025-08-09 08:44:22','2025-08-09 08:44:22',NULL),(464,193,8,1,17.03,'2025-08-09 08:44:22','2025-08-09 08:44:22',NULL),(465,193,7,2,23.27,'2025-08-09 08:44:22','2025-08-09 08:44:22',NULL),(466,193,5,2,23.15,'2025-08-09 08:44:22','2025-08-09 08:44:22',NULL),(467,194,5,1,23.15,'2025-08-09 08:44:23','2025-08-09 08:44:23',NULL),(468,194,19,3,5.58,'2025-08-09 08:44:23','2025-08-09 08:44:23',NULL),(469,194,13,1,12.23,'2025-08-09 08:44:23','2025-08-09 08:44:23',NULL),(470,195,15,2,24.27,'2025-08-09 08:44:23','2025-08-09 08:44:23',NULL),(471,195,12,2,19.16,'2025-08-09 08:44:23','2025-08-09 08:44:23',NULL),(472,195,19,2,5.58,'2025-08-09 08:44:23','2025-08-09 08:44:23',NULL),(473,196,6,2,23.31,'2025-08-09 08:44:23','2025-08-09 08:44:23',NULL),(474,196,16,1,16.24,'2025-08-09 08:44:23','2025-08-09 08:44:23',NULL),(475,196,11,2,6.85,'2025-08-09 08:44:23','2025-08-09 08:44:23',NULL),(476,196,19,2,5.58,'2025-08-09 08:44:23','2025-08-09 08:44:23',NULL),(477,197,9,1,7.06,'2025-08-09 08:44:23','2025-08-09 08:44:23',NULL),(478,197,17,3,9.68,'2025-08-09 08:44:23','2025-08-09 08:44:23',NULL),(479,198,17,2,9.68,'2025-08-09 08:44:23','2025-08-09 08:44:23',NULL),(480,198,18,1,17.10,'2025-08-09 08:44:23','2025-08-09 08:44:23',NULL),(481,198,22,1,12.40,'2025-08-09 08:44:23','2025-08-09 08:44:23',NULL),(482,198,19,3,5.58,'2025-08-09 08:44:23','2025-08-09 08:44:23',NULL),(483,199,19,1,5.58,'2025-08-09 08:44:23','2025-08-09 08:44:23',NULL),(484,199,12,1,19.16,'2025-08-09 08:44:23','2025-08-09 08:44:23',NULL),(485,200,16,3,16.24,'2025-08-09 08:44:23','2025-08-09 08:44:23',NULL),(486,200,14,1,8.04,'2025-08-09 08:44:23','2025-08-09 08:44:23',NULL),(487,201,12,2,19.16,'2025-08-09 08:44:23','2025-08-09 08:44:23',NULL),(488,201,11,2,6.85,'2025-08-09 08:44:23','2025-08-09 08:44:23',NULL),(489,201,5,3,23.15,'2025-08-09 08:44:23','2025-08-09 08:44:23',NULL),(490,202,11,1,6.85,'2025-08-09 08:44:23','2025-08-09 08:44:23',NULL),(491,202,15,1,24.27,'2025-08-09 08:44:23','2025-08-09 08:44:23',NULL),(492,203,7,2,23.27,'2025-08-09 08:44:23','2025-08-09 08:44:23',NULL),(493,203,11,3,6.85,'2025-08-09 08:44:23','2025-08-09 08:44:23',NULL),(494,204,10,1,20.02,'2025-08-09 08:44:23','2025-08-09 08:44:23',NULL),(495,205,10,1,20.02,'2025-08-09 08:44:23','2025-08-09 08:44:23',NULL),(496,205,18,3,17.10,'2025-08-09 08:44:23','2025-08-09 08:44:23',NULL),(497,205,22,2,12.40,'2025-08-09 08:44:23','2025-08-09 08:44:23',NULL),(498,205,9,3,7.06,'2025-08-09 08:44:23','2025-08-09 08:44:23',NULL),(499,206,3,3,8.55,'2025-08-09 08:44:23','2025-08-09 08:44:23',NULL),(500,206,17,3,9.68,'2025-08-09 08:44:23','2025-08-09 08:44:23',NULL),(501,207,20,1,18.73,'2025-08-09 08:44:23','2025-08-09 08:44:23',NULL),(502,208,20,1,18.73,'2025-08-09 08:44:23','2025-08-09 08:44:23',NULL),(503,208,11,3,6.85,'2025-08-09 08:44:23','2025-08-09 08:44:23',NULL),(504,208,12,2,19.16,'2025-08-09 08:44:23','2025-08-09 08:44:23',NULL),(505,209,20,2,18.73,'2025-08-09 08:44:23','2025-08-09 08:44:23',NULL),(506,209,9,1,7.06,'2025-08-09 08:44:23','2025-08-09 08:44:23',NULL),(507,209,13,3,12.23,'2025-08-09 08:44:23','2025-08-09 08:44:23',NULL),(508,210,9,1,7.06,'2025-08-09 08:44:23','2025-08-09 08:44:23',NULL),(509,210,3,3,8.55,'2025-08-09 08:44:23','2025-08-09 08:44:23',NULL),(510,210,21,3,15.57,'2025-08-09 08:44:23','2025-08-09 08:44:23',NULL),(511,210,15,1,24.27,'2025-08-09 08:44:23','2025-08-09 08:44:23',NULL),(512,211,20,3,18.73,'2025-08-09 08:44:23','2025-08-09 08:44:23',NULL),(513,211,9,3,7.06,'2025-08-09 08:44:23','2025-08-09 08:44:23',NULL),(514,212,17,2,9.68,'2025-08-09 08:44:23','2025-08-09 08:44:23',NULL),(515,212,12,1,19.16,'2025-08-09 08:44:23','2025-08-09 08:44:23',NULL),(516,212,4,2,24.79,'2025-08-09 08:44:23','2025-08-09 08:44:23',NULL),(517,213,15,1,24.27,'2025-08-09 08:44:23','2025-08-09 08:44:23',NULL),(518,213,9,1,7.06,'2025-08-09 08:44:23','2025-08-09 08:44:23',NULL),(519,213,17,3,9.68,'2025-08-09 08:44:23','2025-08-09 08:44:23',NULL),(520,213,3,1,8.55,'2025-08-09 08:44:23','2025-08-09 08:44:23',NULL),(521,214,16,1,16.24,'2025-08-09 08:44:23','2025-08-09 08:44:23',NULL),(522,215,22,2,12.40,'2025-08-09 08:44:23','2025-08-09 08:44:23',NULL),(523,216,10,2,20.02,'2025-08-09 08:44:23','2025-08-09 08:44:23',NULL),(524,217,6,3,23.31,'2025-08-09 08:44:23','2025-08-09 08:44:23',NULL),(525,218,22,3,12.40,'2025-08-09 08:44:23','2025-08-09 08:44:23',NULL),(526,218,17,2,9.68,'2025-08-09 08:44:23','2025-08-09 08:44:23',NULL),(527,218,7,3,23.27,'2025-08-09 08:44:23','2025-08-09 08:44:23',NULL),(528,219,19,2,5.58,'2025-08-09 08:44:23','2025-08-09 08:44:23',NULL),(529,220,9,1,7.06,'2025-08-09 08:44:23','2025-08-09 08:44:23',NULL),(530,220,4,1,24.79,'2025-08-09 08:44:23','2025-08-09 08:44:23',NULL),(531,220,12,1,19.16,'2025-08-09 08:44:23','2025-08-09 08:44:23',NULL),(532,221,8,1,17.03,'2025-08-09 08:44:23','2025-08-09 08:44:23',NULL),(533,221,15,1,24.27,'2025-08-09 08:44:23','2025-08-09 08:44:23',NULL),(534,221,5,3,23.15,'2025-08-09 08:44:23','2025-08-09 08:44:23',NULL),(535,222,9,1,7.06,'2025-08-09 08:44:23','2025-08-09 08:44:23',NULL),(536,223,7,1,23.27,'2025-08-09 08:44:23','2025-08-09 08:44:23',NULL),(537,223,20,3,18.73,'2025-08-09 08:44:23','2025-08-09 08:44:23',NULL),(538,223,5,3,23.15,'2025-08-09 08:44:23','2025-08-09 08:44:23',NULL),(539,223,14,3,8.04,'2025-08-09 08:44:23','2025-08-09 08:44:23',NULL),(540,224,6,1,23.31,'2025-08-09 08:44:23','2025-08-09 08:44:23',NULL),(541,224,16,1,16.24,'2025-08-09 08:44:23','2025-08-09 08:44:23',NULL),(542,225,17,3,9.68,'2025-08-09 08:44:23','2025-08-09 08:44:23',NULL),(543,225,16,1,16.24,'2025-08-09 08:44:23','2025-08-09 08:44:23',NULL),(544,226,17,3,9.68,'2025-08-09 08:44:24','2025-08-09 08:44:24',NULL),(545,226,7,1,23.27,'2025-08-09 08:44:24','2025-08-09 08:44:24',NULL),(546,226,16,3,16.24,'2025-08-09 08:44:24','2025-08-09 08:44:24',NULL),(547,227,18,3,17.10,'2025-08-09 08:44:24','2025-08-09 08:44:24',NULL),(548,227,12,3,19.16,'2025-08-09 08:44:24','2025-08-09 08:44:24',NULL),(549,227,16,3,16.24,'2025-08-09 08:44:24','2025-08-09 08:44:24',NULL),(550,227,3,2,8.55,'2025-08-09 08:44:24','2025-08-09 08:44:24',NULL),(551,228,3,3,8.55,'2025-08-09 08:44:24','2025-08-09 08:44:24',NULL),(552,228,13,3,12.23,'2025-08-09 08:44:24','2025-08-09 08:44:24',NULL),(553,228,18,2,17.10,'2025-08-09 08:44:24','2025-08-09 08:44:24',NULL),(554,228,19,2,5.58,'2025-08-09 08:44:24','2025-08-09 08:44:24',NULL),(555,229,17,1,9.68,'2025-08-09 08:44:24','2025-08-09 08:44:24',NULL),(556,230,15,3,24.27,'2025-08-09 08:44:24','2025-08-09 08:44:24',NULL),(557,231,10,3,20.02,'2025-08-09 08:44:24','2025-08-09 08:44:24',NULL),(558,232,14,2,8.04,'2025-08-09 08:44:24','2025-08-09 08:44:24',NULL),(559,232,12,1,19.16,'2025-08-09 08:44:24','2025-08-09 08:44:24',NULL),(560,233,5,3,23.15,'2025-08-09 08:44:24','2025-08-09 08:44:24',NULL),(561,234,10,2,20.02,'2025-08-09 08:44:24','2025-08-09 08:44:24',NULL),(562,234,9,1,7.06,'2025-08-09 08:44:24','2025-08-09 08:44:24',NULL),(563,234,16,3,16.24,'2025-08-09 08:44:24','2025-08-09 08:44:24',NULL),(564,235,8,3,17.03,'2025-08-09 08:44:24','2025-08-09 08:44:24',NULL),(565,236,13,2,12.23,'2025-08-09 08:44:24','2025-08-09 08:44:24',NULL),(566,236,19,2,5.58,'2025-08-09 08:44:24','2025-08-09 08:44:24',NULL),(567,236,22,3,12.40,'2025-08-09 08:44:24','2025-08-09 08:44:24',NULL),(568,237,15,1,24.27,'2025-08-09 08:44:24','2025-08-09 08:44:24',NULL),(569,237,11,1,6.85,'2025-08-09 08:44:24','2025-08-09 08:44:24',NULL),(570,237,6,3,23.31,'2025-08-09 08:44:24','2025-08-09 08:44:24',NULL),(571,237,4,3,24.79,'2025-08-09 08:44:24','2025-08-09 08:44:24',NULL),(572,238,19,1,5.58,'2025-08-09 08:44:24','2025-08-09 08:44:24',NULL),(573,238,6,1,23.31,'2025-08-09 08:44:24','2025-08-09 08:44:24',NULL),(574,239,12,1,19.16,'2025-08-09 08:44:24','2025-08-09 08:44:24',NULL),(575,239,16,3,16.24,'2025-08-09 08:44:24','2025-08-09 08:44:24',NULL),(576,239,8,2,17.03,'2025-08-09 08:44:24','2025-08-09 08:44:24',NULL),(577,240,20,2,18.73,'2025-08-09 08:44:24','2025-08-09 08:44:24',NULL),(578,240,15,3,24.27,'2025-08-09 08:44:24','2025-08-09 08:44:24',NULL),(579,240,8,1,17.03,'2025-08-09 08:44:24','2025-08-09 08:44:24',NULL),(580,241,18,1,17.10,'2025-08-09 08:44:24','2025-08-09 08:44:24',NULL),(581,241,5,1,23.15,'2025-08-09 08:44:24','2025-08-09 08:44:24',NULL),(582,241,4,1,24.79,'2025-08-09 08:44:24','2025-08-09 08:44:24',NULL),(583,241,11,3,6.85,'2025-08-09 08:44:24','2025-08-09 08:44:24',NULL),(584,242,5,3,23.15,'2025-08-09 08:44:24','2025-08-09 08:44:24',NULL),(585,243,8,3,17.03,'2025-08-09 08:44:24','2025-08-09 08:44:24',NULL),(586,244,6,3,23.31,'2025-08-09 08:44:24','2025-08-09 08:44:24',NULL),(587,244,18,1,17.10,'2025-08-09 08:44:24','2025-08-09 08:44:24',NULL),(588,244,8,2,17.03,'2025-08-09 08:44:24','2025-08-09 08:44:24',NULL),(589,245,11,3,6.85,'2025-08-09 08:44:24','2025-08-09 08:44:24',NULL),(590,245,18,3,17.10,'2025-08-09 08:44:24','2025-08-09 08:44:24',NULL),(591,245,16,2,16.24,'2025-08-09 08:44:24','2025-08-09 08:44:24',NULL),(592,245,17,2,9.68,'2025-08-09 08:44:24','2025-08-09 08:44:24',NULL),(593,246,21,2,15.57,'2025-08-09 08:44:24','2025-08-09 08:44:24',NULL),(594,246,12,1,19.16,'2025-08-09 08:44:24','2025-08-09 08:44:24',NULL),(595,246,3,1,8.55,'2025-08-09 08:44:24','2025-08-09 08:44:24',NULL),(596,247,11,3,6.85,'2025-08-09 08:44:24','2025-08-09 08:44:24',NULL),(597,247,20,2,18.73,'2025-08-09 08:44:24','2025-08-09 08:44:24',NULL),(598,247,7,1,23.27,'2025-08-09 08:44:24','2025-08-09 08:44:24',NULL),(599,247,15,2,24.27,'2025-08-09 08:44:24','2025-08-09 08:44:24',NULL),(600,248,14,3,8.04,'2025-08-09 08:44:24','2025-08-09 08:44:24',NULL),(601,248,22,2,12.40,'2025-08-09 08:44:24','2025-08-09 08:44:24',NULL),(602,249,17,3,9.68,'2025-08-09 08:44:24','2025-08-09 08:44:24',NULL),(603,249,11,3,6.85,'2025-08-09 08:44:24','2025-08-09 08:44:24',NULL),(604,250,14,1,8.04,'2025-08-09 08:44:24','2025-08-09 08:44:24',NULL),(605,250,3,2,8.55,'2025-08-09 08:44:24','2025-08-09 08:44:24',NULL),(606,250,9,3,7.06,'2025-08-09 08:44:24','2025-08-09 08:44:24',NULL),(607,250,19,3,5.58,'2025-08-09 08:44:24','2025-08-09 08:44:24',NULL),(608,251,18,3,17.10,'2025-08-09 08:44:24','2025-08-09 08:44:24',NULL),(609,252,22,1,12.40,'2025-08-09 08:44:24','2025-08-09 08:44:24',NULL),(610,252,16,3,16.24,'2025-08-09 08:44:24','2025-08-09 08:44:24',NULL),(611,252,11,3,6.85,'2025-08-09 08:44:24','2025-08-09 08:44:24',NULL),(612,252,10,1,20.02,'2025-08-09 08:44:24','2025-08-09 08:44:24',NULL),(613,253,14,1,8.04,'2025-08-09 08:44:24','2025-08-09 08:44:24',NULL),(614,253,16,1,16.24,'2025-08-09 08:44:24','2025-08-09 08:44:24',NULL),(615,253,18,3,17.10,'2025-08-09 08:44:24','2025-08-09 08:44:24',NULL),(616,253,19,3,5.58,'2025-08-09 08:44:24','2025-08-09 08:44:24',NULL),(617,254,8,2,17.03,'2025-08-09 08:44:24','2025-08-09 08:44:24',NULL),(618,254,19,1,5.58,'2025-08-09 08:44:24','2025-08-09 08:44:24',NULL),(619,255,17,1,9.68,'2025-08-09 08:44:24','2025-08-09 08:44:24',NULL),(620,255,10,2,20.02,'2025-08-09 08:44:24','2025-08-09 08:44:24',NULL),(621,255,13,2,12.23,'2025-08-09 08:44:24','2025-08-09 08:44:24',NULL),(622,255,8,1,17.03,'2025-08-09 08:44:24','2025-08-09 08:44:24',NULL),(623,256,21,3,15.57,'2025-08-09 08:44:24','2025-08-09 08:44:24',NULL),(624,256,10,2,20.02,'2025-08-09 08:44:24','2025-08-09 08:44:24',NULL),(625,256,17,1,9.68,'2025-08-09 08:44:24','2025-08-09 08:44:24',NULL),(626,257,3,2,8.55,'2025-08-09 08:44:25','2025-08-09 08:44:25',NULL),(627,257,21,1,15.57,'2025-08-09 08:44:25','2025-08-09 08:44:25',NULL),(628,258,16,3,16.24,'2025-08-09 08:44:25','2025-08-09 08:44:25',NULL),(629,258,11,1,6.85,'2025-08-09 08:44:25','2025-08-09 08:44:25',NULL),(630,258,12,2,19.16,'2025-08-09 08:44:25','2025-08-09 08:44:25',NULL),(631,259,9,1,7.06,'2025-08-09 08:44:25','2025-08-09 08:44:25',NULL),(632,260,21,2,15.57,'2025-08-09 08:44:25','2025-08-09 08:44:25',NULL),(633,260,4,1,24.79,'2025-08-09 08:44:25','2025-08-09 08:44:25',NULL),(634,261,3,2,8.55,'2025-08-09 08:44:25','2025-08-09 08:44:25',NULL),(635,261,21,3,15.57,'2025-08-09 08:44:25','2025-08-09 08:44:25',NULL),(636,261,10,3,20.02,'2025-08-09 08:44:25','2025-08-09 08:44:25',NULL),(637,262,21,2,15.57,'2025-08-09 08:44:25','2025-08-09 08:44:25',NULL),(638,262,7,1,23.27,'2025-08-09 08:44:25','2025-08-09 08:44:25',NULL),(639,262,3,3,8.55,'2025-08-09 08:44:25','2025-08-09 08:44:25',NULL),(640,262,15,2,24.27,'2025-08-09 08:44:25','2025-08-09 08:44:25',NULL),(641,263,22,3,12.40,'2025-08-09 08:44:25','2025-08-09 08:44:25',NULL),(642,264,15,2,24.27,'2025-08-09 08:44:25','2025-08-09 08:44:25',NULL),(643,264,16,3,16.24,'2025-08-09 08:44:25','2025-08-09 08:44:25',NULL),(644,265,7,3,23.27,'2025-08-09 08:44:25','2025-08-09 08:44:25',NULL),(645,265,3,3,8.55,'2025-08-09 08:44:25','2025-08-09 08:44:25',NULL),(646,265,20,1,18.73,'2025-08-09 08:44:25','2025-08-09 08:44:25',NULL),(647,265,8,1,17.03,'2025-08-09 08:44:25','2025-08-09 08:44:25',NULL),(648,266,4,2,24.79,'2025-08-09 08:44:25','2025-08-09 08:44:25',NULL),(649,266,20,3,18.73,'2025-08-09 08:44:25','2025-08-09 08:44:25',NULL),(650,266,10,2,20.02,'2025-08-09 08:44:25','2025-08-09 08:44:25',NULL),(651,266,6,1,23.31,'2025-08-09 08:44:25','2025-08-09 08:44:25',NULL),(652,267,18,2,17.10,'2025-08-09 08:44:25','2025-08-09 08:44:25',NULL),(653,268,6,2,23.31,'2025-08-09 08:44:25','2025-08-09 08:44:25',NULL),(654,269,14,3,8.04,'2025-08-09 08:44:25','2025-08-09 08:44:25',NULL),(655,269,9,1,7.06,'2025-08-09 08:44:25','2025-08-09 08:44:25',NULL),(656,269,3,3,8.55,'2025-08-09 08:44:25','2025-08-09 08:44:25',NULL),(657,269,5,2,23.15,'2025-08-09 08:44:25','2025-08-09 08:44:25',NULL),(658,270,11,2,6.85,'2025-08-09 08:44:25','2025-08-09 08:44:25',NULL),(659,271,21,1,15.57,'2025-08-09 08:44:25','2025-08-09 08:44:25',NULL),(660,272,5,1,23.15,'2025-08-09 08:44:25','2025-08-09 08:44:25',NULL),(661,272,4,3,24.79,'2025-08-09 08:44:25','2025-08-09 08:44:25',NULL),(662,272,17,2,9.68,'2025-08-09 08:44:25','2025-08-09 08:44:25',NULL),(663,273,16,3,16.24,'2025-08-09 08:44:25','2025-08-09 08:44:25',NULL),(664,274,15,2,24.27,'2025-08-09 08:44:25','2025-08-09 08:44:25',NULL),(665,274,6,3,23.31,'2025-08-09 08:44:25','2025-08-09 08:44:25',NULL),(666,275,7,2,23.27,'2025-08-09 08:44:25','2025-08-09 08:44:25',NULL),(667,275,18,1,17.10,'2025-08-09 08:44:25','2025-08-09 08:44:25',NULL),(668,276,15,3,24.27,'2025-08-09 08:44:25','2025-08-09 08:44:25',NULL),(669,276,3,2,8.55,'2025-08-09 08:44:25','2025-08-09 08:44:25',NULL),(670,276,20,1,18.73,'2025-08-09 08:44:25','2025-08-09 08:44:25',NULL),(671,276,14,3,8.04,'2025-08-09 08:44:25','2025-08-09 08:44:25',NULL),(672,277,7,3,23.27,'2025-08-09 08:44:25','2025-08-09 08:44:25',NULL),(673,277,18,3,17.10,'2025-08-09 08:44:25','2025-08-09 08:44:25',NULL),(674,277,19,1,5.58,'2025-08-09 08:44:25','2025-08-09 08:44:25',NULL),(675,278,12,3,19.16,'2025-08-09 08:44:25','2025-08-09 08:44:25',NULL),(676,279,14,1,8.04,'2025-08-09 08:44:25','2025-08-09 08:44:25',NULL),(677,279,21,1,15.57,'2025-08-09 08:44:25','2025-08-09 08:44:25',NULL),(678,279,19,2,5.58,'2025-08-09 08:44:25','2025-08-09 08:44:25',NULL),(679,280,6,1,23.31,'2025-08-09 08:44:25','2025-08-09 08:44:25',NULL),(680,280,19,2,5.58,'2025-08-09 08:44:25','2025-08-09 08:44:25',NULL),(681,280,5,1,23.15,'2025-08-09 08:44:25','2025-08-09 08:44:25',NULL),(682,281,3,3,8.55,'2025-08-09 08:44:25','2025-08-09 08:44:25',NULL),(683,281,9,2,7.06,'2025-08-09 08:44:25','2025-08-09 08:44:25',NULL),(684,282,9,2,7.06,'2025-08-09 08:44:25','2025-08-09 08:44:25',NULL),(685,283,22,3,12.40,'2025-08-09 08:44:25','2025-08-09 08:44:25',NULL),(686,283,8,1,17.03,'2025-08-09 08:44:25','2025-08-09 08:44:25',NULL),(687,283,9,2,7.06,'2025-08-09 08:44:25','2025-08-09 08:44:25',NULL),(688,283,12,1,19.16,'2025-08-09 08:44:25','2025-08-09 08:44:25',NULL),(689,284,21,3,15.57,'2025-08-09 08:44:25','2025-08-09 08:44:25',NULL),(690,284,7,1,23.27,'2025-08-09 08:44:25','2025-08-09 08:44:25',NULL),(691,285,11,1,6.85,'2025-08-09 08:44:25','2025-08-09 08:44:25',NULL),(692,285,15,2,24.27,'2025-08-09 08:44:25','2025-08-09 08:44:25',NULL),(693,285,5,2,23.15,'2025-08-09 08:44:25','2025-08-09 08:44:25',NULL),(694,286,8,2,17.03,'2025-08-09 08:44:25','2025-08-09 08:44:25',NULL),(695,287,6,3,23.31,'2025-08-09 08:44:25','2025-08-09 08:44:25',NULL),(696,287,16,2,16.24,'2025-08-09 08:44:25','2025-08-09 08:44:25',NULL),(697,288,15,2,24.27,'2025-08-09 08:44:25','2025-08-09 08:44:25',NULL),(698,288,12,2,19.16,'2025-08-09 08:44:25','2025-08-09 08:44:25',NULL),(699,288,4,2,24.79,'2025-08-09 08:44:25','2025-08-09 08:44:25',NULL),(700,288,19,1,5.58,'2025-08-09 08:44:25','2025-08-09 08:44:25',NULL),(701,289,17,3,9.68,'2025-08-09 08:44:25','2025-08-09 08:44:25',NULL),(702,289,9,3,7.06,'2025-08-09 08:44:25','2025-08-09 08:44:25',NULL),(703,289,14,2,8.04,'2025-08-09 08:44:25','2025-08-09 08:44:25',NULL),(704,290,20,3,18.73,'2025-08-09 08:44:25','2025-08-09 08:44:25',NULL),(705,290,4,1,24.79,'2025-08-09 08:44:25','2025-08-09 08:44:25',NULL),(706,291,21,2,15.57,'2025-08-09 08:44:26','2025-08-09 08:44:26',NULL),(707,292,22,2,12.40,'2025-08-09 08:44:26','2025-08-09 08:44:26',NULL),(708,292,11,2,6.85,'2025-08-09 08:44:26','2025-08-09 08:44:26',NULL),(709,292,8,1,17.03,'2025-08-09 08:44:26','2025-08-09 08:44:26',NULL),(710,292,4,1,24.79,'2025-08-09 08:44:26','2025-08-09 08:44:26',NULL),(711,293,21,1,15.57,'2025-08-09 08:44:26','2025-08-09 08:44:26',NULL),(712,293,5,1,23.15,'2025-08-09 08:44:26','2025-08-09 08:44:26',NULL),(713,293,22,1,12.40,'2025-08-09 08:44:26','2025-08-09 08:44:26',NULL),(714,294,13,1,12.23,'2025-08-09 08:44:26','2025-08-09 08:44:26',NULL),(715,295,7,2,23.27,'2025-08-09 08:44:26','2025-08-09 08:44:26',NULL),(716,295,21,2,15.57,'2025-08-09 08:44:26','2025-08-09 08:44:26',NULL),(717,296,21,2,15.57,'2025-08-09 08:44:26','2025-08-09 08:44:26',NULL),(718,297,9,2,7.06,'2025-08-09 08:44:26','2025-08-09 08:44:26',NULL),(719,297,14,1,8.04,'2025-08-09 08:44:26','2025-08-09 08:44:26',NULL),(720,298,22,2,12.40,'2025-08-09 08:44:26','2025-08-09 08:44:26',NULL),(721,298,9,2,7.06,'2025-08-09 08:44:26','2025-08-09 08:44:26',NULL),(722,299,21,1,15.57,'2025-08-09 08:44:26','2025-08-09 08:44:26',NULL),(723,299,8,2,17.03,'2025-08-09 08:44:26','2025-08-09 08:44:26',NULL),(724,299,16,3,16.24,'2025-08-09 08:44:26','2025-08-09 08:44:26',NULL),(725,299,10,1,20.02,'2025-08-09 08:44:26','2025-08-09 08:44:26',NULL),(726,300,11,2,6.85,'2025-08-09 08:44:26','2025-08-09 08:44:26',NULL),(727,300,17,1,9.68,'2025-08-09 08:44:26','2025-08-09 08:44:26',NULL),(728,301,12,2,19.16,'2025-08-09 08:44:26','2025-08-09 08:44:26',NULL),(729,301,9,1,7.06,'2025-08-09 08:44:26','2025-08-09 08:44:26',NULL),(730,301,8,2,17.03,'2025-08-09 08:44:26','2025-08-09 08:44:26',NULL),(731,301,18,3,17.10,'2025-08-09 08:44:26','2025-08-09 08:44:26',NULL),(732,302,11,3,6.85,'2025-08-09 08:44:26','2025-08-09 08:44:26',NULL),(733,303,3,2,8.55,'2025-08-09 08:44:26','2025-08-09 08:44:26',NULL),(734,303,7,1,23.27,'2025-08-09 08:44:26','2025-08-09 08:44:26',NULL),(735,303,12,2,19.16,'2025-08-09 08:44:26','2025-08-09 08:44:26',NULL),(736,303,14,3,8.04,'2025-08-09 08:44:26','2025-08-09 08:44:26',NULL),(737,304,10,3,20.02,'2025-08-09 08:44:26','2025-08-09 08:44:26',NULL),(738,304,9,1,7.06,'2025-08-09 08:44:26','2025-08-09 08:44:26',NULL),(739,305,14,2,8.04,'2025-08-09 08:44:26','2025-08-09 08:44:26',NULL),(740,305,5,3,23.15,'2025-08-09 08:44:26','2025-08-09 08:44:26',NULL),(741,306,4,2,24.79,'2025-08-09 08:44:26','2025-08-09 08:44:26',NULL),(742,306,13,1,12.23,'2025-08-09 08:44:26','2025-08-09 08:44:26',NULL),(743,307,15,3,24.27,'2025-08-09 08:44:26','2025-08-09 08:44:26',NULL),(744,307,19,2,5.58,'2025-08-09 08:44:26','2025-08-09 08:44:26',NULL),(745,307,21,1,15.57,'2025-08-09 08:44:26','2025-08-09 08:44:26',NULL),(746,307,5,2,23.15,'2025-08-09 08:44:26','2025-08-09 08:44:26',NULL),(747,308,13,2,12.23,'2025-08-09 08:44:26','2025-08-09 08:44:26',NULL),(748,308,6,1,23.31,'2025-08-09 08:44:26','2025-08-09 08:44:26',NULL),(749,308,5,3,23.15,'2025-08-09 08:44:26','2025-08-09 08:44:26',NULL),(750,308,3,1,8.55,'2025-08-09 08:44:26','2025-08-09 08:44:26',NULL),(751,309,12,2,19.16,'2025-08-09 08:44:26','2025-08-09 08:44:26',NULL),(752,309,3,2,8.55,'2025-08-09 08:44:26','2025-08-09 08:44:26',NULL),(753,309,6,1,23.31,'2025-08-09 08:44:26','2025-08-09 08:44:26',NULL),(754,310,3,1,8.55,'2025-08-09 08:44:26','2025-08-09 08:44:26',NULL),(755,310,19,3,5.58,'2025-08-09 08:44:26','2025-08-09 08:44:26',NULL),(756,310,18,3,17.10,'2025-08-09 08:44:26','2025-08-09 08:44:26',NULL),(757,311,16,2,16.24,'2025-08-09 08:44:26','2025-08-09 08:44:26',NULL),(758,311,9,2,7.06,'2025-08-09 08:44:26','2025-08-09 08:44:26',NULL),(759,311,10,3,20.02,'2025-08-09 08:44:26','2025-08-09 08:44:26',NULL),(760,311,13,3,12.23,'2025-08-09 08:44:26','2025-08-09 08:44:26',NULL),(761,312,16,2,16.24,'2025-08-09 08:44:26','2025-08-09 08:44:26',NULL),(762,312,10,2,20.02,'2025-08-09 08:44:26','2025-08-09 08:44:26',NULL),(763,312,13,1,12.23,'2025-08-09 08:44:26','2025-08-09 08:44:26',NULL),(764,312,3,1,8.55,'2025-08-09 08:44:26','2025-08-09 08:44:26',NULL),(765,313,5,2,23.15,'2025-08-09 08:44:26','2025-08-09 08:44:26',NULL),(766,313,17,3,9.68,'2025-08-09 08:44:26','2025-08-09 08:44:26',NULL),(767,314,13,1,12.23,'2025-08-09 08:44:26','2025-08-09 08:44:26',NULL),(768,315,11,2,6.85,'2025-08-09 08:44:26','2025-08-09 08:44:26',NULL),(769,315,16,2,16.24,'2025-08-09 08:44:26','2025-08-09 08:44:26',NULL),(770,315,20,3,18.73,'2025-08-09 08:44:26','2025-08-09 08:44:26',NULL),(771,315,6,2,23.31,'2025-08-09 08:44:26','2025-08-09 08:44:26',NULL),(772,316,14,2,8.04,'2025-08-09 08:44:26','2025-08-09 08:44:26',NULL),(773,317,5,3,23.15,'2025-08-09 08:44:26','2025-08-09 08:44:26',NULL),(774,318,21,1,15.57,'2025-08-09 08:44:26','2025-08-09 08:44:26',NULL),(775,318,5,2,23.15,'2025-08-09 08:44:26','2025-08-09 08:44:26',NULL),(776,318,16,3,16.24,'2025-08-09 08:44:26','2025-08-09 08:44:26',NULL),(777,318,15,1,24.27,'2025-08-09 08:44:26','2025-08-09 08:44:26',NULL),(778,319,21,3,15.57,'2025-08-09 08:44:26','2025-08-09 08:44:26',NULL),(779,320,15,2,24.27,'2025-08-09 08:44:26','2025-08-09 08:44:26',NULL),(780,320,5,2,23.15,'2025-08-09 08:44:26','2025-08-09 08:44:26',NULL),(781,320,13,2,12.23,'2025-08-09 08:44:26','2025-08-09 08:44:26',NULL),(782,321,20,2,18.73,'2025-08-09 08:44:26','2025-08-09 08:44:26',NULL),(783,321,21,2,15.57,'2025-08-09 08:44:26','2025-08-09 08:44:26',NULL),(784,322,4,3,24.79,'2025-08-09 08:44:26','2025-08-09 08:44:26',NULL),(785,322,10,1,20.02,'2025-08-09 08:44:26','2025-08-09 08:44:26',NULL),(786,323,12,2,19.16,'2025-08-09 08:44:26','2025-08-09 08:44:26',NULL),(787,323,17,1,9.68,'2025-08-09 08:44:26','2025-08-09 08:44:26',NULL),(788,323,3,2,8.55,'2025-08-09 08:44:26','2025-08-09 08:44:26',NULL),(789,323,18,1,17.10,'2025-08-09 08:44:26','2025-08-09 08:44:26',NULL),(790,324,5,3,23.15,'2025-08-09 08:44:26','2025-08-09 08:44:26',NULL),(791,324,18,3,17.10,'2025-08-09 08:44:26','2025-08-09 08:44:26',NULL),(792,324,19,1,5.58,'2025-08-09 08:44:26','2025-08-09 08:44:26',NULL),(793,324,16,2,16.24,'2025-08-09 08:44:27','2025-08-09 08:44:27',NULL),(794,325,12,1,19.16,'2025-08-09 08:44:27','2025-08-09 08:44:27',NULL),(795,325,16,1,16.24,'2025-08-09 08:44:27','2025-08-09 08:44:27',NULL),(796,325,13,2,12.23,'2025-08-09 08:44:27','2025-08-09 08:44:27',NULL),(797,325,3,3,8.55,'2025-08-09 08:44:27','2025-08-09 08:44:27',NULL),(798,326,17,1,9.68,'2025-08-09 08:44:27','2025-08-09 08:44:27',NULL),(799,326,14,1,8.04,'2025-08-09 08:44:27','2025-08-09 08:44:27',NULL),(800,326,9,2,7.06,'2025-08-09 08:44:27','2025-08-09 08:44:27',NULL),(801,327,21,3,15.57,'2025-08-09 08:44:27','2025-08-09 08:44:27',NULL),(802,328,13,1,12.23,'2025-08-09 08:44:27','2025-08-09 08:44:27',NULL),(803,328,4,3,24.79,'2025-08-09 08:44:27','2025-08-09 08:44:27',NULL),(804,328,21,3,15.57,'2025-08-09 08:44:27','2025-08-09 08:44:27',NULL),(805,328,8,3,17.03,'2025-08-09 08:44:27','2025-08-09 08:44:27',NULL),(806,329,4,2,24.79,'2025-08-09 08:44:27','2025-08-09 08:44:27',NULL),(807,330,16,1,16.24,'2025-08-09 08:44:27','2025-08-09 08:44:27',NULL),(808,330,22,3,12.40,'2025-08-09 08:44:27','2025-08-09 08:44:27',NULL),(809,330,18,1,17.10,'2025-08-09 08:44:27','2025-08-09 08:44:27',NULL),(810,330,7,1,23.27,'2025-08-09 08:44:27','2025-08-09 08:44:27',NULL),(811,331,5,2,23.15,'2025-08-09 08:44:27','2025-08-09 08:44:27',NULL),(812,331,4,2,24.79,'2025-08-09 08:44:27','2025-08-09 08:44:27',NULL),(813,331,12,1,19.16,'2025-08-09 08:44:27','2025-08-09 08:44:27',NULL),(814,331,16,1,16.24,'2025-08-09 08:44:27','2025-08-09 08:44:27',NULL),(815,332,9,3,7.06,'2025-08-09 08:44:27','2025-08-09 08:44:27',NULL),(816,332,20,2,18.73,'2025-08-09 08:44:27','2025-08-09 08:44:27',NULL),(817,332,11,2,6.85,'2025-08-09 08:44:27','2025-08-09 08:44:27',NULL),(818,333,6,1,23.31,'2025-08-09 08:44:27','2025-08-09 08:44:27',NULL),(819,333,8,1,17.03,'2025-08-09 08:44:27','2025-08-09 08:44:27',NULL),(820,334,11,1,6.85,'2025-08-09 08:44:27','2025-08-09 08:44:27',NULL),(821,334,12,1,19.16,'2025-08-09 08:44:27','2025-08-09 08:44:27',NULL),(822,334,6,1,23.31,'2025-08-09 08:44:27','2025-08-09 08:44:27',NULL),(823,335,11,1,6.85,'2025-08-09 08:44:27','2025-08-09 08:44:27',NULL),(824,335,4,1,24.79,'2025-08-09 08:44:27','2025-08-09 08:44:27',NULL),(825,335,7,1,23.27,'2025-08-09 08:44:27','2025-08-09 08:44:27',NULL),(826,336,13,1,12.23,'2025-08-09 08:44:27','2025-08-09 08:44:27',NULL),(827,337,5,3,23.15,'2025-08-09 08:44:27','2025-08-09 08:44:27',NULL),(828,338,7,2,23.27,'2025-08-09 08:44:27','2025-08-09 08:44:27',NULL),(829,338,8,1,17.03,'2025-08-09 08:44:27','2025-08-09 08:44:27',NULL),(830,338,11,1,6.85,'2025-08-09 08:44:27','2025-08-09 08:44:27',NULL),(831,338,21,1,15.57,'2025-08-09 08:44:27','2025-08-09 08:44:27',NULL),(832,339,21,1,15.57,'2025-08-09 08:44:27','2025-08-09 08:44:27',NULL),(833,340,22,2,12.40,'2025-08-09 08:44:27','2025-08-09 08:44:27',NULL),(834,341,19,3,5.58,'2025-08-09 08:44:27','2025-08-09 08:44:27',NULL),(835,341,11,3,6.85,'2025-08-09 08:44:27','2025-08-09 08:44:27',NULL),(836,341,3,2,8.55,'2025-08-09 08:44:27','2025-08-09 08:44:27',NULL),(837,342,20,1,18.73,'2025-08-09 08:44:27','2025-08-09 08:44:27',NULL),(838,342,10,2,20.02,'2025-08-09 08:44:27','2025-08-09 08:44:27',NULL),(839,342,18,3,17.10,'2025-08-09 08:44:27','2025-08-09 08:44:27',NULL),(840,342,22,1,12.40,'2025-08-09 08:44:27','2025-08-09 08:44:27',NULL),(841,343,16,1,16.24,'2025-08-09 08:44:27','2025-08-09 08:44:27',NULL),(842,344,18,1,17.10,'2025-08-09 08:44:27','2025-08-09 08:44:27',NULL),(843,344,19,1,5.58,'2025-08-09 08:44:27','2025-08-09 08:44:27',NULL),(844,345,19,1,5.58,'2025-08-09 08:44:27','2025-08-09 08:44:27',NULL),(845,345,3,3,8.55,'2025-08-09 08:44:27','2025-08-09 08:44:27',NULL),(846,346,12,1,19.16,'2025-08-09 08:44:27','2025-08-09 08:44:27',NULL),(847,346,11,1,6.85,'2025-08-09 08:44:27','2025-08-09 08:44:27',NULL),(848,346,18,3,17.10,'2025-08-09 08:44:27','2025-08-09 08:44:27',NULL),(849,347,10,2,20.02,'2025-08-09 08:44:27','2025-08-09 08:44:27',NULL),(850,347,20,1,18.73,'2025-08-09 08:44:27','2025-08-09 08:44:27',NULL),(851,348,7,2,23.27,'2025-08-09 08:44:27','2025-08-09 08:44:27',NULL),(852,348,14,2,8.04,'2025-08-09 08:44:27','2025-08-09 08:44:27',NULL),(853,349,5,1,23.15,'2025-08-09 08:44:27','2025-08-09 08:44:27',NULL),(854,349,13,2,12.23,'2025-08-09 08:44:27','2025-08-09 08:44:27',NULL),(855,349,4,2,24.79,'2025-08-09 08:44:27','2025-08-09 08:44:27',NULL),(856,349,11,1,6.85,'2025-08-09 08:44:27','2025-08-09 08:44:27',NULL),(857,350,7,1,23.27,'2025-08-09 08:44:27','2025-08-09 08:44:27',NULL),(858,351,19,2,5.58,'2025-08-09 08:44:27','2025-08-09 08:44:27',NULL),(859,352,19,2,5.58,'2025-08-09 08:44:27','2025-08-09 08:44:27',NULL),(860,352,4,3,24.79,'2025-08-09 08:44:27','2025-08-09 08:44:27',NULL),(861,353,15,2,24.27,'2025-08-09 08:44:27','2025-08-09 08:44:27',NULL),(862,353,12,2,19.16,'2025-08-09 08:44:27','2025-08-09 08:44:27',NULL),(863,354,17,3,9.68,'2025-08-09 08:44:27','2025-08-09 08:44:27',NULL),(864,354,12,1,19.16,'2025-08-09 08:44:27','2025-08-09 08:44:27',NULL),(865,355,3,1,8.55,'2025-08-09 08:44:27','2025-08-09 08:44:27',NULL),(866,355,21,2,15.57,'2025-08-09 08:44:27','2025-08-09 08:44:27',NULL),(867,355,11,1,6.85,'2025-08-09 08:44:27','2025-08-09 08:44:27',NULL),(868,356,9,2,7.06,'2025-08-09 08:44:27','2025-08-09 08:44:27',NULL),(869,356,7,2,23.27,'2025-08-09 08:44:27','2025-08-09 08:44:27',NULL),(870,356,11,3,6.85,'2025-08-09 08:44:27','2025-08-09 08:44:27',NULL),(871,356,6,2,23.31,'2025-08-09 08:44:27','2025-08-09 08:44:27',NULL),(872,357,5,1,23.15,'2025-08-09 08:44:27','2025-08-09 08:44:27',NULL),(873,357,19,1,5.58,'2025-08-09 08:44:27','2025-08-09 08:44:27',NULL),(874,358,8,1,17.03,'2025-08-09 08:44:27','2025-08-09 08:44:27',NULL),(875,358,20,3,18.73,'2025-08-09 08:44:27','2025-08-09 08:44:27',NULL),(876,358,5,1,23.15,'2025-08-09 08:44:27','2025-08-09 08:44:27',NULL),(877,358,9,1,7.06,'2025-08-09 08:44:27','2025-08-09 08:44:27',NULL),(878,359,14,1,8.04,'2025-08-09 08:44:28','2025-08-09 08:44:28',NULL),(879,359,21,3,15.57,'2025-08-09 08:44:28','2025-08-09 08:44:28',NULL),(880,360,17,1,9.68,'2025-08-09 08:44:28','2025-08-09 08:44:28',NULL),(881,360,13,3,12.23,'2025-08-09 08:44:28','2025-08-09 08:44:28',NULL),(882,360,5,1,23.15,'2025-08-09 08:44:28','2025-08-09 08:44:28',NULL),(883,360,19,3,5.58,'2025-08-09 08:44:28','2025-08-09 08:44:28',NULL),(884,361,12,3,19.16,'2025-08-09 08:44:28','2025-08-09 08:44:28',NULL),(885,361,5,3,23.15,'2025-08-09 08:44:28','2025-08-09 08:44:28',NULL),(886,361,3,2,8.55,'2025-08-09 08:44:28','2025-08-09 08:44:28',NULL),(887,362,6,1,23.31,'2025-08-09 08:44:28','2025-08-09 08:44:28',NULL),(888,362,9,3,7.06,'2025-08-09 08:44:28','2025-08-09 08:44:28',NULL),(889,362,22,1,12.40,'2025-08-09 08:44:28','2025-08-09 08:44:28',NULL),(890,363,18,2,17.10,'2025-08-09 08:44:28','2025-08-09 08:44:28',NULL),(891,363,14,1,8.04,'2025-08-09 08:44:28','2025-08-09 08:44:28',NULL),(892,364,19,2,5.58,'2025-08-09 08:44:28','2025-08-09 08:44:28',NULL),(893,364,17,1,9.68,'2025-08-09 08:44:28','2025-08-09 08:44:28',NULL),(894,364,7,2,23.27,'2025-08-09 08:44:28','2025-08-09 08:44:28',NULL),(895,365,11,1,6.85,'2025-08-09 08:44:28','2025-08-09 08:44:28',NULL),(896,366,20,2,18.73,'2025-08-09 08:44:28','2025-08-09 08:44:28',NULL),(897,366,16,1,16.24,'2025-08-09 08:44:28','2025-08-09 08:44:28',NULL),(898,367,15,1,24.27,'2025-08-09 08:44:28','2025-08-09 08:44:28',NULL),(899,367,6,2,23.31,'2025-08-09 08:44:28','2025-08-09 08:44:28',NULL),(900,367,5,1,23.15,'2025-08-09 08:44:28','2025-08-09 08:44:28',NULL),(901,368,3,3,8.55,'2025-08-09 08:44:28','2025-08-09 08:44:28',NULL),(902,368,4,2,24.79,'2025-08-09 08:44:28','2025-08-09 08:44:28',NULL),(903,369,4,3,24.79,'2025-08-09 08:44:28','2025-08-09 08:44:28',NULL),(904,369,14,1,8.04,'2025-08-09 08:44:28','2025-08-09 08:44:28',NULL),(905,369,13,1,12.23,'2025-08-09 08:44:28','2025-08-09 08:44:28',NULL),(906,369,22,1,12.40,'2025-08-09 08:44:28','2025-08-09 08:44:28',NULL),(907,370,11,2,6.85,'2025-08-09 08:44:28','2025-08-09 08:44:28',NULL),(908,370,8,2,17.03,'2025-08-09 08:44:28','2025-08-09 08:44:28',NULL),(909,370,10,2,20.02,'2025-08-09 08:44:28','2025-08-09 08:44:28',NULL),(910,370,22,1,12.40,'2025-08-09 08:44:28','2025-08-09 08:44:28',NULL),(911,371,4,2,24.79,'2025-08-09 08:44:28','2025-08-09 08:44:28',NULL),(912,371,5,2,23.15,'2025-08-09 08:44:28','2025-08-09 08:44:28',NULL),(913,371,10,1,20.02,'2025-08-09 08:44:28','2025-08-09 08:44:28',NULL),(914,371,16,2,16.24,'2025-08-09 08:44:28','2025-08-09 08:44:28',NULL),(915,372,7,1,23.27,'2025-08-09 08:44:28','2025-08-09 08:44:28',NULL),(916,373,5,3,23.15,'2025-08-09 08:44:31','2025-08-09 08:44:31',NULL),(917,373,18,1,17.10,'2025-08-09 08:44:31','2025-08-09 08:44:31',NULL),(918,373,20,3,18.73,'2025-08-09 08:44:31','2025-08-09 08:44:31',NULL),(919,373,15,1,24.27,'2025-08-09 08:44:31','2025-08-09 08:44:31',NULL),(920,374,8,3,17.03,'2025-08-09 08:44:31','2025-08-09 08:44:31',NULL),(921,374,13,1,12.23,'2025-08-09 08:44:31','2025-08-09 08:44:31',NULL),(922,374,18,1,17.10,'2025-08-09 08:44:31','2025-08-09 08:44:31',NULL),(923,374,11,2,6.85,'2025-08-09 08:44:31','2025-08-09 08:44:31',NULL),(924,375,4,1,24.79,'2025-08-09 08:44:31','2025-08-09 08:44:31',NULL),(925,376,9,1,7.06,'2025-08-09 08:44:31','2025-08-09 08:44:31',NULL),(926,377,10,1,20.02,'2025-08-09 08:44:31','2025-08-09 08:44:31',NULL),(927,377,21,1,15.57,'2025-08-09 08:44:31','2025-08-09 08:44:31',NULL),(928,377,12,3,19.16,'2025-08-09 08:44:31','2025-08-09 08:44:31',NULL),(929,377,14,1,8.04,'2025-08-09 08:44:31','2025-08-09 08:44:31',NULL),(930,378,20,1,18.73,'2025-08-09 08:44:31','2025-08-09 08:44:31',NULL),(931,378,22,2,12.40,'2025-08-09 08:44:31','2025-08-09 08:44:31',NULL),(932,378,3,1,8.55,'2025-08-09 08:44:31','2025-08-09 08:44:31',NULL),(933,379,13,1,12.23,'2025-08-09 08:44:31','2025-08-09 08:44:31',NULL),(934,379,16,2,16.24,'2025-08-09 08:44:31','2025-08-09 08:44:31',NULL),(935,379,11,1,6.85,'2025-08-09 08:44:31','2025-08-09 08:44:31',NULL),(936,380,17,1,9.68,'2025-08-09 08:44:31','2025-08-09 08:44:31',NULL),(937,380,22,2,12.40,'2025-08-09 08:44:31','2025-08-09 08:44:31',NULL),(938,380,19,2,5.58,'2025-08-09 08:44:31','2025-08-09 08:44:31',NULL),(939,380,3,3,8.55,'2025-08-09 08:44:31','2025-08-09 08:44:31',NULL),(940,381,3,2,8.55,'2025-08-09 08:44:31','2025-08-09 08:44:31',NULL),(941,382,9,2,7.06,'2025-08-09 08:44:31','2025-08-09 08:44:31',NULL),(942,382,3,2,8.55,'2025-08-09 08:44:32','2025-08-09 08:44:32',NULL),(943,382,22,3,12.40,'2025-08-09 08:44:32','2025-08-09 08:44:32',NULL),(944,382,12,2,19.16,'2025-08-09 08:44:32','2025-08-09 08:44:32',NULL),(945,383,6,2,23.31,'2025-08-09 08:44:32','2025-08-09 08:44:32',NULL),(946,384,20,3,18.73,'2025-08-09 08:44:32','2025-08-09 08:44:32',NULL),(947,384,6,1,23.31,'2025-08-09 08:44:32','2025-08-09 08:44:32',NULL),(948,384,7,3,23.27,'2025-08-09 08:44:32','2025-08-09 08:44:32',NULL),(949,385,14,3,8.04,'2025-08-09 08:44:32','2025-08-09 08:44:32',NULL),(950,385,4,3,24.79,'2025-08-09 08:44:32','2025-08-09 08:44:32',NULL),(951,385,3,1,8.55,'2025-08-09 08:44:32','2025-08-09 08:44:32',NULL),(952,385,17,1,9.68,'2025-08-09 08:44:32','2025-08-09 08:44:32',NULL),(953,386,11,2,6.85,'2025-08-09 08:44:32','2025-08-09 08:44:32',NULL),(954,386,10,1,20.02,'2025-08-09 08:44:32','2025-08-09 08:44:32',NULL),(955,386,19,2,5.58,'2025-08-09 08:44:32','2025-08-09 08:44:32',NULL),(956,387,20,1,18.73,'2025-08-09 08:44:32','2025-08-09 08:44:32',NULL),(957,387,7,2,23.27,'2025-08-09 08:44:32','2025-08-09 08:44:32',NULL),(958,387,21,1,15.57,'2025-08-09 08:44:32','2025-08-09 08:44:32',NULL),(959,388,4,2,24.79,'2025-08-09 08:44:32','2025-08-09 08:44:32',NULL),(960,389,11,1,6.85,'2025-08-09 08:44:32','2025-08-09 08:44:32',NULL),(961,389,4,1,24.79,'2025-08-09 08:44:32','2025-08-09 08:44:32',NULL),(962,389,3,1,8.55,'2025-08-09 08:44:32','2025-08-09 08:44:32',NULL),(963,389,10,3,20.02,'2025-08-09 08:44:32','2025-08-09 08:44:32',NULL),(964,390,5,3,23.15,'2025-08-09 08:44:32','2025-08-09 08:44:32',NULL),(965,391,3,2,8.55,'2025-08-09 08:44:32','2025-08-09 08:44:32',NULL),(966,391,19,2,5.58,'2025-08-09 08:44:32','2025-08-09 08:44:32',NULL),(967,391,10,1,20.02,'2025-08-09 08:44:32','2025-08-09 08:44:32',NULL),(968,391,15,2,24.27,'2025-08-09 08:44:32','2025-08-09 08:44:32',NULL),(969,392,13,3,12.23,'2025-08-09 08:44:32','2025-08-09 08:44:32',NULL),(970,392,4,3,24.79,'2025-08-09 08:44:32','2025-08-09 08:44:32',NULL),(971,392,5,3,23.15,'2025-08-09 08:44:32','2025-08-09 08:44:32',NULL),(972,393,13,1,12.23,'2025-08-09 08:44:32','2025-08-09 08:44:32',NULL),(973,394,16,3,16.24,'2025-08-09 08:44:32','2025-08-09 08:44:32',NULL),(974,394,11,2,6.85,'2025-08-09 08:44:32','2025-08-09 08:44:32',NULL),(975,395,9,2,7.06,'2025-08-09 08:44:32','2025-08-09 08:44:32',NULL),(976,395,4,2,24.79,'2025-08-09 08:44:32','2025-08-09 08:44:32',NULL),(977,396,16,3,16.24,'2025-08-09 08:44:32','2025-08-09 08:44:32',NULL),(978,396,20,3,18.73,'2025-08-09 08:44:32','2025-08-09 08:44:32',NULL),(979,396,11,3,6.85,'2025-08-09 08:44:32','2025-08-09 08:44:32',NULL),(980,396,14,2,8.04,'2025-08-09 08:44:32','2025-08-09 08:44:32',NULL),(981,397,17,1,9.68,'2025-08-09 08:44:32','2025-08-09 08:44:32',NULL),(982,398,12,1,19.16,'2025-08-09 08:44:32','2025-08-09 08:44:32',NULL),(983,399,9,3,7.06,'2025-08-09 08:44:32','2025-08-09 08:44:32',NULL),(984,399,3,2,8.55,'2025-08-09 08:44:32','2025-08-09 08:44:32',NULL),(985,399,6,1,23.31,'2025-08-09 08:44:32','2025-08-09 08:44:32',NULL),(986,399,14,3,8.04,'2025-08-09 08:44:32','2025-08-09 08:44:32',NULL),(987,400,12,2,19.16,'2025-08-09 08:44:32','2025-08-09 08:44:32',NULL),(988,400,6,3,23.31,'2025-08-09 08:44:32','2025-08-09 08:44:32',NULL),(989,401,13,2,12.23,'2025-08-09 08:44:32','2025-08-09 08:44:32',NULL),(990,401,10,1,20.02,'2025-08-09 08:44:32','2025-08-09 08:44:32',NULL),(991,402,10,3,20.02,'2025-08-09 08:44:32','2025-08-09 08:44:32',NULL),(992,403,13,1,12.23,'2025-08-09 08:44:32','2025-08-09 08:44:32',NULL),(993,403,7,1,23.27,'2025-08-09 08:44:32','2025-08-09 08:44:32',NULL),(994,404,9,2,7.06,'2025-08-09 08:44:32','2025-08-09 08:44:32',NULL),(995,404,20,3,18.73,'2025-08-09 08:44:32','2025-08-09 08:44:32',NULL),(996,404,8,1,17.03,'2025-08-09 08:44:32','2025-08-09 08:44:32',NULL),(997,404,13,3,12.23,'2025-08-09 08:44:32','2025-08-09 08:44:32',NULL),(998,405,10,3,20.02,'2025-08-09 08:44:32','2025-08-09 08:44:32',NULL),(999,406,18,3,17.10,'2025-08-09 08:44:32','2025-08-09 08:44:32',NULL),(1000,406,19,2,5.58,'2025-08-09 08:44:32','2025-08-09 08:44:32',NULL),(1001,406,16,1,16.24,'2025-08-09 08:44:32','2025-08-09 08:44:32',NULL),(1002,407,16,3,16.24,'2025-08-09 08:44:32','2025-08-09 08:44:32',NULL),(1003,407,20,2,18.73,'2025-08-09 08:44:32','2025-08-09 08:44:32',NULL),(1004,407,8,2,17.03,'2025-08-09 08:44:32','2025-08-09 08:44:32',NULL),(1005,407,11,2,6.85,'2025-08-09 08:44:32','2025-08-09 08:44:32',NULL),(1006,408,18,1,17.10,'2025-08-09 08:44:32','2025-08-09 08:44:32',NULL),(1007,409,11,2,6.85,'2025-08-09 08:44:32','2025-08-09 08:44:32',NULL),(1008,410,21,1,15.57,'2025-08-09 08:44:32','2025-08-09 08:44:32',NULL),(1009,410,5,1,23.15,'2025-08-09 08:44:32','2025-08-09 08:44:32',NULL),(1010,411,10,2,20.02,'2025-08-09 08:44:32','2025-08-09 08:44:32',NULL),(1011,412,11,3,6.85,'2025-08-09 08:44:32','2025-08-09 08:44:32',NULL),(1012,412,13,2,12.23,'2025-08-09 08:44:32','2025-08-09 08:44:32',NULL),(1013,412,9,3,7.06,'2025-08-09 08:44:32','2025-08-09 08:44:32',NULL),(1014,413,6,1,23.31,'2025-08-09 08:44:32','2025-08-09 08:44:32',NULL),(1015,413,15,2,24.27,'2025-08-09 08:44:32','2025-08-09 08:44:32',NULL),(1016,414,11,1,6.85,'2025-08-09 08:44:32','2025-08-09 08:44:32',NULL),(1017,414,15,3,24.27,'2025-08-09 08:44:32','2025-08-09 08:44:32',NULL),(1018,414,17,1,9.68,'2025-08-09 08:44:32','2025-08-09 08:44:32',NULL),(1019,414,21,3,15.57,'2025-08-09 08:44:32','2025-08-09 08:44:32',NULL),(1020,415,3,3,8.55,'2025-08-09 08:44:33','2025-08-09 08:44:33',NULL),(1021,416,6,2,23.31,'2025-08-09 08:44:33','2025-08-09 08:44:33',NULL),(1022,416,5,2,23.15,'2025-08-09 08:44:33','2025-08-09 08:44:33',NULL),(1023,417,19,2,5.58,'2025-08-09 08:44:33','2025-08-09 08:44:33',NULL),(1024,417,9,1,7.06,'2025-08-09 08:44:33','2025-08-09 08:44:33',NULL),(1025,418,13,1,12.23,'2025-08-09 08:44:33','2025-08-09 08:44:33',NULL),(1026,419,8,2,17.03,'2025-08-09 08:44:33','2025-08-09 08:44:33',NULL),(1027,419,15,1,24.27,'2025-08-09 08:44:33','2025-08-09 08:44:33',NULL),(1028,419,17,1,9.68,'2025-08-09 08:44:33','2025-08-09 08:44:33',NULL),(1029,419,10,2,20.02,'2025-08-09 08:44:33','2025-08-09 08:44:33',NULL),(1030,420,13,2,12.23,'2025-08-09 08:44:33','2025-08-09 08:44:33',NULL),(1031,420,10,3,20.02,'2025-08-09 08:44:33','2025-08-09 08:44:33',NULL),(1032,420,21,2,15.57,'2025-08-09 08:44:33','2025-08-09 08:44:33',NULL),(1033,420,16,3,16.24,'2025-08-09 08:44:33','2025-08-09 08:44:33',NULL),(1034,421,11,1,6.85,'2025-08-09 08:44:33','2025-08-09 08:44:33',NULL),(1035,421,6,3,23.31,'2025-08-09 08:44:33','2025-08-09 08:44:33',NULL),(1036,422,11,1,6.85,'2025-08-09 08:44:33','2025-08-09 08:44:33',NULL),(1037,422,13,3,12.23,'2025-08-09 08:44:33','2025-08-09 08:44:33',NULL),(1038,423,20,3,18.73,'2025-08-09 08:44:33','2025-08-09 08:44:33',NULL),(1039,424,8,3,17.03,'2025-08-09 08:44:33','2025-08-09 08:44:33',NULL),(1040,425,17,2,9.68,'2025-08-09 08:44:33','2025-08-09 08:44:33',NULL),(1041,425,22,3,12.40,'2025-08-09 08:44:33','2025-08-09 08:44:33',NULL),(1042,425,13,2,12.23,'2025-08-09 08:44:33','2025-08-09 08:44:33',NULL),(1043,426,13,3,12.23,'2025-08-09 08:44:33','2025-08-09 08:44:33',NULL),(1044,426,19,2,5.58,'2025-08-09 08:44:33','2025-08-09 08:44:33',NULL),(1045,426,14,2,8.04,'2025-08-09 08:44:33','2025-08-09 08:44:33',NULL),(1046,426,12,1,19.16,'2025-08-09 08:44:33','2025-08-09 08:44:33',NULL),(1047,427,16,1,16.24,'2025-08-09 08:44:33','2025-08-09 08:44:33',NULL),(1048,427,13,1,12.23,'2025-08-09 08:44:33','2025-08-09 08:44:33',NULL),(1049,428,19,3,5.58,'2025-08-09 08:44:33','2025-08-09 08:44:33',NULL),(1050,428,21,1,15.57,'2025-08-09 08:44:33','2025-08-09 08:44:33',NULL),(1051,429,6,2,23.31,'2025-08-09 08:44:33','2025-08-09 08:44:33',NULL),(1052,429,10,3,20.02,'2025-08-09 08:44:33','2025-08-09 08:44:33',NULL),(1053,429,8,1,17.03,'2025-08-09 08:44:33','2025-08-09 08:44:33',NULL),(1054,429,7,1,23.27,'2025-08-09 08:44:33','2025-08-09 08:44:33',NULL),(1055,430,15,2,24.27,'2025-08-09 08:44:33','2025-08-09 08:44:33',NULL),(1056,431,7,1,23.27,'2025-08-09 08:44:33','2025-08-09 08:44:33',NULL),(1057,431,15,1,24.27,'2025-08-09 08:44:33','2025-08-09 08:44:33',NULL),(1058,432,12,2,19.16,'2025-08-09 08:44:33','2025-08-09 08:44:33',NULL),(1059,432,7,2,23.27,'2025-08-09 08:44:33','2025-08-09 08:44:33',NULL),(1060,433,14,3,8.04,'2025-08-09 08:44:33','2025-08-09 08:44:33',NULL),(1061,433,8,2,17.03,'2025-08-09 08:44:33','2025-08-09 08:44:33',NULL),(1062,433,21,3,15.57,'2025-08-09 08:44:33','2025-08-09 08:44:33',NULL),(1063,433,20,3,18.73,'2025-08-09 08:44:33','2025-08-09 08:44:33',NULL),(1064,434,5,3,23.15,'2025-08-09 08:44:33','2025-08-09 08:44:33',NULL),(1065,434,11,3,6.85,'2025-08-09 08:44:33','2025-08-09 08:44:33',NULL),(1066,434,20,3,18.73,'2025-08-09 08:44:33','2025-08-09 08:44:33',NULL),(1067,434,7,1,23.27,'2025-08-09 08:44:33','2025-08-09 08:44:33',NULL),(1068,435,9,2,7.06,'2025-08-09 08:44:33','2025-08-09 08:44:33',NULL),(1069,435,16,1,16.24,'2025-08-09 08:44:33','2025-08-09 08:44:33',NULL),(1070,435,3,2,8.55,'2025-08-09 08:44:33','2025-08-09 08:44:33',NULL),(1071,436,20,2,18.73,'2025-08-09 08:44:33','2025-08-09 08:44:33',NULL),(1072,436,22,2,12.40,'2025-08-09 08:44:33','2025-08-09 08:44:33',NULL),(1073,437,7,3,23.27,'2025-08-09 08:44:33','2025-08-09 08:44:33',NULL),(1074,437,16,2,16.24,'2025-08-09 08:44:33','2025-08-09 08:44:33',NULL),(1075,437,4,2,24.79,'2025-08-09 08:44:33','2025-08-09 08:44:33',NULL),(1076,438,8,1,17.03,'2025-08-09 08:44:33','2025-08-09 08:44:33',NULL),(1077,438,17,1,9.68,'2025-08-09 08:44:33','2025-08-09 08:44:33',NULL),(1078,439,11,1,6.85,'2025-08-09 08:44:33','2025-08-09 08:44:33',NULL),(1079,439,18,1,17.10,'2025-08-09 08:44:33','2025-08-09 08:44:33',NULL),(1080,440,9,1,7.06,'2025-08-09 08:44:33','2025-08-09 08:44:33',NULL),(1081,440,14,1,8.04,'2025-08-09 08:44:33','2025-08-09 08:44:33',NULL),(1082,440,21,2,15.57,'2025-08-09 08:44:33','2025-08-09 08:44:33',NULL),(1083,441,5,2,23.15,'2025-08-09 08:44:33','2025-08-09 08:44:33',NULL),(1084,441,19,2,5.58,'2025-08-09 08:44:33','2025-08-09 08:44:33',NULL),(1085,442,16,2,16.24,'2025-08-09 08:44:33','2025-08-09 08:44:33',NULL),(1086,442,9,3,7.06,'2025-08-09 08:44:33','2025-08-09 08:44:33',NULL),(1087,442,14,2,8.04,'2025-08-09 08:44:33','2025-08-09 08:44:33',NULL),(1088,442,21,3,15.57,'2025-08-09 08:44:33','2025-08-09 08:44:33',NULL),(1089,443,16,3,16.24,'2025-08-09 08:44:33','2025-08-09 08:44:33',NULL),(1090,443,4,3,24.79,'2025-08-09 08:44:33','2025-08-09 08:44:33',NULL),(1091,443,14,2,8.04,'2025-08-09 08:44:33','2025-08-09 08:44:33',NULL),(1092,443,3,3,8.55,'2025-08-09 08:44:33','2025-08-09 08:44:33',NULL),(1093,444,13,2,12.23,'2025-08-09 08:44:33','2025-08-09 08:44:33',NULL),(1094,445,22,1,12.40,'2025-08-09 08:44:33','2025-08-09 08:44:33',NULL),(1095,445,21,1,15.57,'2025-08-09 08:44:33','2025-08-09 08:44:33',NULL),(1096,446,13,1,12.23,'2025-08-09 08:44:33','2025-08-09 08:44:33',NULL),(1097,446,3,3,8.55,'2025-08-09 08:44:33','2025-08-09 08:44:33',NULL),(1098,446,14,2,8.04,'2025-08-09 08:44:33','2025-08-09 08:44:33',NULL),(1099,447,18,3,17.10,'2025-08-09 08:44:33','2025-08-09 08:44:33',NULL),(1100,448,9,3,7.06,'2025-08-09 08:44:33','2025-08-09 08:44:33',NULL),(1101,448,10,3,20.02,'2025-08-09 08:44:33','2025-08-09 08:44:33',NULL),(1102,448,3,1,8.55,'2025-08-09 08:44:33','2025-08-09 08:44:33',NULL),(1103,449,10,3,20.02,'2025-08-09 08:44:34','2025-08-09 08:44:34',NULL),(1104,450,7,3,23.27,'2025-08-09 08:44:34','2025-08-09 08:44:34',NULL),(1105,450,20,3,18.73,'2025-08-09 08:44:34','2025-08-09 08:44:34',NULL),(1106,451,17,3,9.68,'2025-08-09 08:44:34','2025-08-09 08:44:34',NULL),(1107,451,22,3,12.40,'2025-08-09 08:44:34','2025-08-09 08:44:34',NULL),(1108,451,7,3,23.27,'2025-08-09 08:44:34','2025-08-09 08:44:34',NULL),(1109,451,8,1,17.03,'2025-08-09 08:44:34','2025-08-09 08:44:34',NULL),(1110,452,19,2,5.58,'2025-08-09 08:44:34','2025-08-09 08:44:34',NULL),(1111,453,4,3,24.79,'2025-08-09 08:44:34','2025-08-09 08:44:34',NULL),(1112,454,6,3,23.31,'2025-08-09 08:44:34','2025-08-09 08:44:34',NULL),(1113,454,17,2,9.68,'2025-08-09 08:44:34','2025-08-09 08:44:34',NULL),(1114,454,13,1,12.23,'2025-08-09 08:44:34','2025-08-09 08:44:34',NULL),(1115,455,20,2,18.73,'2025-08-09 08:44:34','2025-08-09 08:44:34',NULL),(1116,456,15,1,24.27,'2025-08-09 08:44:34','2025-08-09 08:44:34',NULL),(1117,456,10,2,20.02,'2025-08-09 08:44:34','2025-08-09 08:44:34',NULL),(1118,457,15,2,24.27,'2025-08-09 08:44:34','2025-08-09 08:44:34',NULL),(1119,458,10,1,20.02,'2025-08-09 08:44:34','2025-08-09 08:44:34',NULL),(1120,458,3,2,8.55,'2025-08-09 08:44:34','2025-08-09 08:44:34',NULL),(1121,458,9,2,7.06,'2025-08-09 08:44:34','2025-08-09 08:44:34',NULL),(1122,458,11,1,6.85,'2025-08-09 08:44:34','2025-08-09 08:44:34',NULL),(1123,459,11,2,6.85,'2025-08-09 08:44:34','2025-08-09 08:44:34',NULL),(1124,459,12,2,19.16,'2025-08-09 08:44:34','2025-08-09 08:44:34',NULL),(1125,459,16,1,16.24,'2025-08-09 08:44:34','2025-08-09 08:44:34',NULL),(1126,459,3,1,8.55,'2025-08-09 08:44:34','2025-08-09 08:44:34',NULL),(1127,460,9,3,7.06,'2025-08-09 08:44:34','2025-08-09 08:44:34',NULL),(1128,460,17,1,9.68,'2025-08-09 08:44:34','2025-08-09 08:44:34',NULL),(1129,461,11,1,6.85,'2025-08-09 08:44:34','2025-08-09 08:44:34',NULL),(1130,462,20,3,18.73,'2025-08-09 08:44:34','2025-08-09 08:44:34',NULL),(1131,462,9,1,7.06,'2025-08-09 08:44:34','2025-08-09 08:44:34',NULL),(1132,463,9,3,7.06,'2025-08-09 08:44:34','2025-08-09 08:44:34',NULL),(1133,463,10,2,20.02,'2025-08-09 08:44:34','2025-08-09 08:44:34',NULL),(1134,464,22,3,12.40,'2025-08-09 08:44:34','2025-08-09 08:44:34',NULL),(1135,464,20,2,18.73,'2025-08-09 08:44:34','2025-08-09 08:44:34',NULL),(1136,465,11,1,6.85,'2025-08-09 08:44:34','2025-08-09 08:44:34',NULL),(1137,465,16,3,16.24,'2025-08-09 08:44:34','2025-08-09 08:44:34',NULL),(1138,465,13,3,12.23,'2025-08-09 08:44:34','2025-08-09 08:44:34',NULL),(1139,465,14,2,8.04,'2025-08-09 08:44:34','2025-08-09 08:44:34',NULL),(1140,466,20,3,18.73,'2025-08-09 08:44:34','2025-08-09 08:44:34',NULL),(1141,466,4,3,24.79,'2025-08-09 08:44:34','2025-08-09 08:44:34',NULL),(1142,466,18,2,17.10,'2025-08-09 08:44:34','2025-08-09 08:44:34',NULL),(1143,467,9,1,7.06,'2025-08-09 08:44:34','2025-08-09 08:44:34',NULL),(1144,467,13,2,12.23,'2025-08-09 08:44:34','2025-08-09 08:44:34',NULL),(1145,468,11,2,6.85,'2025-08-09 08:44:34','2025-08-09 08:44:34',NULL),(1146,468,8,2,17.03,'2025-08-09 08:44:34','2025-08-09 08:44:34',NULL),(1147,468,7,2,23.27,'2025-08-09 08:44:34','2025-08-09 08:44:34',NULL),(1148,468,22,2,12.40,'2025-08-09 08:44:34','2025-08-09 08:44:34',NULL),(1149,469,6,3,23.31,'2025-08-09 08:44:34','2025-08-09 08:44:34',NULL),(1150,469,10,3,20.02,'2025-08-09 08:44:34','2025-08-09 08:44:34',NULL),(1151,469,7,2,23.27,'2025-08-09 08:44:34','2025-08-09 08:44:34',NULL),(1152,469,4,3,24.79,'2025-08-09 08:44:34','2025-08-09 08:44:34',NULL),(1153,470,11,1,6.85,'2025-08-09 08:44:34','2025-08-09 08:44:34',NULL),(1154,470,7,3,23.27,'2025-08-09 08:44:34','2025-08-09 08:44:34',NULL),(1155,470,22,2,12.40,'2025-08-09 08:44:34','2025-08-09 08:44:34',NULL),(1156,471,20,3,18.73,'2025-08-09 08:44:34','2025-08-09 08:44:34',NULL),(1157,472,20,3,18.73,'2025-08-09 08:44:34','2025-08-09 08:44:34',NULL),(1158,473,6,2,23.31,'2025-08-09 08:44:34','2025-08-09 08:44:34',NULL),(1159,473,11,1,6.85,'2025-08-09 08:44:34','2025-08-09 08:44:34',NULL),(1160,474,15,1,24.27,'2025-08-09 08:44:34','2025-08-09 08:44:34',NULL),(1161,474,18,1,17.10,'2025-08-09 08:44:34','2025-08-09 08:44:34',NULL),(1162,475,4,2,24.79,'2025-08-09 08:44:34','2025-08-09 08:44:34',NULL),(1163,475,20,1,18.73,'2025-08-09 08:44:34','2025-08-09 08:44:34',NULL),(1164,475,14,2,8.04,'2025-08-09 08:44:34','2025-08-09 08:44:34',NULL),(1165,476,18,3,17.10,'2025-08-09 08:44:34','2025-08-09 08:44:34',NULL),(1166,476,3,1,8.55,'2025-08-09 08:44:34','2025-08-09 08:44:34',NULL),(1167,477,21,3,15.57,'2025-08-09 08:44:34','2025-08-09 08:44:34',NULL),(1168,477,5,2,23.15,'2025-08-09 08:44:34','2025-08-09 08:44:34',NULL),(1169,478,6,1,23.31,'2025-08-09 08:44:34','2025-08-09 08:44:34',NULL),(1170,478,17,1,9.68,'2025-08-09 08:44:34','2025-08-09 08:44:34',NULL),(1171,478,8,1,17.03,'2025-08-09 08:44:34','2025-08-09 08:44:34',NULL),(1172,478,14,1,8.04,'2025-08-09 08:44:34','2025-08-09 08:44:34',NULL),(1173,479,4,2,24.79,'2025-08-09 08:44:34','2025-08-09 08:44:34',NULL),(1174,480,17,3,9.68,'2025-08-09 08:44:34','2025-08-09 08:44:34',NULL),(1175,481,9,1,7.06,'2025-08-09 08:44:34','2025-08-09 08:44:34',NULL),(1176,481,10,2,20.02,'2025-08-09 08:44:34','2025-08-09 08:44:34',NULL),(1177,482,13,3,12.23,'2025-08-09 08:44:34','2025-08-09 08:44:34',NULL),(1178,482,14,2,8.04,'2025-08-09 08:44:34','2025-08-09 08:44:34',NULL),(1179,482,11,1,6.85,'2025-08-09 08:44:34','2025-08-09 08:44:34',NULL),(1180,483,4,3,24.79,'2025-08-09 08:44:34','2025-08-09 08:44:34',NULL),(1181,483,7,1,23.27,'2025-08-09 08:44:34','2025-08-09 08:44:34',NULL),(1182,483,17,2,9.68,'2025-08-09 08:44:34','2025-08-09 08:44:34',NULL),(1183,483,13,2,12.23,'2025-08-09 08:44:34','2025-08-09 08:44:34',NULL),(1184,484,22,3,12.40,'2025-08-09 08:44:34','2025-08-09 08:44:34',NULL),(1185,485,15,1,24.27,'2025-08-09 08:44:34','2025-08-09 08:44:34',NULL),(1186,485,12,2,19.16,'2025-08-09 08:44:34','2025-08-09 08:44:34',NULL),(1187,485,17,2,9.68,'2025-08-09 08:44:34','2025-08-09 08:44:34',NULL),(1188,486,14,3,8.04,'2025-08-09 08:44:35','2025-08-09 08:44:35',NULL),(1189,486,4,1,24.79,'2025-08-09 08:44:35','2025-08-09 08:44:35',NULL),(1190,487,21,1,15.57,'2025-08-09 08:44:35','2025-08-09 08:44:35',NULL),(1191,488,13,3,12.23,'2025-08-09 08:44:35','2025-08-09 08:44:35',NULL),(1192,488,21,1,15.57,'2025-08-09 08:44:35','2025-08-09 08:44:35',NULL),(1193,488,5,1,23.15,'2025-08-09 08:44:35','2025-08-09 08:44:35',NULL),(1194,489,3,1,8.55,'2025-08-09 08:44:35','2025-08-09 08:44:35',NULL),(1195,489,18,2,17.10,'2025-08-09 08:44:35','2025-08-09 08:44:35',NULL),(1196,489,16,2,16.24,'2025-08-09 08:44:35','2025-08-09 08:44:35',NULL),(1197,489,22,2,12.40,'2025-08-09 08:44:35','2025-08-09 08:44:35',NULL),(1198,490,15,3,24.27,'2025-08-09 08:44:35','2025-08-09 08:44:35',NULL),(1199,490,16,2,16.24,'2025-08-09 08:44:35','2025-08-09 08:44:35',NULL),(1200,491,9,1,7.06,'2025-08-09 08:44:35','2025-08-09 08:44:35',NULL),(1201,492,9,1,7.06,'2025-08-09 08:44:35','2025-08-09 08:44:35',NULL),(1202,493,10,1,20.02,'2025-08-09 08:44:35','2025-08-09 08:44:35',NULL),(1203,494,21,1,15.57,'2025-08-09 08:44:35','2025-08-09 08:44:35',NULL),(1204,494,11,3,6.85,'2025-08-09 08:44:35','2025-08-09 08:44:35',NULL),(1205,494,14,1,8.04,'2025-08-09 08:44:35','2025-08-09 08:44:35',NULL),(1206,494,8,1,17.03,'2025-08-09 08:44:35','2025-08-09 08:44:35',NULL),(1207,495,8,2,17.03,'2025-08-09 08:44:35','2025-08-09 08:44:35',NULL),(1208,495,9,2,7.06,'2025-08-09 08:44:35','2025-08-09 08:44:35',NULL),(1209,495,16,1,16.24,'2025-08-09 08:44:35','2025-08-09 08:44:35',NULL),(1210,495,12,2,19.16,'2025-08-09 08:44:35','2025-08-09 08:44:35',NULL),(1211,496,20,3,18.73,'2025-08-09 08:44:35','2025-08-09 08:44:35',NULL),(1212,496,7,3,23.27,'2025-08-09 08:44:35','2025-08-09 08:44:35',NULL),(1213,496,21,1,15.57,'2025-08-09 08:44:35','2025-08-09 08:44:35',NULL),(1214,496,22,3,12.40,'2025-08-09 08:44:35','2025-08-09 08:44:35',NULL),(1215,497,14,3,8.04,'2025-08-09 08:44:35','2025-08-09 08:44:35',NULL),(1216,498,12,2,19.16,'2025-08-09 08:44:35','2025-08-09 08:44:35',NULL),(1217,499,3,3,8.55,'2025-08-09 08:44:35','2025-08-09 08:44:35',NULL),(1218,499,12,1,19.16,'2025-08-09 08:44:35','2025-08-09 08:44:35',NULL),(1219,499,15,3,24.27,'2025-08-09 08:44:35','2025-08-09 08:44:35',NULL),(1220,500,19,3,5.58,'2025-08-09 08:44:35','2025-08-09 08:44:35',NULL),(1221,500,5,1,23.15,'2025-08-09 08:44:35','2025-08-09 08:44:35',NULL),(1222,500,3,2,8.55,'2025-08-09 08:44:35','2025-08-09 08:44:35',NULL),(1223,501,8,1,17.03,'2025-08-09 08:44:35','2025-08-09 08:44:35',NULL),(1224,502,19,1,5.58,'2025-08-09 08:44:35','2025-08-09 08:44:35',NULL),(1225,502,14,3,8.04,'2025-08-09 08:44:35','2025-08-09 08:44:35',NULL),(1226,502,20,1,18.73,'2025-08-09 08:44:35','2025-08-09 08:44:35',NULL),(1227,502,12,1,19.16,'2025-08-09 08:44:35','2025-08-09 08:44:35',NULL),(1228,503,17,2,9.68,'2025-08-09 08:44:35','2025-08-09 08:44:35',NULL),(1229,503,4,3,24.79,'2025-08-09 08:44:35','2025-08-09 08:44:35',NULL),(1230,504,10,2,20.02,'2025-08-09 08:44:35','2025-08-09 08:44:35',NULL),(1231,505,21,1,15.57,'2025-08-09 08:44:35','2025-08-09 08:44:35',NULL),(1232,506,21,1,15.57,'2025-08-09 08:44:35','2025-08-09 08:44:35',NULL),(1233,506,16,1,16.24,'2025-08-09 08:44:35','2025-08-09 08:44:35',NULL),(1234,507,14,2,8.04,'2025-08-09 08:44:35','2025-08-09 08:44:35',NULL),(1235,507,19,2,5.58,'2025-08-09 08:44:35','2025-08-09 08:44:35',NULL),(1236,507,6,1,23.31,'2025-08-09 08:44:35','2025-08-09 08:44:35',NULL),(1237,507,13,1,12.23,'2025-08-09 08:44:35','2025-08-09 08:44:35',NULL),(1238,508,20,1,18.73,'2025-08-09 08:44:35','2025-08-09 08:44:35',NULL),(1239,508,18,3,17.10,'2025-08-09 08:44:35','2025-08-09 08:44:35',NULL),(1240,509,7,1,23.27,'2025-08-09 08:44:35','2025-08-09 08:44:35',NULL),(1241,509,16,3,16.24,'2025-08-09 08:44:35','2025-08-09 08:44:35',NULL),(1242,509,8,1,17.03,'2025-08-09 08:44:35','2025-08-09 08:44:35',NULL),(1243,509,6,3,23.31,'2025-08-09 08:44:35','2025-08-09 08:44:35',NULL),(1244,510,3,2,8.55,'2025-08-09 08:44:35','2025-08-09 08:44:35',NULL),(1245,510,20,3,18.73,'2025-08-09 08:44:35','2025-08-09 08:44:35',NULL),(1246,510,8,3,17.03,'2025-08-09 08:44:35','2025-08-09 08:44:35',NULL),(1247,511,21,3,15.57,'2025-08-09 08:44:35','2025-08-09 08:44:35',NULL),(1248,511,9,2,7.06,'2025-08-09 08:44:35','2025-08-09 08:44:35',NULL),(1249,511,15,3,24.27,'2025-08-09 08:44:35','2025-08-09 08:44:35',NULL),(1250,512,19,1,5.58,'2025-08-09 08:44:35','2025-08-09 08:44:35',NULL),(1251,512,12,2,19.16,'2025-08-09 08:44:35','2025-08-09 08:44:35',NULL),(1252,512,22,3,12.40,'2025-08-09 08:44:35','2025-08-09 08:44:35',NULL),(1253,512,11,3,6.85,'2025-08-09 08:44:35','2025-08-09 08:44:35',NULL),(1254,513,21,2,15.57,'2025-08-09 08:44:35','2025-08-09 08:44:35',NULL),(1255,513,5,2,23.15,'2025-08-09 08:44:35','2025-08-09 08:44:35',NULL),(1256,513,3,3,8.55,'2025-08-09 08:44:35','2025-08-09 08:44:35',NULL),(1257,513,15,3,24.27,'2025-08-09 08:44:35','2025-08-09 08:44:35',NULL),(1258,514,9,3,7.06,'2025-08-09 08:44:35','2025-08-09 08:44:35',NULL),(1259,514,12,1,19.16,'2025-08-09 08:44:35','2025-08-09 08:44:35',NULL),(1260,515,18,1,17.10,'2025-08-09 08:44:35','2025-08-09 08:44:35',NULL),(1261,515,15,2,24.27,'2025-08-09 08:44:35','2025-08-09 08:44:35',NULL),(1262,515,14,2,8.04,'2025-08-09 08:44:35','2025-08-09 08:44:35',NULL),(1263,516,6,3,23.31,'2025-08-09 08:44:35','2025-08-09 08:44:35',NULL),(1264,516,19,3,5.58,'2025-08-09 08:44:35','2025-08-09 08:44:35',NULL),(1265,516,4,2,24.79,'2025-08-09 08:44:35','2025-08-09 08:44:35',NULL),(1266,516,16,2,16.24,'2025-08-09 08:44:35','2025-08-09 08:44:35',NULL),(1267,517,3,2,8.55,'2025-08-09 08:44:35','2025-08-09 08:44:35',NULL),(1268,517,19,3,5.58,'2025-08-09 08:44:35','2025-08-09 08:44:35',NULL),(1269,517,8,3,17.03,'2025-08-09 08:44:35','2025-08-09 08:44:35',NULL),(1270,518,6,2,23.31,'2025-08-09 08:44:35','2025-08-09 08:44:35',NULL),(1271,518,13,3,12.23,'2025-08-09 08:44:35','2025-08-09 08:44:35',NULL),(1272,518,12,2,19.16,'2025-08-09 08:44:35','2025-08-09 08:44:35',NULL),(1273,519,5,1,23.15,'2025-08-09 08:44:36','2025-08-09 08:44:36',NULL),(1274,519,7,2,23.27,'2025-08-09 08:44:36','2025-08-09 08:44:36',NULL),(1275,520,8,1,17.03,'2025-08-09 08:44:36','2025-08-09 08:44:36',NULL),(1276,520,16,3,16.24,'2025-08-09 08:44:36','2025-08-09 08:44:36',NULL),(1277,520,20,3,18.73,'2025-08-09 08:44:36','2025-08-09 08:44:36',NULL),(1278,520,4,1,24.79,'2025-08-09 08:44:36','2025-08-09 08:44:36',NULL),(1279,521,17,1,9.68,'2025-08-09 08:44:36','2025-08-09 08:44:36',NULL),(1280,521,14,2,8.04,'2025-08-09 08:44:36','2025-08-09 08:44:36',NULL),(1281,522,18,2,17.10,'2025-08-09 08:44:36','2025-08-09 08:44:36',NULL),(1282,522,4,1,24.79,'2025-08-09 08:44:36','2025-08-09 08:44:36',NULL),(1283,522,22,1,12.40,'2025-08-09 08:44:36','2025-08-09 08:44:36',NULL),(1284,522,14,2,8.04,'2025-08-09 08:44:36','2025-08-09 08:44:36',NULL),(1285,523,21,2,15.57,'2025-08-09 08:44:36','2025-08-09 08:44:36',NULL),(1286,523,6,2,23.31,'2025-08-09 08:44:36','2025-08-09 08:44:36',NULL),(1287,523,7,2,23.27,'2025-08-09 08:44:36','2025-08-09 08:44:36',NULL),(1288,524,12,2,19.16,'2025-08-09 08:44:36','2025-08-09 08:44:36',NULL),(1289,524,13,3,12.23,'2025-08-09 08:44:36','2025-08-09 08:44:36',NULL),(1290,524,7,2,23.27,'2025-08-09 08:44:36','2025-08-09 08:44:36',NULL),(1291,524,14,3,8.04,'2025-08-09 08:44:36','2025-08-09 08:44:36',NULL),(1292,525,14,2,8.04,'2025-08-09 08:44:36','2025-08-09 08:44:36',NULL),(1293,525,12,3,19.16,'2025-08-09 08:44:36','2025-08-09 08:44:36',NULL),(1294,525,6,3,23.31,'2025-08-09 08:44:36','2025-08-09 08:44:36',NULL),(1295,525,18,1,17.10,'2025-08-09 08:44:36','2025-08-09 08:44:36',NULL),(1296,526,9,1,7.06,'2025-08-09 08:44:36','2025-08-09 08:44:36',NULL),(1297,526,4,1,24.79,'2025-08-09 08:44:36','2025-08-09 08:44:36',NULL),(1298,527,5,3,23.15,'2025-08-09 08:44:36','2025-08-09 08:44:36',NULL),(1299,527,16,3,16.24,'2025-08-09 08:44:36','2025-08-09 08:44:36',NULL),(1300,527,12,2,19.16,'2025-08-09 08:44:36','2025-08-09 08:44:36',NULL),(1301,528,21,3,15.57,'2025-08-09 08:44:36','2025-08-09 08:44:36',NULL),(1302,529,11,2,6.85,'2025-08-09 08:44:36','2025-08-09 08:44:36',NULL),(1303,529,3,3,8.55,'2025-08-09 08:44:36','2025-08-09 08:44:36',NULL),(1304,530,11,3,6.85,'2025-08-09 08:44:36','2025-08-09 08:44:36',NULL),(1305,530,19,2,5.58,'2025-08-09 08:44:36','2025-08-09 08:44:36',NULL),(1306,530,10,1,20.02,'2025-08-09 08:44:36','2025-08-09 08:44:36',NULL),(1307,530,16,1,16.24,'2025-08-09 08:44:36','2025-08-09 08:44:36',NULL),(1308,531,15,3,24.27,'2025-08-09 08:44:36','2025-08-09 08:44:36',NULL),(1309,532,8,2,17.03,'2025-08-09 08:44:36','2025-08-09 08:44:36',NULL),(1310,532,19,2,5.58,'2025-08-09 08:44:36','2025-08-09 08:44:36',NULL),(1311,533,14,3,8.04,'2025-08-09 08:44:36','2025-08-09 08:44:36',NULL),(1312,533,22,3,12.40,'2025-08-09 08:44:36','2025-08-09 08:44:36',NULL),(1313,534,8,1,17.03,'2025-08-09 08:44:36','2025-08-09 08:44:36',NULL),(1314,534,14,3,8.04,'2025-08-09 08:44:36','2025-08-09 08:44:36',NULL),(1315,534,19,2,5.58,'2025-08-09 08:44:36','2025-08-09 08:44:36',NULL),(1316,534,11,3,6.85,'2025-08-09 08:44:36','2025-08-09 08:44:36',NULL),(1317,535,22,1,12.40,'2025-08-09 08:44:36','2025-08-09 08:44:36',NULL),(1318,535,12,1,19.16,'2025-08-09 08:44:36','2025-08-09 08:44:36',NULL),(1319,535,16,1,16.24,'2025-08-09 08:44:36','2025-08-09 08:44:36',NULL),(1320,535,18,3,17.10,'2025-08-09 08:44:36','2025-08-09 08:44:36',NULL),(1321,536,12,2,19.16,'2025-08-09 08:44:36','2025-08-09 08:44:36',NULL),(1322,536,19,1,5.58,'2025-08-09 08:44:36','2025-08-09 08:44:36',NULL),(1323,536,20,2,18.73,'2025-08-09 08:44:36','2025-08-09 08:44:36',NULL),(1324,536,3,1,8.55,'2025-08-09 08:44:36','2025-08-09 08:44:36',NULL),(1325,537,6,3,23.31,'2025-08-09 08:44:36','2025-08-09 08:44:36',NULL),(1326,537,22,3,12.40,'2025-08-09 08:44:36','2025-08-09 08:44:36',NULL),(1327,537,3,3,8.55,'2025-08-09 08:44:36','2025-08-09 08:44:36',NULL),(1328,537,13,3,12.23,'2025-08-09 08:44:36','2025-08-09 08:44:36',NULL),(1329,538,14,3,8.04,'2025-08-09 08:44:36','2025-08-09 08:44:36',NULL),(1330,539,5,1,23.15,'2025-08-09 08:44:36','2025-08-09 08:44:36',NULL),(1331,540,16,1,16.24,'2025-08-09 08:44:36','2025-08-09 08:44:36',NULL),(1332,540,5,3,23.15,'2025-08-09 08:44:36','2025-08-09 08:44:36',NULL),(1333,540,9,1,7.06,'2025-08-09 08:44:36','2025-08-09 08:44:36',NULL),(1334,541,20,3,18.73,'2025-08-09 08:44:36','2025-08-09 08:44:36',NULL),(1335,542,3,2,8.55,'2025-08-09 08:44:36','2025-08-09 08:44:36',NULL),(1336,542,15,1,24.27,'2025-08-09 08:44:36','2025-08-09 08:44:36',NULL),(1337,542,21,3,15.57,'2025-08-09 08:44:36','2025-08-09 08:44:36',NULL),(1338,543,8,2,17.03,'2025-08-09 08:44:36','2025-08-09 08:44:36',NULL),(1339,543,19,1,5.58,'2025-08-09 08:44:36','2025-08-09 08:44:36',NULL),(1340,543,9,3,7.06,'2025-08-09 08:44:36','2025-08-09 08:44:36',NULL),(1341,543,10,3,20.02,'2025-08-09 08:44:36','2025-08-09 08:44:36',NULL),(1342,544,16,2,16.24,'2025-08-09 08:44:36','2025-08-09 08:44:36',NULL),(1343,544,12,2,19.16,'2025-08-09 08:44:36','2025-08-09 08:44:36',NULL),(1344,544,11,2,6.85,'2025-08-09 08:44:36','2025-08-09 08:44:36',NULL),(1345,544,18,2,17.10,'2025-08-09 08:44:36','2025-08-09 08:44:36',NULL),(1346,545,22,1,12.40,'2025-08-09 08:44:36','2025-08-09 08:44:36',NULL),(1347,545,14,3,8.04,'2025-08-09 08:44:36','2025-08-09 08:44:36',NULL),(1348,545,6,3,23.31,'2025-08-09 08:44:36','2025-08-09 08:44:36',NULL),(1349,546,4,3,24.79,'2025-08-09 08:44:36','2025-08-09 08:44:36',NULL),(1350,546,13,2,12.23,'2025-08-09 08:44:36','2025-08-09 08:44:36',NULL),(1351,546,14,2,8.04,'2025-08-09 08:44:36','2025-08-09 08:44:36',NULL),(1352,547,7,3,23.27,'2025-08-09 08:44:36','2025-08-09 08:44:36',NULL),(1353,547,5,1,23.15,'2025-08-09 08:44:36','2025-08-09 08:44:36',NULL),(1354,548,9,1,7.06,'2025-08-09 08:44:36','2025-08-09 08:44:36',NULL),(1355,549,14,2,8.04,'2025-08-09 08:44:36','2025-08-09 08:44:36',NULL),(1356,549,20,2,18.73,'2025-08-09 08:44:36','2025-08-09 08:44:36',NULL),(1357,550,4,2,24.79,'2025-08-09 08:44:36','2025-08-09 08:44:36',NULL),(1358,550,20,2,18.73,'2025-08-09 08:44:36','2025-08-09 08:44:36',NULL),(1359,550,8,2,17.03,'2025-08-09 08:44:36','2025-08-09 08:44:36',NULL),(1360,551,21,2,15.57,'2025-08-09 08:44:36','2025-08-09 08:44:36',NULL),(1361,551,9,3,7.06,'2025-08-09 08:44:36','2025-08-09 08:44:36',NULL),(1362,552,7,1,23.27,'2025-08-09 08:44:36','2025-08-09 08:44:36',NULL),(1363,552,17,2,9.68,'2025-08-09 08:44:36','2025-08-09 08:44:36',NULL),(1364,552,16,3,16.24,'2025-08-09 08:44:36','2025-08-09 08:44:36',NULL),(1365,552,9,1,7.06,'2025-08-09 08:44:37','2025-08-09 08:44:37',NULL),(1366,553,18,1,17.10,'2025-08-09 08:44:37','2025-08-09 08:44:37',NULL),(1367,554,19,2,5.58,'2025-08-09 08:44:37','2025-08-09 08:44:37',NULL),(1368,554,11,1,6.85,'2025-08-09 08:44:37','2025-08-09 08:44:37',NULL),(1369,555,18,1,17.10,'2025-08-09 08:44:37','2025-08-09 08:44:37',NULL),(1370,555,19,1,5.58,'2025-08-09 08:44:37','2025-08-09 08:44:37',NULL),(1371,555,8,2,17.03,'2025-08-09 08:44:37','2025-08-09 08:44:37',NULL),(1372,555,17,3,9.68,'2025-08-09 08:44:37','2025-08-09 08:44:37',NULL),(1373,556,9,1,7.06,'2025-08-09 08:44:37','2025-08-09 08:44:37',NULL),(1374,556,14,3,8.04,'2025-08-09 08:44:37','2025-08-09 08:44:37',NULL),(1375,556,8,3,17.03,'2025-08-09 08:44:37','2025-08-09 08:44:37',NULL),(1376,557,14,1,8.04,'2025-08-09 08:44:37','2025-08-09 08:44:37',NULL),(1377,557,17,2,9.68,'2025-08-09 08:44:37','2025-08-09 08:44:37',NULL),(1378,557,4,3,24.79,'2025-08-09 08:44:37','2025-08-09 08:44:37',NULL),(1379,557,8,2,17.03,'2025-08-09 08:44:37','2025-08-09 08:44:37',NULL),(1380,558,14,1,8.04,'2025-08-09 08:44:37','2025-08-09 08:44:37',NULL),(1381,558,3,3,8.55,'2025-08-09 08:44:37','2025-08-09 08:44:37',NULL),(1382,558,21,2,15.57,'2025-08-09 08:44:37','2025-08-09 08:44:37',NULL),(1383,559,12,1,19.16,'2025-08-09 08:44:37','2025-08-09 08:44:37',NULL),(1384,559,22,3,12.40,'2025-08-09 08:44:37','2025-08-09 08:44:37',NULL),(1385,559,7,1,23.27,'2025-08-09 08:44:37','2025-08-09 08:44:37',NULL),(1386,560,18,2,17.10,'2025-08-09 08:44:37','2025-08-09 08:44:37',NULL),(1387,561,4,1,24.79,'2025-08-09 08:44:37','2025-08-09 08:44:37',NULL),(1388,561,21,2,15.57,'2025-08-09 08:44:37','2025-08-09 08:44:37',NULL),(1389,562,3,2,8.55,'2025-08-09 08:44:37','2025-08-09 08:44:37',NULL),(1390,562,18,3,17.10,'2025-08-09 08:44:37','2025-08-09 08:44:37',NULL),(1391,563,9,1,7.06,'2025-08-09 08:44:37','2025-08-09 08:44:37',NULL),(1392,563,13,1,12.23,'2025-08-09 08:44:37','2025-08-09 08:44:37',NULL),(1393,563,6,3,23.31,'2025-08-09 08:44:37','2025-08-09 08:44:37',NULL),(1394,564,12,3,19.16,'2025-08-09 08:44:37','2025-08-09 08:44:37',NULL),(1395,564,14,3,8.04,'2025-08-09 08:44:37','2025-08-09 08:44:37',NULL),(1396,565,14,3,8.04,'2025-08-09 08:44:37','2025-08-09 08:44:37',NULL),(1397,565,22,2,12.40,'2025-08-09 08:44:37','2025-08-09 08:44:37',NULL),(1398,565,4,2,24.79,'2025-08-09 08:44:37','2025-08-09 08:44:37',NULL),(1399,565,16,1,16.24,'2025-08-09 08:44:37','2025-08-09 08:44:37',NULL),(1400,566,19,3,5.58,'2025-08-09 08:44:37','2025-08-09 08:44:37',NULL),(1401,566,11,3,6.85,'2025-08-09 08:44:37','2025-08-09 08:44:37',NULL),(1402,566,12,1,19.16,'2025-08-09 08:44:37','2025-08-09 08:44:37',NULL),(1403,567,3,1,8.55,'2025-08-09 08:44:37','2025-08-09 08:44:37',NULL),(1404,567,22,3,12.40,'2025-08-09 08:44:37','2025-08-09 08:44:37',NULL),(1405,567,20,2,18.73,'2025-08-09 08:44:37','2025-08-09 08:44:37',NULL),(1406,568,12,3,19.16,'2025-08-09 08:44:37','2025-08-09 08:44:37',NULL),(1407,568,10,2,20.02,'2025-08-09 08:44:37','2025-08-09 08:44:37',NULL),(1408,568,8,3,17.03,'2025-08-09 08:44:37','2025-08-09 08:44:37',NULL),(1409,569,11,3,6.85,'2025-08-09 08:44:37','2025-08-09 08:44:37',NULL),(1410,569,18,1,17.10,'2025-08-09 08:44:37','2025-08-09 08:44:37',NULL),(1411,570,16,2,16.24,'2025-08-09 08:44:37','2025-08-09 08:44:37',NULL),(1412,570,22,2,12.40,'2025-08-09 08:44:37','2025-08-09 08:44:37',NULL),(1413,571,21,3,15.57,'2025-08-09 08:44:37','2025-08-09 08:44:37',NULL),(1414,571,4,3,24.79,'2025-08-09 08:44:37','2025-08-09 08:44:37',NULL),(1415,571,11,3,6.85,'2025-08-09 08:44:37','2025-08-09 08:44:37',NULL),(1416,571,13,3,12.23,'2025-08-09 08:44:37','2025-08-09 08:44:37',NULL),(1417,572,3,3,8.55,'2025-08-09 08:44:37','2025-08-09 08:44:37',NULL),(1418,572,10,3,20.02,'2025-08-09 08:44:37','2025-08-09 08:44:37',NULL),(1419,573,13,1,12.23,'2025-08-09 08:44:37','2025-08-09 08:44:37',NULL),(1420,574,13,2,12.23,'2025-08-09 08:44:37','2025-08-09 08:44:37',NULL),(1421,574,16,2,16.24,'2025-08-09 08:44:37','2025-08-09 08:44:37',NULL),(1422,574,19,2,5.58,'2025-08-09 08:44:37','2025-08-09 08:44:37',NULL),(1423,574,3,2,8.55,'2025-08-09 08:44:37','2025-08-09 08:44:37',NULL),(1424,575,5,1,23.15,'2025-08-09 08:44:37','2025-08-09 08:44:37',NULL),(1425,575,6,1,23.31,'2025-08-09 08:44:37','2025-08-09 08:44:37',NULL),(1426,576,18,2,17.10,'2025-08-09 08:44:37','2025-08-09 08:44:37',NULL),(1427,576,12,3,19.16,'2025-08-09 08:44:37','2025-08-09 08:44:37',NULL),(1428,577,22,1,12.40,'2025-08-09 08:44:37','2025-08-09 08:44:37',NULL),(1429,577,4,1,24.79,'2025-08-09 08:44:37','2025-08-09 08:44:37',NULL),(1430,578,19,1,5.58,'2025-08-09 08:44:37','2025-08-09 08:44:37',NULL),(1431,579,18,1,17.10,'2025-08-09 08:44:37','2025-08-09 08:44:37',NULL),(1432,579,15,2,24.27,'2025-08-09 08:44:37','2025-08-09 08:44:37',NULL),(1433,579,12,3,19.16,'2025-08-09 08:44:37','2025-08-09 08:44:37',NULL),(1434,579,5,1,23.15,'2025-08-09 08:44:37','2025-08-09 08:44:37',NULL),(1435,580,6,2,23.31,'2025-08-09 08:44:37','2025-08-09 08:44:37',NULL),(1436,580,9,2,7.06,'2025-08-09 08:44:37','2025-08-09 08:44:37',NULL),(1437,581,7,2,23.27,'2025-08-09 08:44:37','2025-08-09 08:44:37',NULL),(1438,582,22,1,12.40,'2025-08-09 08:44:37','2025-08-09 08:44:37',NULL),(1439,583,12,2,19.16,'2025-08-09 08:44:37','2025-08-09 08:44:37',NULL),(1440,584,17,3,9.68,'2025-08-09 08:44:37','2025-08-09 08:44:37',NULL),(1441,584,20,3,18.73,'2025-08-09 08:44:37','2025-08-09 08:44:37',NULL),(1442,584,22,3,12.40,'2025-08-09 08:44:37','2025-08-09 08:44:37',NULL),(1443,584,4,3,24.79,'2025-08-09 08:44:37','2025-08-09 08:44:37',NULL),(1444,585,18,2,17.10,'2025-08-09 08:44:37','2025-08-09 08:44:37',NULL),(1445,586,22,2,12.40,'2025-08-09 08:44:37','2025-08-09 08:44:37',NULL),(1446,586,8,1,17.03,'2025-08-09 08:44:37','2025-08-09 08:44:37',NULL),(1447,587,19,2,5.58,'2025-08-09 08:44:37','2025-08-09 08:44:37',NULL),(1448,587,16,3,16.24,'2025-08-09 08:44:37','2025-08-09 08:44:37',NULL),(1449,588,16,3,16.24,'2025-08-09 08:44:37','2025-08-09 08:44:37',NULL),(1450,589,11,2,6.85,'2025-08-09 08:44:38','2025-08-09 08:44:38',NULL),(1451,590,21,1,15.57,'2025-08-09 08:44:38','2025-08-09 08:44:38',NULL),(1452,590,17,1,9.68,'2025-08-09 08:44:38','2025-08-09 08:44:38',NULL),(1453,590,9,3,7.06,'2025-08-09 08:44:38','2025-08-09 08:44:38',NULL),(1454,591,20,2,18.73,'2025-08-09 08:44:38','2025-08-09 08:44:38',NULL),(1455,591,15,1,24.27,'2025-08-09 08:44:38','2025-08-09 08:44:38',NULL),(1456,591,7,3,23.27,'2025-08-09 08:44:38','2025-08-09 08:44:38',NULL),(1457,592,9,3,7.06,'2025-08-09 08:44:38','2025-08-09 08:44:38',NULL),(1458,592,16,2,16.24,'2025-08-09 08:44:38','2025-08-09 08:44:38',NULL),(1459,592,15,2,24.27,'2025-08-09 08:44:38','2025-08-09 08:44:38',NULL),(1460,592,3,2,8.55,'2025-08-09 08:44:38','2025-08-09 08:44:38',NULL),(1461,593,10,3,20.02,'2025-08-09 08:44:38','2025-08-09 08:44:38',NULL),(1462,593,9,2,7.06,'2025-08-09 08:44:38','2025-08-09 08:44:38',NULL),(1463,594,13,1,12.23,'2025-08-09 08:44:38','2025-08-09 08:44:38',NULL),(1464,595,11,2,6.85,'2025-08-09 08:44:38','2025-08-09 08:44:38',NULL),(1465,595,14,2,8.04,'2025-08-09 08:44:38','2025-08-09 08:44:38',NULL),(1466,595,8,1,17.03,'2025-08-09 08:44:38','2025-08-09 08:44:38',NULL),(1467,596,16,3,16.24,'2025-08-09 08:44:38','2025-08-09 08:44:38',NULL),(1468,596,18,2,17.10,'2025-08-09 08:44:38','2025-08-09 08:44:38',NULL),(1469,596,14,2,8.04,'2025-08-09 08:44:38','2025-08-09 08:44:38',NULL),(1470,596,3,2,8.55,'2025-08-09 08:44:38','2025-08-09 08:44:38',NULL),(1471,597,15,2,24.27,'2025-08-09 08:44:38','2025-08-09 08:44:38',NULL),(1472,597,5,2,23.15,'2025-08-09 08:44:38','2025-08-09 08:44:38',NULL),(1473,598,7,1,23.27,'2025-08-09 08:44:38','2025-08-09 08:44:38',NULL),(1474,598,5,1,23.15,'2025-08-09 08:44:38','2025-08-09 08:44:38',NULL),(1475,598,6,3,23.31,'2025-08-09 08:44:38','2025-08-09 08:44:38',NULL),(1476,598,13,3,12.23,'2025-08-09 08:44:38','2025-08-09 08:44:38',NULL),(1477,599,15,1,24.27,'2025-08-09 08:44:38','2025-08-09 08:44:38',NULL),(1478,599,3,1,8.55,'2025-08-09 08:44:38','2025-08-09 08:44:38',NULL),(1479,600,11,3,6.85,'2025-08-09 08:44:38','2025-08-09 08:44:38',NULL),(1480,600,22,1,12.40,'2025-08-09 08:44:38','2025-08-09 08:44:38',NULL),(1481,600,14,1,8.04,'2025-08-09 08:44:38','2025-08-09 08:44:38',NULL),(1482,601,13,3,12.23,'2025-08-09 08:44:38','2025-08-09 08:44:38',NULL),(1483,601,18,1,17.10,'2025-08-09 08:44:38','2025-08-09 08:44:38',NULL),(1484,601,21,1,15.57,'2025-08-09 08:44:38','2025-08-09 08:44:38',NULL),(1485,602,22,2,12.40,'2025-08-09 08:44:38','2025-08-09 08:44:38',NULL),(1486,602,13,2,12.23,'2025-08-09 08:44:38','2025-08-09 08:44:38',NULL),(1487,603,11,1,6.85,'2025-08-09 08:44:38','2025-08-09 08:44:38',NULL),(1488,604,12,3,19.16,'2025-08-09 08:44:38','2025-08-09 08:44:38',NULL),(1489,604,4,3,24.79,'2025-08-09 08:44:38','2025-08-09 08:44:38',NULL),(1490,604,16,2,16.24,'2025-08-09 08:44:38','2025-08-09 08:44:38',NULL),(1491,605,14,2,8.04,'2025-08-09 08:44:38','2025-08-09 08:44:38',NULL),(1492,605,6,3,23.31,'2025-08-09 08:44:38','2025-08-09 08:44:38',NULL),(1493,605,9,3,7.06,'2025-08-09 08:44:38','2025-08-09 08:44:38',NULL),(1494,605,15,2,24.27,'2025-08-09 08:44:38','2025-08-09 08:44:38',NULL),(1495,606,6,2,23.31,'2025-08-09 08:44:38','2025-08-09 08:44:38',NULL),(1496,606,4,2,24.79,'2025-08-09 08:44:38','2025-08-09 08:44:38',NULL),(1497,607,11,2,6.85,'2025-08-09 08:44:38','2025-08-09 08:44:38',NULL),(1498,607,10,1,20.02,'2025-08-09 08:44:38','2025-08-09 08:44:38',NULL),(1499,607,7,1,23.27,'2025-08-09 08:44:38','2025-08-09 08:44:38',NULL),(1500,608,21,3,15.57,'2025-08-09 08:44:38','2025-08-09 08:44:38',NULL),(1501,608,8,1,17.03,'2025-08-09 08:44:38','2025-08-09 08:44:38',NULL),(1502,608,7,3,23.27,'2025-08-09 08:44:38','2025-08-09 08:44:38',NULL),(1503,608,9,2,7.06,'2025-08-09 08:44:38','2025-08-09 08:44:38',NULL),(1504,609,4,1,24.79,'2025-08-09 08:44:38','2025-08-09 08:44:38',NULL),(1505,609,22,1,12.40,'2025-08-09 08:44:38','2025-08-09 08:44:38',NULL),(1506,609,17,2,9.68,'2025-08-09 08:44:38','2025-08-09 08:44:38',NULL),(1507,610,5,2,23.15,'2025-08-09 08:44:38','2025-08-09 08:44:38',NULL),(1508,611,12,3,19.16,'2025-08-09 08:44:38','2025-08-09 08:44:38',NULL),(1509,612,8,3,17.03,'2025-08-09 08:44:38','2025-08-09 08:44:38',NULL),(1510,612,4,2,24.79,'2025-08-09 08:44:38','2025-08-09 08:44:38',NULL),(1511,612,14,2,8.04,'2025-08-09 08:44:38','2025-08-09 08:44:38',NULL),(1512,613,7,1,23.27,'2025-08-09 08:44:38','2025-08-09 08:44:38',NULL),(1513,613,17,1,9.68,'2025-08-09 08:44:38','2025-08-09 08:44:38',NULL),(1514,614,14,3,8.04,'2025-08-09 08:44:38','2025-08-09 08:44:38',NULL),(1515,614,18,1,17.10,'2025-08-09 08:44:38','2025-08-09 08:44:38',NULL),(1516,615,19,1,5.58,'2025-08-09 08:44:38','2025-08-09 08:44:38',NULL),(1517,615,15,1,24.27,'2025-08-09 08:44:38','2025-08-09 08:44:38',NULL),(1518,616,13,2,12.23,'2025-08-09 08:44:38','2025-08-09 08:44:38',NULL),(1519,617,7,3,23.27,'2025-08-09 08:44:38','2025-08-09 08:44:38',NULL),(1520,618,14,3,8.04,'2025-08-09 08:44:38','2025-08-09 08:44:38',NULL),(1521,618,21,3,15.57,'2025-08-09 08:44:38','2025-08-09 08:44:38',NULL),(1522,619,6,3,23.31,'2025-08-09 08:44:38','2025-08-09 08:44:38',NULL),(1523,619,19,1,5.58,'2025-08-09 08:44:38','2025-08-09 08:44:38',NULL),(1524,619,3,2,8.55,'2025-08-09 08:44:38','2025-08-09 08:44:38',NULL),(1525,619,15,2,24.27,'2025-08-09 08:44:38','2025-08-09 08:44:38',NULL),(1526,620,16,1,16.24,'2025-08-09 08:44:38','2025-08-09 08:44:38',NULL),(1527,620,3,3,8.55,'2025-08-09 08:44:38','2025-08-09 08:44:38',NULL),(1528,621,7,1,23.27,'2025-08-09 08:44:38','2025-08-09 08:44:38',NULL),(1529,622,15,1,24.27,'2025-08-09 08:44:38','2025-08-09 08:44:38',NULL),(1530,622,6,2,23.31,'2025-08-09 08:44:38','2025-08-09 08:44:38',NULL),(1531,623,20,1,18.73,'2025-08-09 08:44:38','2025-08-09 08:44:38',NULL),(1532,623,8,1,17.03,'2025-08-09 08:44:38','2025-08-09 08:44:38',NULL),(1533,623,13,2,12.23,'2025-08-09 08:44:38','2025-08-09 08:44:38',NULL),(1534,624,16,3,16.24,'2025-08-09 08:44:38','2025-08-09 08:44:38',NULL),(1535,625,15,2,24.27,'2025-08-09 08:44:39','2025-08-09 08:44:39',NULL),(1536,626,22,3,12.40,'2025-08-09 08:44:39','2025-08-09 08:44:39',NULL),(1537,626,4,1,24.79,'2025-08-09 08:44:39','2025-08-09 08:44:39',NULL),(1538,626,15,1,24.27,'2025-08-09 08:44:39','2025-08-09 08:44:39',NULL),(1539,626,16,3,16.24,'2025-08-09 08:44:39','2025-08-09 08:44:39',NULL),(1540,627,9,2,7.06,'2025-08-09 08:44:39','2025-08-09 08:44:39',NULL),(1541,627,18,1,17.10,'2025-08-09 08:44:39','2025-08-09 08:44:39',NULL),(1542,627,21,2,15.57,'2025-08-09 08:44:39','2025-08-09 08:44:39',NULL),(1543,627,4,3,24.79,'2025-08-09 08:44:39','2025-08-09 08:44:39',NULL),(1544,628,8,2,17.03,'2025-08-09 08:44:39','2025-08-09 08:44:39',NULL),(1545,629,9,3,7.06,'2025-08-09 08:44:39','2025-08-09 08:44:39',NULL),(1546,629,20,1,18.73,'2025-08-09 08:44:39','2025-08-09 08:44:39',NULL),(1547,629,4,1,24.79,'2025-08-09 08:44:39','2025-08-09 08:44:39',NULL),(1548,629,22,1,12.40,'2025-08-09 08:44:39','2025-08-09 08:44:39',NULL),(1549,630,18,1,17.10,'2025-08-09 08:44:39','2025-08-09 08:44:39',NULL),(1550,630,21,1,15.57,'2025-08-09 08:44:39','2025-08-09 08:44:39',NULL),(1551,630,5,2,23.15,'2025-08-09 08:44:39','2025-08-09 08:44:39',NULL),(1552,631,5,3,23.15,'2025-08-09 08:44:39','2025-08-09 08:44:39',NULL),(1553,631,22,3,12.40,'2025-08-09 08:44:39','2025-08-09 08:44:39',NULL),(1554,631,11,1,6.85,'2025-08-09 08:44:39','2025-08-09 08:44:39',NULL),(1555,631,12,3,19.16,'2025-08-09 08:44:39','2025-08-09 08:44:39',NULL),(1556,632,20,3,18.73,'2025-08-09 08:44:39','2025-08-09 08:44:39',NULL),(1557,632,7,2,23.27,'2025-08-09 08:44:39','2025-08-09 08:44:39',NULL),(1558,632,8,3,17.03,'2025-08-09 08:44:39','2025-08-09 08:44:39',NULL),(1559,633,10,2,20.02,'2025-08-09 08:44:39','2025-08-09 08:44:39',NULL),(1560,633,20,2,18.73,'2025-08-09 08:44:39','2025-08-09 08:44:39',NULL),(1561,633,13,1,12.23,'2025-08-09 08:44:39','2025-08-09 08:44:39',NULL),(1562,634,8,1,17.03,'2025-08-09 08:44:39','2025-08-09 08:44:39',NULL),(1563,634,9,2,7.06,'2025-08-09 08:44:39','2025-08-09 08:44:39',NULL),(1564,634,20,2,18.73,'2025-08-09 08:44:39','2025-08-09 08:44:39',NULL),(1565,634,14,2,8.04,'2025-08-09 08:44:39','2025-08-09 08:44:39',NULL),(1566,635,7,3,23.27,'2025-08-09 08:44:39','2025-08-09 08:44:39',NULL),(1567,635,6,1,23.31,'2025-08-09 08:44:39','2025-08-09 08:44:39',NULL),(1568,635,17,2,9.68,'2025-08-09 08:44:39','2025-08-09 08:44:39',NULL),(1569,636,17,3,9.68,'2025-08-09 08:44:39','2025-08-09 08:44:39',NULL),(1570,637,13,1,12.23,'2025-08-09 08:44:39','2025-08-09 08:44:39',NULL),(1571,637,3,2,8.55,'2025-08-09 08:44:39','2025-08-09 08:44:39',NULL),(1572,638,16,3,16.24,'2025-08-09 08:44:39','2025-08-09 08:44:39',NULL),(1573,638,21,2,15.57,'2025-08-09 08:44:39','2025-08-09 08:44:39',NULL),(1574,639,6,3,23.31,'2025-08-09 08:44:39','2025-08-09 08:44:39',NULL),(1575,640,19,3,5.58,'2025-08-09 08:44:39','2025-08-09 08:44:39',NULL),(1576,640,22,3,12.40,'2025-08-09 08:44:39','2025-08-09 08:44:39',NULL),(1577,641,7,1,23.27,'2025-08-09 08:44:39','2025-08-09 08:44:39',NULL),(1578,641,5,3,23.15,'2025-08-09 08:44:39','2025-08-09 08:44:39',NULL),(1579,641,21,3,15.57,'2025-08-09 08:44:39','2025-08-09 08:44:39',NULL),(1580,642,14,2,8.04,'2025-08-09 08:44:39','2025-08-09 08:44:39',NULL),(1581,642,5,1,23.15,'2025-08-09 08:44:39','2025-08-09 08:44:39',NULL),(1582,643,22,2,12.40,'2025-08-09 08:44:39','2025-08-09 08:44:39',NULL),(1583,644,18,3,17.10,'2025-08-09 08:44:39','2025-08-09 08:44:39',NULL),(1584,644,5,3,23.15,'2025-08-09 08:44:39','2025-08-09 08:44:39',NULL),(1585,644,17,3,9.68,'2025-08-09 08:44:39','2025-08-09 08:44:39',NULL),(1586,645,7,1,23.27,'2025-08-09 08:44:39','2025-08-09 08:44:39',NULL),(1587,645,17,2,9.68,'2025-08-09 08:44:39','2025-08-09 08:44:39',NULL),(1588,646,22,1,12.40,'2025-08-09 08:44:39','2025-08-09 08:44:39',NULL),(1589,647,12,1,19.16,'2025-08-09 08:44:39','2025-08-09 08:44:39',NULL),(1590,647,20,1,18.73,'2025-08-09 08:44:39','2025-08-09 08:44:39',NULL),(1591,647,19,3,5.58,'2025-08-09 08:44:39','2025-08-09 08:44:39',NULL),(1592,648,7,1,23.27,'2025-08-09 08:44:39','2025-08-09 08:44:39',NULL),(1593,648,19,1,5.58,'2025-08-09 08:44:39','2025-08-09 08:44:39',NULL),(1594,649,10,2,20.02,'2025-08-09 08:44:39','2025-08-09 08:44:39',NULL),(1595,649,4,3,24.79,'2025-08-09 08:44:39','2025-08-09 08:44:39',NULL),(1596,649,20,1,18.73,'2025-08-09 08:44:39','2025-08-09 08:44:39',NULL),(1597,650,19,3,5.58,'2025-08-09 08:44:39','2025-08-09 08:44:39',NULL),(1598,650,5,2,23.15,'2025-08-09 08:44:39','2025-08-09 08:44:39',NULL),(1599,651,4,3,24.79,'2025-08-09 08:44:39','2025-08-09 08:44:39',NULL),(1600,651,16,1,16.24,'2025-08-09 08:44:39','2025-08-09 08:44:39',NULL),(1601,651,17,2,9.68,'2025-08-09 08:44:39','2025-08-09 08:44:39',NULL),(1602,652,11,1,6.85,'2025-08-09 08:44:39','2025-08-09 08:44:39',NULL),(1603,652,18,2,17.10,'2025-08-09 08:44:39','2025-08-09 08:44:39',NULL),(1604,652,13,3,12.23,'2025-08-09 08:44:39','2025-08-09 08:44:39',NULL),(1605,652,8,1,17.03,'2025-08-09 08:44:39','2025-08-09 08:44:39',NULL),(1606,653,8,2,17.03,'2025-08-09 08:44:39','2025-08-09 08:44:39',NULL),(1607,654,11,2,6.85,'2025-08-09 08:44:39','2025-08-09 08:44:39',NULL),(1608,654,15,3,24.27,'2025-08-09 08:44:39','2025-08-09 08:44:39',NULL),(1609,655,10,3,20.02,'2025-08-09 08:44:39','2025-08-09 08:44:39',NULL),(1610,655,6,1,23.31,'2025-08-09 08:44:39','2025-08-09 08:44:39',NULL),(1611,655,21,3,15.57,'2025-08-09 08:44:39','2025-08-09 08:44:39',NULL),(1612,656,13,1,12.23,'2025-08-09 08:44:39','2025-08-09 08:44:39',NULL),(1613,657,5,2,23.15,'2025-08-09 08:44:39','2025-08-09 08:44:39',NULL),(1614,657,3,2,8.55,'2025-08-09 08:44:39','2025-08-09 08:44:39',NULL),(1615,657,6,1,23.31,'2025-08-09 08:44:39','2025-08-09 08:44:39',NULL),(1616,657,10,1,20.02,'2025-08-09 08:44:39','2025-08-09 08:44:39',NULL),(1617,658,7,3,23.27,'2025-08-09 08:44:39','2025-08-09 08:44:39',NULL),(1618,658,14,3,8.04,'2025-08-09 08:44:39','2025-08-09 08:44:39',NULL),(1619,658,15,3,24.27,'2025-08-09 08:44:39','2025-08-09 08:44:39',NULL),(1620,659,7,2,23.27,'2025-08-09 08:44:39','2025-08-09 08:44:39',NULL),(1621,659,12,1,19.16,'2025-08-09 08:44:40','2025-08-09 08:44:40',NULL),(1622,659,13,3,12.23,'2025-08-09 08:44:40','2025-08-09 08:44:40',NULL),(1623,659,20,1,18.73,'2025-08-09 08:44:40','2025-08-09 08:44:40',NULL),(1624,660,19,3,5.58,'2025-08-09 08:44:40','2025-08-09 08:44:40',NULL),(1625,660,16,2,16.24,'2025-08-09 08:44:40','2025-08-09 08:44:40',NULL),(1626,660,17,1,9.68,'2025-08-09 08:44:40','2025-08-09 08:44:40',NULL),(1627,661,14,2,8.04,'2025-08-09 08:44:40','2025-08-09 08:44:40',NULL),(1628,661,8,3,17.03,'2025-08-09 08:44:40','2025-08-09 08:44:40',NULL),(1629,661,21,3,15.57,'2025-08-09 08:44:40','2025-08-09 08:44:40',NULL),(1630,661,15,2,24.27,'2025-08-09 08:44:40','2025-08-09 08:44:40',NULL),(1631,662,13,2,12.23,'2025-08-09 08:44:40','2025-08-09 08:44:40',NULL),(1632,662,10,2,20.02,'2025-08-09 08:44:40','2025-08-09 08:44:40',NULL),(1633,662,16,2,16.24,'2025-08-09 08:44:40','2025-08-09 08:44:40',NULL),(1634,662,6,1,23.31,'2025-08-09 08:44:40','2025-08-09 08:44:40',NULL),(1635,663,11,1,6.85,'2025-08-09 08:44:40','2025-08-09 08:44:40',NULL),(1636,663,10,1,20.02,'2025-08-09 08:44:40','2025-08-09 08:44:40',NULL),(1637,663,19,2,5.58,'2025-08-09 08:44:40','2025-08-09 08:44:40',NULL),(1638,663,20,1,18.73,'2025-08-09 08:44:40','2025-08-09 08:44:40',NULL),(1639,664,19,3,5.58,'2025-08-09 08:44:40','2025-08-09 08:44:40',NULL),(1640,664,20,1,18.73,'2025-08-09 08:44:40','2025-08-09 08:44:40',NULL),(1641,664,13,3,12.23,'2025-08-09 08:44:40','2025-08-09 08:44:40',NULL),(1642,665,3,3,8.55,'2025-08-09 08:44:40','2025-08-09 08:44:40',NULL),(1643,665,11,2,6.85,'2025-08-09 08:44:40','2025-08-09 08:44:40',NULL),(1644,666,9,1,7.06,'2025-08-09 08:44:40','2025-08-09 08:44:40',NULL),(1645,666,10,3,20.02,'2025-08-09 08:44:40','2025-08-09 08:44:40',NULL),(1646,667,11,2,6.85,'2025-08-09 08:44:40','2025-08-09 08:44:40',NULL),(1647,667,18,2,17.10,'2025-08-09 08:44:40','2025-08-09 08:44:40',NULL),(1648,667,16,1,16.24,'2025-08-09 08:44:40','2025-08-09 08:44:40',NULL),(1649,667,22,2,12.40,'2025-08-09 08:44:40','2025-08-09 08:44:40',NULL),(1650,668,11,1,6.85,'2025-08-09 08:44:40','2025-08-09 08:44:40',NULL),(1651,668,10,2,20.02,'2025-08-09 08:44:40','2025-08-09 08:44:40',NULL),(1652,669,21,1,15.57,'2025-08-09 08:44:40','2025-08-09 08:44:40',NULL),(1653,669,8,1,17.03,'2025-08-09 08:44:40','2025-08-09 08:44:40',NULL),(1654,669,18,1,17.10,'2025-08-09 08:44:40','2025-08-09 08:44:40',NULL),(1655,669,22,1,12.40,'2025-08-09 08:44:40','2025-08-09 08:44:40',NULL),(1656,670,11,1,6.85,'2025-08-09 08:44:40','2025-08-09 08:44:40',NULL),(1657,670,4,2,24.79,'2025-08-09 08:44:40','2025-08-09 08:44:40',NULL),(1658,671,20,3,18.73,'2025-08-09 08:44:40','2025-08-09 08:44:40',NULL),(1659,671,6,2,23.31,'2025-08-09 08:44:40','2025-08-09 08:44:40',NULL),(1660,672,3,3,8.55,'2025-08-09 08:44:40','2025-08-09 08:44:40',NULL),(1661,672,10,1,20.02,'2025-08-09 08:44:40','2025-08-09 08:44:40',NULL),(1662,672,13,2,12.23,'2025-08-09 08:44:40','2025-08-09 08:44:40',NULL),(1663,673,22,1,12.40,'2025-08-09 08:44:40','2025-08-09 08:44:40',NULL),(1664,673,20,2,18.73,'2025-08-09 08:44:40','2025-08-09 08:44:40',NULL),(1665,674,10,2,20.02,'2025-08-09 08:44:40','2025-08-09 08:44:40',NULL),(1666,674,18,3,17.10,'2025-08-09 08:44:40','2025-08-09 08:44:40',NULL),(1667,675,6,3,23.31,'2025-08-09 08:44:40','2025-08-09 08:44:40',NULL),(1668,675,15,1,24.27,'2025-08-09 08:44:40','2025-08-09 08:44:40',NULL),(1669,675,4,2,24.79,'2025-08-09 08:44:40','2025-08-09 08:44:40',NULL),(1670,675,10,1,20.02,'2025-08-09 08:44:40','2025-08-09 08:44:40',NULL),(1671,676,21,1,15.57,'2025-08-09 08:44:40','2025-08-09 08:44:40',NULL),(1672,677,8,2,17.03,'2025-08-09 08:44:40','2025-08-09 08:44:40',NULL),(1673,677,11,2,6.85,'2025-08-09 08:44:40','2025-08-09 08:44:40',NULL),(1674,678,17,1,9.68,'2025-08-09 08:44:40','2025-08-09 08:44:40',NULL),(1675,678,7,1,23.27,'2025-08-09 08:44:40','2025-08-09 08:44:40',NULL),(1676,678,20,3,18.73,'2025-08-09 08:44:40','2025-08-09 08:44:40',NULL),(1677,679,10,3,20.02,'2025-08-09 08:44:40','2025-08-09 08:44:40',NULL),(1678,680,16,2,16.24,'2025-08-09 08:44:40','2025-08-09 08:44:40',NULL),(1679,680,10,2,20.02,'2025-08-09 08:44:40','2025-08-09 08:44:40',NULL),(1680,680,21,1,15.57,'2025-08-09 08:44:40','2025-08-09 08:44:40',NULL),(1681,681,18,3,17.10,'2025-08-09 08:44:40','2025-08-09 08:44:40',NULL),(1682,681,12,2,19.16,'2025-08-09 08:44:40','2025-08-09 08:44:40',NULL),(1683,682,22,3,12.40,'2025-08-09 08:44:40','2025-08-09 08:44:40',NULL),(1684,682,17,1,9.68,'2025-08-09 08:44:40','2025-08-09 08:44:40',NULL),(1685,682,16,1,16.24,'2025-08-09 08:44:40','2025-08-09 08:44:40',NULL),(1686,683,13,2,12.23,'2025-08-09 08:44:40','2025-08-09 08:44:40',NULL),(1687,684,16,2,16.24,'2025-08-09 08:44:40','2025-08-09 08:44:40',NULL),(1688,684,12,3,19.16,'2025-08-09 08:44:40','2025-08-09 08:44:40',NULL),(1689,685,7,2,23.27,'2025-08-09 08:44:40','2025-08-09 08:44:40',NULL),(1690,685,3,2,8.55,'2025-08-09 08:44:40','2025-08-09 08:44:40',NULL),(1691,686,13,3,12.23,'2025-08-09 08:44:40','2025-08-09 08:44:40',NULL),(1692,687,9,1,7.06,'2025-08-09 08:44:40','2025-08-09 08:44:40',NULL),(1693,687,3,1,8.55,'2025-08-09 08:44:40','2025-08-09 08:44:40',NULL),(1694,687,6,3,23.31,'2025-08-09 08:44:40','2025-08-09 08:44:40',NULL),(1695,688,16,3,16.24,'2025-08-09 08:44:40','2025-08-09 08:44:40',NULL),(1696,688,19,3,5.58,'2025-08-09 08:44:40','2025-08-09 08:44:40',NULL),(1697,688,9,3,7.06,'2025-08-09 08:44:40','2025-08-09 08:44:40',NULL),(1698,689,6,3,23.31,'2025-08-09 08:44:40','2025-08-09 08:44:40',NULL),(1699,690,10,2,20.02,'2025-08-09 08:44:40','2025-08-09 08:44:40',NULL),(1700,691,15,1,24.27,'2025-08-09 08:44:40','2025-08-09 08:44:40',NULL),(1701,692,7,1,23.27,'2025-08-09 08:44:40','2025-08-09 08:44:40',NULL),(1702,692,12,3,19.16,'2025-08-09 08:44:40','2025-08-09 08:44:40',NULL),(1703,692,4,2,24.79,'2025-08-09 08:44:40','2025-08-09 08:44:40',NULL),(1704,692,14,2,8.04,'2025-08-09 08:44:40','2025-08-09 08:44:40',NULL),(1705,693,14,1,8.04,'2025-08-09 08:44:40','2025-08-09 08:44:40',NULL),(1706,693,19,3,5.58,'2025-08-09 08:44:40','2025-08-09 08:44:40',NULL),(1707,693,20,3,18.73,'2025-08-09 08:44:40','2025-08-09 08:44:40',NULL),(1708,693,3,1,8.55,'2025-08-09 08:44:41','2025-08-09 08:44:41',NULL),(1709,694,16,2,16.24,'2025-08-09 08:44:41','2025-08-09 08:44:41',NULL),(1710,694,20,1,18.73,'2025-08-09 08:44:41','2025-08-09 08:44:41',NULL),(1711,695,19,1,5.58,'2025-08-09 08:44:41','2025-08-09 08:44:41',NULL),(1712,696,9,1,7.06,'2025-08-09 08:44:41','2025-08-09 08:44:41',NULL),(1713,696,20,1,18.73,'2025-08-09 08:44:41','2025-08-09 08:44:41',NULL),(1714,697,4,3,24.79,'2025-08-09 08:44:41','2025-08-09 08:44:41',NULL),(1715,697,3,1,8.55,'2025-08-09 08:44:41','2025-08-09 08:44:41',NULL),(1716,698,20,1,18.73,'2025-08-09 08:44:41','2025-08-09 08:44:41',NULL),(1717,699,18,3,17.10,'2025-08-09 08:44:41','2025-08-09 08:44:41',NULL),(1718,699,16,1,16.24,'2025-08-09 08:44:41','2025-08-09 08:44:41',NULL),(1719,699,22,3,12.40,'2025-08-09 08:44:41','2025-08-09 08:44:41',NULL),(1720,699,13,2,12.23,'2025-08-09 08:44:41','2025-08-09 08:44:41',NULL),(1721,700,7,1,23.27,'2025-08-09 08:44:41','2025-08-09 08:44:41',NULL),(1722,700,21,1,15.57,'2025-08-09 08:44:41','2025-08-09 08:44:41',NULL),(1723,701,15,1,24.27,'2025-08-09 08:44:41','2025-08-09 08:44:41',NULL),(1724,701,3,1,8.55,'2025-08-09 08:44:41','2025-08-09 08:44:41',NULL),(1725,702,14,2,8.04,'2025-08-09 08:44:41','2025-08-09 08:44:41',NULL),(1726,702,9,2,7.06,'2025-08-09 08:44:41','2025-08-09 08:44:41',NULL),(1727,702,16,3,16.24,'2025-08-09 08:44:41','2025-08-09 08:44:41',NULL),(1728,702,13,1,12.23,'2025-08-09 08:44:41','2025-08-09 08:44:41',NULL),(1729,703,11,3,6.85,'2025-08-09 08:44:41','2025-08-09 08:44:41',NULL),(1730,703,10,2,20.02,'2025-08-09 08:44:41','2025-08-09 08:44:41',NULL),(1731,704,3,1,8.55,'2025-08-09 08:44:41','2025-08-09 08:44:41',NULL),(1732,705,7,2,23.27,'2025-08-09 08:44:41','2025-08-09 08:44:41',NULL),(1733,705,6,1,23.31,'2025-08-09 08:44:41','2025-08-09 08:44:41',NULL),(1734,706,6,3,23.31,'2025-08-09 08:44:41','2025-08-09 08:44:41',NULL),(1735,707,7,3,23.27,'2025-08-09 08:44:41','2025-08-09 08:44:41',NULL),(1736,707,3,1,8.55,'2025-08-09 08:44:41','2025-08-09 08:44:41',NULL),(1737,707,10,1,20.02,'2025-08-09 08:44:41','2025-08-09 08:44:41',NULL),(1738,707,14,1,8.04,'2025-08-09 08:44:41','2025-08-09 08:44:41',NULL),(1739,708,7,1,23.27,'2025-08-09 08:44:41','2025-08-09 08:44:41',NULL),(1740,708,5,3,23.15,'2025-08-09 08:44:41','2025-08-09 08:44:41',NULL),(1741,708,17,1,9.68,'2025-08-09 08:44:41','2025-08-09 08:44:41',NULL),(1742,708,11,3,6.85,'2025-08-09 08:44:41','2025-08-09 08:44:41',NULL),(1743,709,16,3,16.24,'2025-08-09 08:44:41','2025-08-09 08:44:41',NULL),(1744,709,20,3,18.73,'2025-08-09 08:44:41','2025-08-09 08:44:41',NULL),(1745,710,6,2,23.31,'2025-08-09 08:44:41','2025-08-09 08:44:41',NULL),(1746,710,17,2,9.68,'2025-08-09 08:44:41','2025-08-09 08:44:41',NULL),(1747,710,8,1,17.03,'2025-08-09 08:44:41','2025-08-09 08:44:41',NULL),(1748,711,10,2,20.02,'2025-08-09 08:44:41','2025-08-09 08:44:41',NULL),(1749,711,8,2,17.03,'2025-08-09 08:44:41','2025-08-09 08:44:41',NULL),(1750,711,17,1,9.68,'2025-08-09 08:44:41','2025-08-09 08:44:41',NULL),(1751,711,12,2,19.16,'2025-08-09 08:44:41','2025-08-09 08:44:41',NULL),(1752,712,3,3,8.55,'2025-08-09 08:44:41','2025-08-09 08:44:41',NULL),(1753,712,19,2,5.58,'2025-08-09 08:44:41','2025-08-09 08:44:41',NULL),(1754,713,12,3,19.16,'2025-08-09 08:44:41','2025-08-09 08:44:41',NULL),(1755,713,4,3,24.79,'2025-08-09 08:44:41','2025-08-09 08:44:41',NULL),(1756,714,22,2,12.40,'2025-08-09 08:44:41','2025-08-09 08:44:41',NULL),(1757,714,8,2,17.03,'2025-08-09 08:44:41','2025-08-09 08:44:41',NULL),(1758,715,16,3,16.24,'2025-08-09 08:44:41','2025-08-09 08:44:41',NULL),(1759,715,20,2,18.73,'2025-08-09 08:44:41','2025-08-09 08:44:41',NULL),(1760,716,14,2,8.04,'2025-08-09 08:44:41','2025-08-09 08:44:41',NULL),(1761,716,20,1,18.73,'2025-08-09 08:44:41','2025-08-09 08:44:41',NULL),(1762,716,17,1,9.68,'2025-08-09 08:44:41','2025-08-09 08:44:41',NULL),(1763,717,12,2,19.16,'2025-08-09 08:44:41','2025-08-09 08:44:41',NULL),(1764,718,10,1,20.02,'2025-08-09 08:44:41','2025-08-09 08:44:41',NULL),(1765,719,6,2,23.31,'2025-08-09 08:44:41','2025-08-09 08:44:41',NULL),(1766,720,22,3,12.40,'2025-08-09 08:44:41','2025-08-09 08:44:41',NULL),(1767,720,16,1,16.24,'2025-08-09 08:44:41','2025-08-09 08:44:41',NULL),(1768,720,7,2,23.27,'2025-08-09 08:44:41','2025-08-09 08:44:41',NULL),(1769,720,11,1,6.85,'2025-08-09 08:44:41','2025-08-09 08:44:41',NULL),(1770,721,16,3,16.24,'2025-08-09 08:44:41','2025-08-09 08:44:41',NULL),(1771,721,11,3,6.85,'2025-08-09 08:44:41','2025-08-09 08:44:41',NULL),(1772,721,15,3,24.27,'2025-08-09 08:44:41','2025-08-09 08:44:41',NULL),(1773,722,7,2,23.27,'2025-08-09 08:44:41','2025-08-09 08:44:41',NULL),(1774,723,11,3,6.85,'2025-08-09 08:44:41','2025-08-09 08:44:41',NULL),(1775,723,17,1,9.68,'2025-08-09 08:44:41','2025-08-09 08:44:41',NULL),(1776,723,21,1,15.57,'2025-08-09 08:44:41','2025-08-09 08:44:41',NULL),(1777,724,16,1,16.24,'2025-08-09 08:44:41','2025-08-09 08:44:41',NULL),(1778,725,7,2,23.27,'2025-08-09 08:44:41','2025-08-09 08:44:41',NULL),(1779,726,4,3,24.79,'2025-08-09 08:44:41','2025-08-09 08:44:41',NULL),(1780,726,8,3,17.03,'2025-08-09 08:44:41','2025-08-09 08:44:41',NULL),(1781,726,7,2,23.27,'2025-08-09 08:44:41','2025-08-09 08:44:41',NULL),(1782,727,14,1,8.04,'2025-08-09 08:44:41','2025-08-09 08:44:41',NULL),(1783,727,4,2,24.79,'2025-08-09 08:44:42','2025-08-09 08:44:42',NULL),(1784,727,9,1,7.06,'2025-08-09 08:44:42','2025-08-09 08:44:42',NULL),(1785,727,22,1,12.40,'2025-08-09 08:44:42','2025-08-09 08:44:42',NULL),(1786,728,18,3,17.10,'2025-08-09 08:44:42','2025-08-09 08:44:42',NULL),(1787,728,9,1,7.06,'2025-08-09 08:44:42','2025-08-09 08:44:42',NULL),(1788,728,14,1,8.04,'2025-08-09 08:44:42','2025-08-09 08:44:42',NULL),(1789,729,5,3,23.15,'2025-08-09 08:44:42','2025-08-09 08:44:42',NULL),(1790,729,22,2,12.40,'2025-08-09 08:44:42','2025-08-09 08:44:42',NULL),(1791,730,13,1,12.23,'2025-08-09 08:44:42','2025-08-09 08:44:42',NULL),(1792,730,5,2,23.15,'2025-08-09 08:44:42','2025-08-09 08:44:42',NULL),(1793,730,11,3,6.85,'2025-08-09 08:44:42','2025-08-09 08:44:42',NULL),(1794,730,18,3,17.10,'2025-08-09 08:44:42','2025-08-09 08:44:42',NULL),(1795,731,4,1,24.79,'2025-08-09 08:44:42','2025-08-09 08:44:42',NULL),(1796,731,7,2,23.27,'2025-08-09 08:44:42','2025-08-09 08:44:42',NULL),(1797,732,19,1,5.58,'2025-08-09 08:44:42','2025-08-09 08:44:42',NULL),(1798,732,4,1,24.79,'2025-08-09 08:44:42','2025-08-09 08:44:42',NULL),(1799,733,19,1,5.58,'2025-08-09 08:44:42','2025-08-09 08:44:42',NULL),(1800,734,6,3,23.31,'2025-08-09 08:44:42','2025-08-09 08:44:42',NULL),(1801,734,5,3,23.15,'2025-08-09 08:44:42','2025-08-09 08:44:42',NULL),(1802,735,8,2,17.03,'2025-08-09 08:44:42','2025-08-09 08:44:42',NULL),(1803,735,21,1,15.57,'2025-08-09 08:44:42','2025-08-09 08:44:42',NULL),(1804,735,5,2,23.15,'2025-08-09 08:44:42','2025-08-09 08:44:42',NULL),(1805,735,19,3,5.58,'2025-08-09 08:44:42','2025-08-09 08:44:42',NULL),(1806,736,19,2,5.58,'2025-08-09 08:44:42','2025-08-09 08:44:42',NULL),(1807,736,8,3,17.03,'2025-08-09 08:44:42','2025-08-09 08:44:42',NULL),(1808,736,4,2,24.79,'2025-08-09 08:44:42','2025-08-09 08:44:42',NULL),(1809,736,22,3,12.40,'2025-08-09 08:44:42','2025-08-09 08:44:42',NULL),(1810,737,14,2,8.04,'2025-08-09 08:44:42','2025-08-09 08:44:42',NULL),(1811,738,4,1,24.79,'2025-08-09 08:44:42','2025-08-09 08:44:42',NULL),(1812,738,14,2,8.04,'2025-08-09 08:44:42','2025-08-09 08:44:42',NULL),(1813,738,12,3,19.16,'2025-08-09 08:44:42','2025-08-09 08:44:42',NULL),(1814,738,22,3,12.40,'2025-08-09 08:44:42','2025-08-09 08:44:42',NULL),(1815,739,19,3,5.58,'2025-08-09 08:44:42','2025-08-09 08:44:42',NULL),(1816,739,5,2,23.15,'2025-08-09 08:44:42','2025-08-09 08:44:42',NULL),(1817,739,9,3,7.06,'2025-08-09 08:44:42','2025-08-09 08:44:42',NULL),(1818,739,21,3,15.57,'2025-08-09 08:44:42','2025-08-09 08:44:42',NULL),(1819,740,8,2,17.03,'2025-08-09 08:44:42','2025-08-09 08:44:42',NULL),(1820,741,11,3,6.85,'2025-08-09 08:44:42','2025-08-09 08:44:42',NULL),(1821,741,16,2,16.24,'2025-08-09 08:44:42','2025-08-09 08:44:42',NULL),(1822,741,9,1,7.06,'2025-08-09 08:44:42','2025-08-09 08:44:42',NULL),(1823,741,5,2,23.15,'2025-08-09 08:44:42','2025-08-09 08:44:42',NULL),(1824,742,5,3,23.15,'2025-08-09 08:44:42','2025-08-09 08:44:42',NULL),(1825,743,4,1,24.79,'2025-08-09 08:44:42','2025-08-09 08:44:42',NULL),(1826,743,10,2,20.02,'2025-08-09 08:44:42','2025-08-09 08:44:42',NULL),(1827,744,8,2,17.03,'2025-08-09 08:44:42','2025-08-09 08:44:42',NULL),(1828,745,6,3,23.31,'2025-08-09 08:44:42','2025-08-09 08:44:42',NULL),(1829,745,15,3,24.27,'2025-08-09 08:44:42','2025-08-09 08:44:42',NULL),(1830,746,6,1,23.31,'2025-08-09 08:44:42','2025-08-09 08:44:42',NULL),(1831,746,10,3,20.02,'2025-08-09 08:44:42','2025-08-09 08:44:42',NULL),(1832,746,11,2,6.85,'2025-08-09 08:44:42','2025-08-09 08:44:42',NULL),(1833,747,20,2,18.73,'2025-08-09 08:44:42','2025-08-09 08:44:42',NULL),(1834,747,14,2,8.04,'2025-08-09 08:44:42','2025-08-09 08:44:42',NULL),(1835,748,12,2,19.16,'2025-08-09 08:44:42','2025-08-09 08:44:42',NULL),(1836,748,9,1,7.06,'2025-08-09 08:44:42','2025-08-09 08:44:42',NULL),(1837,749,11,2,6.85,'2025-08-09 08:44:42','2025-08-09 08:44:42',NULL),(1838,749,4,1,24.79,'2025-08-09 08:44:42','2025-08-09 08:44:42',NULL),(1839,749,14,2,8.04,'2025-08-09 08:44:42','2025-08-09 08:44:42',NULL),(1840,750,19,2,5.58,'2025-08-09 08:44:42','2025-08-09 08:44:42',NULL),(1841,750,15,3,24.27,'2025-08-09 08:44:42','2025-08-09 08:44:42',NULL),(1842,750,14,3,8.04,'2025-08-09 08:44:42','2025-08-09 08:44:42',NULL),(1843,750,16,3,16.24,'2025-08-09 08:44:42','2025-08-09 08:44:42',NULL),(1844,751,16,1,16.24,'2025-08-09 08:44:42','2025-08-09 08:44:42',NULL),(1845,751,6,1,23.31,'2025-08-09 08:44:42','2025-08-09 08:44:42',NULL),(1846,751,19,2,5.58,'2025-08-09 08:44:42','2025-08-09 08:44:42',NULL),(1847,751,11,3,6.85,'2025-08-09 08:44:42','2025-08-09 08:44:42',NULL),(1848,752,8,2,17.03,'2025-08-09 08:44:42','2025-08-09 08:44:42',NULL),(1849,752,10,1,20.02,'2025-08-09 08:44:42','2025-08-09 08:44:42',NULL),(1850,752,6,2,23.31,'2025-08-09 08:44:42','2025-08-09 08:44:42',NULL);
/*!40000 ALTER TABLE `order_items` ENABLE KEYS */;
UNLOCK TABLES;

--
-- Table structure for table `password_reset_tokens`
--

DROP TABLE IF EXISTS `password_reset_tokens`;
/*!40101 SET @saved_cs_client     = @@character_set_client */;
/*!50503 SET character_set_client = utf8mb4 */;
CREATE TABLE `password_reset_tokens` (
  `email` varchar(255) COLLATE utf8mb4_unicode_ci NOT NULL,
  `token` varchar(255) COLLATE utf8mb4_unicode_ci NOT NULL,
  `created_at` timestamp NULL DEFAULT NULL,
  PRIMARY KEY (`email`)
) ENGINE=InnoDB DEFAULT CHARSET=utf8mb4 COLLATE=utf8mb4_unicode_ci;
/*!40101 SET character_set_client = @saved_cs_client */;

--
-- Dumping data for table `password_reset_tokens`
--

LOCK TABLES `password_reset_tokens` WRITE;
/*!40000 ALTER TABLE `password_reset_tokens` DISABLE KEYS */;
/*!40000 ALTER TABLE `password_reset_tokens` ENABLE KEYS */;
UNLOCK TABLES;

--
-- Table structure for table `sessions`
--

DROP TABLE IF EXISTS `sessions`;
/*!40101 SET @saved_cs_client     = @@character_set_client */;
/*!50503 SET character_set_client = utf8mb4 */;
CREATE TABLE `sessions` (
  `id` varchar(255) COLLATE utf8mb4_unicode_ci NOT NULL,
  `user_id` bigint unsigned DEFAULT NULL,
  `ip_address` varchar(45) COLLATE utf8mb4_unicode_ci DEFAULT NULL,
  `user_agent` text COLLATE utf8mb4_unicode_ci,
  `payload` longtext COLLATE utf8mb4_unicode_ci NOT NULL,
  `last_activity` int NOT NULL,
  PRIMARY KEY (`id`),
  KEY `sessions_user_id_index` (`user_id`),
  KEY `sessions_last_activity_index` (`last_activity`)
) ENGINE=InnoDB DEFAULT CHARSET=utf8mb4 COLLATE=utf8mb4_unicode_ci;
/*!40101 SET character_set_client = @saved_cs_client */;

--
-- Dumping data for table `sessions`
--

LOCK TABLES `sessions` WRITE;
/*!40000 ALTER TABLE `sessions` DISABLE KEYS */;
INSERT INTO `sessions` VALUES ('Fr65lltV8rT9yrvFf72Z0nYNsKchVRPZ93WOcGzD',1,'172.18.0.1','Mozilla/5.0 (Windows NT 10.0; Win64; x64) AppleWebKit/537.36 (KHTML, like Gecko) Chrome/135.0.0.0 Safari/537.36 OPR/120.0.0.0 (Edition std-2)','YTo0OntzOjY6Il90b2tlbiI7czo0MDoidnBxM3ZrZ0VtTkhDRE12RVh5MWxNSUhvMFEzbndZeWdseW1tRWxBUSI7czo2OiJfZmxhc2giO2E6Mjp7czozOiJvbGQiO2E6MDp7fXM6MzoibmV3IjthOjA6e319czo5OiJfcHJldmlvdXMiO2E6MTp7czozOiJ1cmwiO3M6NTY6Imh0dHA6Ly9sb2NhbGhvc3Q6ODAwMC9hZG1pbi9jb21wbGlhbmNlP21vbnRoPTgmeWVhcj0yMDI1Ijt9czo1MDoibG9naW5fd2ViXzU5YmEzNmFkZGMyYjJmOTQwMTU4MGYwMTRjN2Y1OGVhNGUzMDk4OWQiO2k6MTt9',1754732899);
/*!40000 ALTER TABLE `sessions` ENABLE KEYS */;
UNLOCK TABLES;

--
-- Table structure for table `stock_order_items`
--

DROP TABLE IF EXISTS `stock_order_items`;
/*!40101 SET @saved_cs_client     = @@character_set_client */;
/*!50503 SET character_set_client = utf8mb4 */;
CREATE TABLE `stock_order_items` (
  `id` bigint unsigned NOT NULL AUTO_INCREMENT,
  `ulid` char(26) COLLATE utf8mb4_unicode_ci DEFAULT NULL,
  `stock_order_id` bigint unsigned NOT NULL,
  `supply_id` bigint unsigned NOT NULL,
  `quantity` int NOT NULL,
  `unit_price` decimal(12,2) DEFAULT NULL,
  `created_at` timestamp NULL DEFAULT NULL,
  `updated_at` timestamp NULL DEFAULT NULL,
  PRIMARY KEY (`id`),
  UNIQUE KEY `stock_order_items_ulid_unique` (`ulid`),
  KEY `stock_order_items_stock_order_id_foreign` (`stock_order_id`),
  KEY `stock_order_items_supply_id_foreign` (`supply_id`),
  CONSTRAINT `stock_order_items_stock_order_id_foreign` FOREIGN KEY (`stock_order_id`) REFERENCES `stock_orders` (`id`) ON DELETE CASCADE,
  CONSTRAINT `stock_order_items_supply_id_foreign` FOREIGN KEY (`supply_id`) REFERENCES `supplies` (`id`) ON DELETE CASCADE,
  CONSTRAINT `chk_stock_order_items_qty` CHECK ((`quantity` >= 0))
) ENGINE=InnoDB AUTO_INCREMENT=648 DEFAULT CHARSET=utf8mb4 COLLATE=utf8mb4_unicode_ci;
/*!40101 SET character_set_client = @saved_cs_client */;

--
-- Dumping data for table `stock_order_items`
--

LOCK TABLES `stock_order_items` WRITE;
/*!40000 ALTER TABLE `stock_order_items` DISABLE KEYS */;
INSERT INTO `stock_order_items` VALUES (1,'01K26VAE9F4ECT0G9FX7XJZF7P',1,5,200,NULL,'2025-08-09 07:22:00','2025-08-09 07:22:00'),(2,'01K26VAE9MWRM0P2KE2JNXMMK7',1,6,15,NULL,'2025-08-09 07:22:00','2025-08-09 07:22:00'),(3,'01K26VAE9Z1MXJ2Y5ASKQTK5TH',2,4,10,NULL,'2025-08-09 07:22:00','2025-08-09 07:22:00'),(4,'01K26VAEA44WEMAV42NGRG723X',2,7,5,NULL,'2025-08-09 07:22:00','2025-08-09 07:22:00'),(5,'01K2700V6RN0RK02AYRG4HK1KW',3,15,8,NULL,'2025-08-09 08:44:09','2025-08-09 08:44:09'),(6,'01K2700V6W9J0PTQKCDKH0G5AM',3,21,30,NULL,'2025-08-09 08:44:09','2025-08-09 08:44:09'),(7,'01K2700V727STQ1V8QBS5V1JCX',3,30,29,NULL,'2025-08-09 08:44:09','2025-08-09 08:44:09'),(8,'01K2700V7SWJ06H4XDGZPW2XS9',4,91,9,NULL,'2025-08-09 08:44:09','2025-08-09 08:44:09'),(9,'01K2700V7Z4GRJTFQ8G0TPSWQ0',4,42,15,NULL,'2025-08-09 08:44:09','2025-08-09 08:44:09'),(10,'01K2700V857ZPTQ25XS93B1A9Y',4,75,23,NULL,'2025-08-09 08:44:09','2025-08-09 08:44:09'),(11,'01K2700V8BVJK9D71FWB1TGY5C',4,100,7,NULL,'2025-08-09 08:44:09','2025-08-09 08:44:09'),(12,'01K2700V8MM0CBS1644A1KSTYR',5,52,15,NULL,'2025-08-09 08:44:09','2025-08-09 08:44:09'),(13,'01K2700VC7Y6F118PTSZJYG468',5,103,17,NULL,'2025-08-09 08:44:09','2025-08-09 08:44:09'),(14,'01K2700VCC55KW7YQEBQVBE18Z',5,70,3,NULL,'2025-08-09 08:44:09','2025-08-09 08:44:09'),(15,'01K2700VCGJEB1MC8T0QVQW4QJ',5,39,24,NULL,'2025-08-09 08:44:09','2025-08-09 08:44:09'),(16,'01K2700VCNFV6TD4K9P0JSRK8D',5,62,25,NULL,'2025-08-09 08:44:09','2025-08-09 08:44:09'),(17,'01K2700VDFEMKCKMK907QRGRYH',6,63,27,NULL,'2025-08-09 08:44:09','2025-08-09 08:44:09'),(18,'01K2700VDKMFZ3P6614Q4YCBEP',6,25,24,NULL,'2025-08-09 08:44:09','2025-08-09 08:44:09'),(19,'01K2700VDR95Z4SS0WJFSZ2CZH',6,108,29,NULL,'2025-08-09 08:44:09','2025-08-09 08:44:09'),(20,'01K2700VDY1CARK6HZD4K9W4R2',6,44,18,NULL,'2025-08-09 08:44:09','2025-08-09 08:44:09'),(21,'01K2700VE4SVKD4DS3RQA9CQBD',6,100,17,NULL,'2025-08-09 08:44:09','2025-08-09 08:44:09'),(22,'01K2700VECMZJSQFAV0HKTKRZH',5,58,17,NULL,'2025-08-09 08:44:09','2025-08-09 08:44:09'),(23,'01K2700VEGFJKW0CQHGKZWAVSE',5,96,29,NULL,'2025-08-09 08:44:09','2025-08-09 08:44:09'),(24,'01K2700VENZA1SY8FFT4MVE6TG',5,83,28,NULL,'2025-08-09 08:44:09','2025-08-09 08:44:09'),(25,'01K2700VFDTHAH4S8FVMH1Z37C',4,62,25,NULL,'2025-08-09 08:44:09','2025-08-09 08:44:09'),(26,'01K2700VFJ7AA9QJP4JCN64079',4,107,7,NULL,'2025-08-09 08:44:09','2025-08-09 08:44:09'),(27,'01K2700VFQ9HA4DF1WND109KDY',4,65,24,NULL,'2025-08-09 08:44:09','2025-08-09 08:44:09'),(28,'01K2700VFWS9543CDRJMQMK404',4,72,8,NULL,'2025-08-09 08:44:09','2025-08-09 08:44:09'),(29,'01K2700VG0G3YRA136GBJ81R4B',4,66,18,NULL,'2025-08-09 08:44:09','2025-08-09 08:44:09'),(30,'01K2700VG54F6B16D8KGJW75GH',4,21,22,NULL,'2025-08-09 08:44:09','2025-08-09 08:44:09'),(31,'01K2700VGC2V2RGEHZSWVXGM2X',5,73,5,NULL,'2025-08-09 08:44:09','2025-08-09 08:44:09'),(32,'01K2700VGGN79P0N8C56RR1841',5,99,7,NULL,'2025-08-09 08:44:09','2025-08-09 08:44:09'),(33,'01K2700VHBCCCGW87CSKB5QQHY',4,56,28,NULL,'2025-08-09 08:44:09','2025-08-09 08:44:09'),(34,'01K2700VHHS9NAZE72WDG5Z021',4,88,28,NULL,'2025-08-09 08:44:09','2025-08-09 08:44:09'),(35,'01K2700VHPGXTRA3GXSCBPVHH1',4,74,13,NULL,'2025-08-09 08:44:09','2025-08-09 08:44:09'),(36,'01K2700VHVCHM481HHSQCTRZ3T',4,81,16,NULL,'2025-08-09 08:44:09','2025-08-09 08:44:09'),(37,'01K2700VJ0XSRMC2HBDERR6XVK',5,93,21,NULL,'2025-08-09 08:44:09','2025-08-09 08:44:09'),(38,'01K2700VJ4ZZT7FJNX9GKC0FG0',5,79,5,NULL,'2025-08-09 08:44:09','2025-08-09 08:44:09'),(39,'01K2700VJ9VWYEXZQY43DJ35KN',5,26,6,NULL,'2025-08-09 08:44:09','2025-08-09 08:44:09'),(40,'01K2700VJEXJH8JSCZ4XJC6659',5,21,3,NULL,'2025-08-09 08:44:09','2025-08-09 08:44:09'),(41,'01K2700VP76KNHAYYQBBYKENGB',6,92,9,NULL,'2025-08-09 08:44:09','2025-08-09 08:44:09'),(42,'01K2700VPB1KY9YG17WWMQ3G2Y',6,28,21,NULL,'2025-08-09 08:44:09','2025-08-09 08:44:09'),(43,'01K2700VPGHHRR6TBAV49HMED6',6,29,28,NULL,'2025-08-09 08:44:09','2025-08-09 08:44:09'),(44,'01K2700VPNQJH2ERYFN9GKJCF8',6,14,7,NULL,'2025-08-09 08:44:09','2025-08-09 08:44:09'),(45,'01K2700VPTCWE7PW925M00D87D',6,107,25,NULL,'2025-08-09 08:44:09','2025-08-09 08:44:09'),(46,'01K2700VPZAFD6FBFDBSKKFJ5R',6,18,13,NULL,'2025-08-09 08:44:09','2025-08-09 08:44:09'),(47,'01K2700VQD9323AEV2SK0EZA00',7,42,2,NULL,'2025-08-09 08:44:09','2025-08-09 08:44:09'),(48,'01K2700VQJ1HZTDGMQTX5QDAPQ',7,87,26,NULL,'2025-08-09 08:44:09','2025-08-09 08:44:09'),(49,'01K2700VQRE0J3A61RFV156PZX',7,56,3,NULL,'2025-08-09 08:44:09','2025-08-09 08:44:09'),(50,'01K2700VQX3C675F9KVDGDJYPR',7,44,22,NULL,'2025-08-09 08:44:09','2025-08-09 08:44:09'),(51,'01K2700VR3ZBHZAMA4H7XM0D4Z',7,37,15,NULL,'2025-08-09 08:44:09','2025-08-09 08:44:09'),(52,'01K2700VRXD8RPPG2A0VX27VS4',8,65,12,NULL,'2025-08-09 08:44:09','2025-08-09 08:44:09'),(53,'01K2700VS2TZ1PP7WFEQT9NA26',8,74,1,NULL,'2025-08-09 08:44:09','2025-08-09 08:44:09'),(54,'01K2700VS8NW9P8QT8HQJ74ZJT',8,9,30,NULL,'2025-08-09 08:44:09','2025-08-09 08:44:09'),(55,'01K2700VSCR8QPF7RA1CHPV3QQ',8,75,8,NULL,'2025-08-09 08:44:09','2025-08-09 08:44:09'),(56,'01K2700VSHQ5VVPDZP1BRYD2YX',8,84,11,NULL,'2025-08-09 08:44:09','2025-08-09 08:44:09'),(57,'01K2700VSW2G40FNG9GW3P3APZ',9,76,11,NULL,'2025-08-09 08:44:09','2025-08-09 08:44:09'),(58,'01K2700VT1TPDJBHTV66EE9YTJ',9,56,10,NULL,'2025-08-09 08:44:09','2025-08-09 08:44:09'),(59,'01K2700VT64NN7JTAQ3FFBZ57K',9,49,10,NULL,'2025-08-09 08:44:09','2025-08-09 08:44:09'),(60,'01K2700VTBEFCT6X5GSJDN7KS1',9,102,10,NULL,'2025-08-09 08:44:09','2025-08-09 08:44:09'),(61,'01K2700VTKF7NBG47GKWBQ34ED',9,45,1,NULL,'2025-08-09 08:44:09','2025-08-09 08:44:09'),(62,'01K2700VVEV2HDVMJT38ZW6E5F',10,61,5,NULL,'2025-08-09 08:44:09','2025-08-09 08:44:09'),(63,'01K2700VVMDG1HAMTCECHQ0D0W',10,21,26,NULL,'2025-08-09 08:44:09','2025-08-09 08:44:09'),(64,'01K2700VVS727BNZX8T4KM2XJ3',10,101,1,NULL,'2025-08-09 08:44:09','2025-08-09 08:44:09'),(65,'01K2700VVZ23G84V1FR0QH19TD',10,68,11,NULL,'2025-08-09 08:44:09','2025-08-09 08:44:09'),(66,'01K2700VW3GDYGFRXWT61SC2MA',10,92,9,NULL,'2025-08-09 08:44:09','2025-08-09 08:44:09'),(67,'01K2700VW8264W4TGHNWW6FJTF',7,92,26,NULL,'2025-08-09 08:44:09','2025-08-09 08:44:09'),(68,'01K2700VWDGDMTF0RNVA6N6MC7',7,85,1,NULL,'2025-08-09 08:44:09','2025-08-09 08:44:09'),(69,'01K2700VWJKNNB348GXJFMKJBG',7,31,15,NULL,'2025-08-09 08:44:10','2025-08-09 08:44:10'),(70,'01K2700VWQMHK5SNRPW0ZZ0E5T',7,43,22,NULL,'2025-08-09 08:44:10','2025-08-09 08:44:10'),(71,'01K2700VWWRFHDWYNSV69PVYTC',7,63,8,NULL,'2025-08-09 08:44:10','2025-08-09 08:44:10'),(72,'01K2700VX20N986CAQS9NDWXK8',7,13,4,NULL,'2025-08-09 08:44:10','2025-08-09 08:44:10'),(73,'01K2700W0VDQJ9CH6VCZ052XWR',10,94,9,NULL,'2025-08-09 08:44:10','2025-08-09 08:44:10'),(74,'01K2700W11A6SRTQJAVKAQWDRB',10,18,1,NULL,'2025-08-09 08:44:10','2025-08-09 08:44:10'),(75,'01K2700W16FPY3GSTP2A7NNNMT',10,20,28,NULL,'2025-08-09 08:44:10','2025-08-09 08:44:10'),(76,'01K2700W1C4E4M51RH81VN9CNH',9,39,11,NULL,'2025-08-09 08:44:10','2025-08-09 08:44:10'),(77,'01K2700W1JN23AAJ7XMGF2QVJD',9,99,23,NULL,'2025-08-09 08:44:10','2025-08-09 08:44:10'),(78,'01K2700W1QTEMV75VWKQKJE2AY',9,84,17,NULL,'2025-08-09 08:44:10','2025-08-09 08:44:10'),(79,'01K2700W2JQN0NZWEJNFCGJA16',8,37,8,NULL,'2025-08-09 08:44:10','2025-08-09 08:44:10'),(80,'01K2700W2QCBR216YV8JWSASZS',8,69,4,NULL,'2025-08-09 08:44:10','2025-08-09 08:44:10'),(81,'01K2700W2W2QTVCZQ7SR771PHH',8,103,30,NULL,'2025-08-09 08:44:10','2025-08-09 08:44:10'),(82,'01K2700W3157WYBE24600X8V7W',8,30,11,NULL,'2025-08-09 08:44:10','2025-08-09 08:44:10'),(83,'01K2700W36BXRDN06Y3AKDSJ4Q',8,18,22,NULL,'2025-08-09 08:44:10','2025-08-09 08:44:10'),(84,'01K2700W3DN7HDHAQR6HG5D4XM',7,94,7,NULL,'2025-08-09 08:44:10','2025-08-09 08:44:10'),(85,'01K2700W3JGJ9ACQF56TRM35WT',7,26,26,NULL,'2025-08-09 08:44:10','2025-08-09 08:44:10'),(86,'01K2700W3Q89JE5ZY0X48XZ1S3',7,39,26,NULL,'2025-08-09 08:44:10','2025-08-09 08:44:10'),(87,'01K2700W3X8G6HBR62FZGGH5RP',7,50,7,NULL,'2025-08-09 08:44:10','2025-08-09 08:44:10'),(88,'01K2700W42WYS8Q38J4TMZ2ETK',7,57,9,NULL,'2025-08-09 08:44:10','2025-08-09 08:44:10'),(89,'01K2700W5A4WKBQXNQX9C424PW',8,36,29,NULL,'2025-08-09 08:44:10','2025-08-09 08:44:10'),(90,'01K2700W5FJXTM2G6KA2C1NKHQ',8,81,4,NULL,'2025-08-09 08:44:10','2025-08-09 08:44:10'),(91,'01K2700W5M1EF9SF0M31QNEKYW',8,104,2,NULL,'2025-08-09 08:44:10','2025-08-09 08:44:10'),(92,'01K2700W5S9M9SKAV4GQNMHKGX',8,72,10,NULL,'2025-08-09 08:44:10','2025-08-09 08:44:10'),(93,'01K2700W66RXXTYX3BFN3YNFH0',11,27,11,NULL,'2025-08-09 08:44:10','2025-08-09 08:44:10'),(94,'01K2700W6CAN2J3BHPY6CGQP77',11,20,7,NULL,'2025-08-09 08:44:10','2025-08-09 08:44:10'),(95,'01K2700W6HSECDQBEFMGX5J5RJ',11,69,11,NULL,'2025-08-09 08:44:10','2025-08-09 08:44:10'),(96,'01K2700W77RJ7PSGP9M7D05P3S',12,26,8,NULL,'2025-08-09 08:44:10','2025-08-09 08:44:10'),(97,'01K2700W7BCH4M7KEG09413PCA',12,42,13,NULL,'2025-08-09 08:44:10','2025-08-09 08:44:10'),(98,'01K2700W7J19P6ZKHSS8BKYQQR',12,23,16,NULL,'2025-08-09 08:44:10','2025-08-09 08:44:10'),(99,'01K2700W7RQ6QPDJFKEQ706SS7',12,13,12,NULL,'2025-08-09 08:44:10','2025-08-09 08:44:10'),(100,'01K2700W7XE97JTY8FD6ASG1K6',12,31,23,NULL,'2025-08-09 08:44:10','2025-08-09 08:44:10'),(101,'01K2700W828JB6CF1QVQMQ1GPA',12,15,2,NULL,'2025-08-09 08:44:10','2025-08-09 08:44:10'),(102,'01K2700W89P0XKVQNFDFCXK17B',11,18,9,NULL,'2025-08-09 08:44:10','2025-08-09 08:44:10'),(103,'01K2700W8EKK71E0MXDTV2W2MC',11,78,29,NULL,'2025-08-09 08:44:10','2025-08-09 08:44:10'),(104,'01K2700WBJ9BNKBTA3W38H9BRY',11,107,16,NULL,'2025-08-09 08:44:10','2025-08-09 08:44:10'),(105,'01K2700WBQRPNRSPCJCG89ASS0',11,40,17,NULL,'2025-08-09 08:44:10','2025-08-09 08:44:10'),(106,'01K2700WBX9T6MR53VA0FP5CEE',11,53,15,NULL,'2025-08-09 08:44:10','2025-08-09 08:44:10'),(107,'01K2700WC27T3FPHDTD8C4105F',11,28,11,NULL,'2025-08-09 08:44:10','2025-08-09 08:44:10'),(108,'01K2700WCYJPP5T8V8DGWCMZ03',12,92,3,NULL,'2025-08-09 08:44:10','2025-08-09 08:44:10'),(109,'01K2700WD3EW3WYWAEB7VHHHVA',12,102,11,NULL,'2025-08-09 08:44:10','2025-08-09 08:44:10'),(110,'01K2700WD7Q1484M9NTRJPKQTG',12,106,13,NULL,'2025-08-09 08:44:10','2025-08-09 08:44:10'),(111,'01K2700WDC0HDKY7V20Y23ZVR4',12,20,3,NULL,'2025-08-09 08:44:10','2025-08-09 08:44:10'),(112,'01K2700WDHGNNYHAQVA0XDBR3A',11,58,15,NULL,'2025-08-09 08:44:10','2025-08-09 08:44:10'),(113,'01K2700WDQX1YFCS9GJKER0HBA',11,85,18,NULL,'2025-08-09 08:44:10','2025-08-09 08:44:10'),(114,'01K2700WDX7N3MZ3V77ZVM8RTK',11,89,17,NULL,'2025-08-09 08:44:10','2025-08-09 08:44:10'),(115,'01K2700WE2NWG25MNNS3M775EP',11,104,29,NULL,'2025-08-09 08:44:10','2025-08-09 08:44:10'),(116,'01K2700WF0NGVAKAZAZ3CD1XJ4',12,33,20,NULL,'2025-08-09 08:44:10','2025-08-09 08:44:10'),(117,'01K2700WF4JNZAN9WSH8VF2Q52',12,70,20,NULL,'2025-08-09 08:44:10','2025-08-09 08:44:10'),(118,'01K2700WF985A2B2KG6FNW8BN5',12,76,2,NULL,'2025-08-09 08:44:10','2025-08-09 08:44:10'),(119,'01K2700WFF75Q3W0EBE3M9YB2G',12,75,8,NULL,'2025-08-09 08:44:10','2025-08-09 08:44:10'),(120,'01K2700WFMT1GDG52RJYWTVRYM',12,77,28,NULL,'2025-08-09 08:44:10','2025-08-09 08:44:10'),(121,'01K2700WFTNW3DAP6CCVB0YCEB',12,11,28,NULL,'2025-08-09 08:44:10','2025-08-09 08:44:10'),(122,'01K2700WG5ADPTB101X4KMZRBZ',13,77,7,NULL,'2025-08-09 08:44:10','2025-08-09 08:44:10'),(123,'01K2700WGAJNXS6JQQDY6DPT6E',13,47,2,NULL,'2025-08-09 08:44:10','2025-08-09 08:44:10'),(124,'01K2700WGFD49WFHP80VMRMVZJ',13,38,18,NULL,'2025-08-09 08:44:10','2025-08-09 08:44:10'),(125,'01K2700WGJZ4QWBFRD89K7HDPP',13,36,17,NULL,'2025-08-09 08:44:10','2025-08-09 08:44:10'),(126,'01K2700WH8Y0QMQ8QETJRNFRJ6',12,30,3,NULL,'2025-08-09 08:44:10','2025-08-09 08:44:10'),(127,'01K2700WHDZNVHD46J63EF3YKK',12,104,9,NULL,'2025-08-09 08:44:10','2025-08-09 08:44:10'),(128,'01K2700WHJK5NQG9H09Z3GYTQ3',12,65,29,NULL,'2025-08-09 08:44:10','2025-08-09 08:44:10'),(129,'01K2700WHQN8Q1Q2CWRAE575VN',12,53,14,NULL,'2025-08-09 08:44:10','2025-08-09 08:44:10'),(130,'01K2700WHT168XDS0WQ4PCYECK',12,45,23,NULL,'2025-08-09 08:44:10','2025-08-09 08:44:10'),(131,'01K2700WJ1V2CFGPJQ8EDEFSCQ',13,85,21,NULL,'2025-08-09 08:44:10','2025-08-09 08:44:10'),(132,'01K2700WJ75MNJ3EWT8ZF863CE',13,83,11,NULL,'2025-08-09 08:44:10','2025-08-09 08:44:10'),(133,'01K2700WJCV4KX5MWNZRJFS5QH',13,56,4,NULL,'2025-08-09 08:44:10','2025-08-09 08:44:10'),(134,'01K2700WJJEHF3WGXGFHH0XKJX',13,55,18,NULL,'2025-08-09 08:44:10','2025-08-09 08:44:10'),(135,'01K2700WJQ4VVEHVD5CK089EJ0',13,93,17,NULL,'2025-08-09 08:44:10','2025-08-09 08:44:10'),(136,'01K2700WPEB3BK33PG46QD0GA3',14,77,27,NULL,'2025-08-09 08:44:10','2025-08-09 08:44:10'),(137,'01K2700WPMQSP7QGWEAZM4D72N',14,28,27,NULL,'2025-08-09 08:44:10','2025-08-09 08:44:10'),(138,'01K2700WPT8ZT4DVBDH4NRZJW3',14,36,28,NULL,'2025-08-09 08:44:10','2025-08-09 08:44:10'),(139,'01K2700WQ5PS8X2AQXGNCVEG2C',15,86,17,NULL,'2025-08-09 08:44:10','2025-08-09 08:44:10'),(140,'01K2700WQAE1BB47XGK6ED8BZA',15,57,20,NULL,'2025-08-09 08:44:10','2025-08-09 08:44:10'),(141,'01K2700WQF8HDKFRT2B4GJ0F5N',15,71,21,NULL,'2025-08-09 08:44:10','2025-08-09 08:44:10'),(142,'01K2700WQNVDA493RYSZG5MKT4',15,107,19,NULL,'2025-08-09 08:44:10','2025-08-09 08:44:10'),(143,'01K2700WQT6CGJYAVJ4ZBBFD3T',15,76,26,NULL,'2025-08-09 08:44:10','2025-08-09 08:44:10'),(144,'01K2700WRPX0BPREQCKCJQDHC0',16,61,14,NULL,'2025-08-09 08:44:10','2025-08-09 08:44:10'),(145,'01K2700WRV05RMNXVCECGBQPKW',16,90,12,NULL,'2025-08-09 08:44:10','2025-08-09 08:44:10'),(146,'01K2700WS0QEQBW6BNXYWBR11F',16,95,14,NULL,'2025-08-09 08:44:10','2025-08-09 08:44:10'),(147,'01K2700WS5T9268QCK30NCER3W',15,88,4,NULL,'2025-08-09 08:44:10','2025-08-09 08:44:10'),(148,'01K2700WSABCRR6VK7XJN7GGG7',15,22,4,NULL,'2025-08-09 08:44:10','2025-08-09 08:44:10'),(149,'01K2700WSFF7DD4VC3JVRBN4CZ',15,36,22,NULL,'2025-08-09 08:44:10','2025-08-09 08:44:10'),(150,'01K2700WSMC8539GX3MARPZYKD',15,72,25,NULL,'2025-08-09 08:44:10','2025-08-09 08:44:10'),(151,'01K2700WTJR1YJ7PV7K4VGKXXF',17,23,17,NULL,'2025-08-09 08:44:10','2025-08-09 08:44:10'),(152,'01K2700WTQGV9ZGTJB1N7G9792',17,91,16,NULL,'2025-08-09 08:44:10','2025-08-09 08:44:10'),(153,'01K2700WTV86F61HGWMYDHWWP8',17,15,23,NULL,'2025-08-09 08:44:10','2025-08-09 08:44:10'),(154,'01K2700WV0WCSJAE59N6APRQNE',17,54,4,NULL,'2025-08-09 08:44:10','2025-08-09 08:44:10'),(155,'01K2700WV9T33YJGS57P8ZTZZP',18,51,20,NULL,'2025-08-09 08:44:10','2025-08-09 08:44:10'),(156,'01K2700WVEHV6E2XYJPCCJPTXD',18,24,29,NULL,'2025-08-09 08:44:10','2025-08-09 08:44:10'),(157,'01K2700WVKAHWC3817GXRRP3PX',18,18,4,NULL,'2025-08-09 08:44:10','2025-08-09 08:44:10'),(158,'01K2700WW5KERQM1EKZR4A9WQ0',17,36,1,NULL,'2025-08-09 08:44:11','2025-08-09 08:44:11'),(159,'01K2700WWADSDC4FBDSBN2EZH8',17,99,1,NULL,'2025-08-09 08:44:11','2025-08-09 08:44:11'),(160,'01K2700WWFBPZKVXJ1QW5FGF53',17,87,3,NULL,'2025-08-09 08:44:11','2025-08-09 08:44:11'),(161,'01K2700WWNYYC0DSHM1S3KAQ2Y',17,55,17,NULL,'2025-08-09 08:44:11','2025-08-09 08:44:11'),(162,'01K2700WZECNFY39RPEZR7K8RK',17,28,20,NULL,'2025-08-09 08:44:11','2025-08-09 08:44:11'),(163,'01K2700WZQM5EAW5SSQXJXPMX3',15,43,2,NULL,'2025-08-09 08:44:11','2025-08-09 08:44:11'),(164,'01K2700WZWRXJHMJWZAWY6F2Z5',15,29,21,NULL,'2025-08-09 08:44:11','2025-08-09 08:44:11'),(165,'01K2700X01B1402R7VJ3RB70EV',15,63,13,NULL,'2025-08-09 08:44:11','2025-08-09 08:44:11'),(166,'01K2700X0Y1KSS7HWK15H2X1MD',16,69,23,NULL,'2025-08-09 08:44:11','2025-08-09 08:44:11'),(167,'01K2700X13M4YQW5PP53NV8T87',16,35,3,NULL,'2025-08-09 08:44:11','2025-08-09 08:44:11'),(168,'01K2700X18VNQV8M2JN4T5N3H2',16,39,20,NULL,'2025-08-09 08:44:11','2025-08-09 08:44:11'),(169,'01K2700X1EYYRQXS4VX1K98KGX',18,100,13,NULL,'2025-08-09 08:44:11','2025-08-09 08:44:11'),(170,'01K2700X1KA83630BXNCXGB044',18,26,14,NULL,'2025-08-09 08:44:11','2025-08-09 08:44:11'),(171,'01K2700X1RHZNDP2HD901M14WJ',18,56,4,NULL,'2025-08-09 08:44:11','2025-08-09 08:44:11'),(172,'01K2700X1YEQWYT0HQ7EGENRZ9',18,27,24,NULL,'2025-08-09 08:44:11','2025-08-09 08:44:11'),(173,'01K2700X23487QTP6DYSKF87CK',18,36,9,NULL,'2025-08-09 08:44:11','2025-08-09 08:44:11'),(174,'01K2700X2YT9P27WBB4NQJ7D50',16,44,28,NULL,'2025-08-09 08:44:11','2025-08-09 08:44:11'),(175,'01K2700X338AEHD136FKC060R0',16,32,30,NULL,'2025-08-09 08:44:11','2025-08-09 08:44:11'),(176,'01K2700X38WPWNB22VZHC3THMD',16,71,19,NULL,'2025-08-09 08:44:11','2025-08-09 08:44:11'),(177,'01K2700X3JJV76Y41VSPRZY51Q',19,89,21,NULL,'2025-08-09 08:44:11','2025-08-09 08:44:11'),(178,'01K2700X3Q9GW288TR5BE1EZDW',19,23,13,NULL,'2025-08-09 08:44:11','2025-08-09 08:44:11'),(179,'01K2700X3WQWB3FEST00VAND2A',19,79,1,NULL,'2025-08-09 08:44:11','2025-08-09 08:44:11'),(180,'01K2700X4GNP9R65VWKWEHY22G',20,103,2,NULL,'2025-08-09 08:44:11','2025-08-09 08:44:11'),(181,'01K2700X4MJHHR08HXPFX342TJ',20,16,27,NULL,'2025-08-09 08:44:11','2025-08-09 08:44:11'),(182,'01K2700X4SB1YZ4R5JH6S0SP3W',20,48,27,NULL,'2025-08-09 08:44:11','2025-08-09 08:44:11'),(183,'01K2700X4Z6R5EWT7Y1F61GJ3P',19,20,21,NULL,'2025-08-09 08:44:11','2025-08-09 08:44:11'),(184,'01K2700X58D0Q6F7A7Y064QHWG',19,61,25,NULL,'2025-08-09 08:44:11','2025-08-09 08:44:11'),(185,'01K2700X5ERC2T54PXF7VJ7FB4',19,71,18,NULL,'2025-08-09 08:44:11','2025-08-09 08:44:11'),(186,'01K2700X5K9PCBFX6T5ANQ3G5P',19,31,12,NULL,'2025-08-09 08:44:11','2025-08-09 08:44:11'),(187,'01K2700X6HD8WXDHP07TKZHRWC',21,68,15,NULL,'2025-08-09 08:44:11','2025-08-09 08:44:11'),(188,'01K2700X6QGE5HXNTSP9EWWW23',21,47,16,NULL,'2025-08-09 08:44:11','2025-08-09 08:44:11'),(189,'01K2700X9DQHY2KJXDYT4VPEP0',21,12,19,NULL,'2025-08-09 08:44:11','2025-08-09 08:44:11'),(190,'01K2700X9JH2E5MHA8A2TWAS4V',21,105,19,NULL,'2025-08-09 08:44:11','2025-08-09 08:44:11'),(191,'01K2700X9QMWBZS5HD44CKAPVH',19,13,18,NULL,'2025-08-09 08:44:11','2025-08-09 08:44:11'),(192,'01K2700X9V8VS1BGJ7KDF33DF3',19,80,28,NULL,'2025-08-09 08:44:11','2025-08-09 08:44:11'),(193,'01K2700XA0EX8M9HB70Y1T9EV5',19,44,22,NULL,'2025-08-09 08:44:11','2025-08-09 08:44:11'),(194,'01K2700XA5ZZZ81A3A1BX4KQNC',19,11,29,NULL,'2025-08-09 08:44:11','2025-08-09 08:44:11'),(195,'01K2700XAANYYF8Z6YKFPAQV9W',19,36,28,NULL,'2025-08-09 08:44:11','2025-08-09 08:44:11'),(196,'01K2700XBBM1RPXM2KVWW8VT6W',20,84,2,NULL,'2025-08-09 08:44:11','2025-08-09 08:44:11'),(197,'01K2700XBH8JZNJ668TJQH741C',20,69,17,NULL,'2025-08-09 08:44:11','2025-08-09 08:44:11'),(198,'01K2700XBQN5GEYV5VR21YYEH3',20,79,28,NULL,'2025-08-09 08:44:11','2025-08-09 08:44:11'),(199,'01K2700XBWPDF21SDJDM6FD96P',20,22,30,NULL,'2025-08-09 08:44:11','2025-08-09 08:44:11'),(200,'01K2700XC0VR6WVFG4CFJM0CHM',20,26,30,NULL,'2025-08-09 08:44:11','2025-08-09 08:44:11'),(201,'01K2700XC535FFC27QGJVBQ1WC',19,46,14,NULL,'2025-08-09 08:44:11','2025-08-09 08:44:11'),(202,'01K2700XCBYQC5KGA7FNR50RFP',19,22,5,NULL,'2025-08-09 08:44:11','2025-08-09 08:44:11'),(203,'01K2700XCG14HGYNYSRNJCQEQH',19,47,22,NULL,'2025-08-09 08:44:11','2025-08-09 08:44:11'),(204,'01K2700XCQZQVH2VSSRTCPM135',19,39,22,NULL,'2025-08-09 08:44:11','2025-08-09 08:44:11'),(205,'01K2700XCVA2FM35P0TEHDB4X6',19,72,1,NULL,'2025-08-09 08:44:11','2025-08-09 08:44:11'),(206,'01K2700XDZG0JKGTHHGRWWPN84',21,9,21,NULL,'2025-08-09 08:44:11','2025-08-09 08:44:11'),(207,'01K2700XE47RRV6BBCEZ42GCBA',21,36,7,NULL,'2025-08-09 08:44:11','2025-08-09 08:44:11'),(208,'01K2700XE8XK20MYNTH5QD735K',21,18,29,NULL,'2025-08-09 08:44:11','2025-08-09 08:44:11'),(209,'01K2700XEECW19PVEATAYJJB9V',21,24,23,NULL,'2025-08-09 08:44:11','2025-08-09 08:44:11'),(210,'01K2700XEN0Q0D822YK1YVBMJW',19,43,29,NULL,'2025-08-09 08:44:11','2025-08-09 08:44:11'),(211,'01K2700XETRAW14TKHN37DPQEF',19,35,18,NULL,'2025-08-09 08:44:11','2025-08-09 08:44:11'),(212,'01K2700XEZHB9HYNJMJX4AVGEC',19,14,17,NULL,'2025-08-09 08:44:11','2025-08-09 08:44:11'),(213,'01K2700XF5NXNS6YX4KDT4JCH3',19,57,10,NULL,'2025-08-09 08:44:11','2025-08-09 08:44:11'),(214,'01K2700XFA99216WYX1170X85D',19,50,6,NULL,'2025-08-09 08:44:11','2025-08-09 08:44:11'),(215,'01K2700XK57F2YJG7BJ6H19RY1',20,58,13,NULL,'2025-08-09 08:44:11','2025-08-09 08:44:11'),(216,'01K2700XKBNC3XKYDXGHTHWPX2',20,108,26,NULL,'2025-08-09 08:44:11','2025-08-09 08:44:11'),(217,'01K2700XKHWA77G31QA3EW9FM4',20,27,12,NULL,'2025-08-09 08:44:11','2025-08-09 08:44:11'),(218,'01K2700XKW267ABX4QD0X2CTDG',22,37,26,NULL,'2025-08-09 08:44:11','2025-08-09 08:44:11'),(219,'01K2700XM2X7NW82DKS9KFHDFG',22,64,8,NULL,'2025-08-09 08:44:11','2025-08-09 08:44:11'),(220,'01K2700XM8BSYFMZTCSCWKFBQD',22,46,6,NULL,'2025-08-09 08:44:11','2025-08-09 08:44:11'),(221,'01K2700XMW65HVP9A774DH6DY4',23,67,10,NULL,'2025-08-09 08:44:11','2025-08-09 08:44:11'),(222,'01K2700XN0D5QR3KSG1B9PECKW',23,108,15,NULL,'2025-08-09 08:44:11','2025-08-09 08:44:11'),(223,'01K2700XN59NSWMM5J122XCB20',23,65,2,NULL,'2025-08-09 08:44:11','2025-08-09 08:44:11'),(224,'01K2700XNA13Z2GXKSE5AZ0B0A',23,51,10,NULL,'2025-08-09 08:44:11','2025-08-09 08:44:11'),(225,'01K2700XNEP8TN1BGTXDX9052D',23,63,14,NULL,'2025-08-09 08:44:11','2025-08-09 08:44:11'),(226,'01K2700XNKZ2ZGBN3AY8SDENPJ',23,35,30,NULL,'2025-08-09 08:44:11','2025-08-09 08:44:11'),(227,'01K2700XNX6YV2HW4CHZ0WRCDB',24,40,29,NULL,'2025-08-09 08:44:11','2025-08-09 08:44:11'),(228,'01K2700XP2N1AHCDMCD48YT9JJ',24,94,14,NULL,'2025-08-09 08:44:11','2025-08-09 08:44:11'),(229,'01K2700XP6TM1YASQZHXTARXZN',24,49,16,NULL,'2025-08-09 08:44:11','2025-08-09 08:44:11'),(230,'01K2700XPBMXW7YVAFDHG5X3EK',24,23,27,NULL,'2025-08-09 08:44:11','2025-08-09 08:44:11'),(231,'01K2700XPFFEWB7H535ARHW94D',24,83,20,NULL,'2025-08-09 08:44:11','2025-08-09 08:44:11'),(232,'01K2700XQ5AR6KYZB2X5JNBSQK',23,16,14,NULL,'2025-08-09 08:44:11','2025-08-09 08:44:11'),(233,'01K2700XQA9N60XFSSG0KPH3F2',23,27,21,NULL,'2025-08-09 08:44:11','2025-08-09 08:44:11'),(234,'01K2700XQFXNZZFZ0PC7KSBB4D',23,25,18,NULL,'2025-08-09 08:44:11','2025-08-09 08:44:11'),(235,'01K2700XQMQZ0K9GA22MNG5RHZ',22,14,6,NULL,'2025-08-09 08:44:11','2025-08-09 08:44:11'),(236,'01K2700XQSSYDP8PJF8K6HW6H5',22,45,9,NULL,'2025-08-09 08:44:11','2025-08-09 08:44:11'),(237,'01K2700XQYW7WM06YHQCRTDSWX',22,85,24,NULL,'2025-08-09 08:44:11','2025-08-09 08:44:11'),(238,'01K2700XR3VQHG0P5WRW9V2N6Y',22,30,16,NULL,'2025-08-09 08:44:11','2025-08-09 08:44:11'),(239,'01K2700XRYZ9PWEJSS1J13J2DX',25,90,26,NULL,'2025-08-09 08:44:11','2025-08-09 08:44:11'),(240,'01K2700XS3E068HWM3GV76FFZD',25,35,27,NULL,'2025-08-09 08:44:11','2025-08-09 08:44:11'),(241,'01K2700XS6ZG92PX8RC99VKT38',25,40,5,NULL,'2025-08-09 08:44:11','2025-08-09 08:44:11'),(242,'01K2700XSCTMSRZ2PRBD32H309',25,29,18,NULL,'2025-08-09 08:44:11','2025-08-09 08:44:11'),(243,'01K2700XSKJJQ8GF3FDZXKHP96',24,41,16,NULL,'2025-08-09 08:44:11','2025-08-09 08:44:11'),(244,'01K2700XSQHCPC2A4W8HFN2FRV',24,18,14,NULL,'2025-08-09 08:44:11','2025-08-09 08:44:11'),(245,'01K2700XWDYBZVEZMYZ4S4HDD1',24,19,9,NULL,'2025-08-09 08:44:12','2025-08-09 08:44:12'),(246,'01K2700XX44ZH7Q3X4QPSQW24P',23,31,10,NULL,'2025-08-09 08:44:12','2025-08-09 08:44:12'),(247,'01K2700XX8M8HX4KFD6KTH57DN',23,32,24,NULL,'2025-08-09 08:44:12','2025-08-09 08:44:12'),(248,'01K2700XXD02RFJKHAXHC8NFPB',23,82,21,NULL,'2025-08-09 08:44:12','2025-08-09 08:44:12'),(249,'01K2700XXJ71JT64G54QW5AR1D',23,102,12,NULL,'2025-08-09 08:44:12','2025-08-09 08:44:12'),(250,'01K2700XXQ239SQN9KS9B3HDVM',23,19,9,NULL,'2025-08-09 08:44:12','2025-08-09 08:44:12'),(251,'01K2700XXYB7XAZKGG7BNG6J47',22,26,18,NULL,'2025-08-09 08:44:12','2025-08-09 08:44:12'),(252,'01K2700XY3JBNB2TCSDMVQ1CGJ',22,18,10,NULL,'2025-08-09 08:44:12','2025-08-09 08:44:12'),(253,'01K2700XY8CGG0RZWSVZZNQ4SX',22,65,27,NULL,'2025-08-09 08:44:12','2025-08-09 08:44:12'),(254,'01K2700XYDAZ5BKT0XM3RN8CE5',22,69,27,NULL,'2025-08-09 08:44:12','2025-08-09 08:44:12'),(255,'01K2700XYJ3387XKENCF0M73KS',22,90,22,NULL,'2025-08-09 08:44:12','2025-08-09 08:44:12'),(256,'01K2700XZXCC063C82QSS3DRBM',23,47,6,NULL,'2025-08-09 08:44:12','2025-08-09 08:44:12'),(257,'01K2700Y03EXK85MP7SB7G60JR',23,103,22,NULL,'2025-08-09 08:44:12','2025-08-09 08:44:12'),(258,'01K2700Y07XR3D5ATYEE3ZW70D',23,15,14,NULL,'2025-08-09 08:44:12','2025-08-09 08:44:12'),(259,'01K2700Y0DVW56NV4EV2ZT8E4Q',23,92,9,NULL,'2025-08-09 08:44:12','2025-08-09 08:44:12'),(260,'01K2700Y0QKBDCJ1CQ8A72HHK9',26,32,25,NULL,'2025-08-09 08:44:12','2025-08-09 08:44:12'),(261,'01K2700Y0WPB11V4WG6KRN07SQ',26,74,12,NULL,'2025-08-09 08:44:12','2025-08-09 08:44:12'),(262,'01K2700Y10S779JK7S3GC1SYYE',26,9,17,NULL,'2025-08-09 08:44:12','2025-08-09 08:44:12'),(263,'01K2700Y14GACJZ2XAX7TDXB4Z',26,78,12,NULL,'2025-08-09 08:44:12','2025-08-09 08:44:12'),(264,'01K2700Y19JP26SGV49G3MQ5T8',26,47,15,NULL,'2025-08-09 08:44:12','2025-08-09 08:44:12'),(265,'01K2700Y1E8QYZENE6RTWKBD2B',26,95,24,NULL,'2025-08-09 08:44:12','2025-08-09 08:44:12'),(266,'01K2700Y27X0EH8VE9N9SG9JZ9',27,77,7,NULL,'2025-08-09 08:44:12','2025-08-09 08:44:12'),(267,'01K2700Y2CYD0G9DEAZ2VDZQV4',27,35,26,NULL,'2025-08-09 08:44:12','2025-08-09 08:44:12'),(268,'01K2700Y2KMQEZ2GPKMNG50BBN',27,53,14,NULL,'2025-08-09 08:44:12','2025-08-09 08:44:12'),(269,'01K2700Y2R609EK1G9QW8H1RTP',27,54,9,NULL,'2025-08-09 08:44:12','2025-08-09 08:44:12'),(270,'01K2700Y2XHY8V6N3MKFP0YJ52',27,91,9,NULL,'2025-08-09 08:44:12','2025-08-09 08:44:12'),(271,'01K2700Y36P5MMD4HC4H5Z121P',28,59,7,NULL,'2025-08-09 08:44:12','2025-08-09 08:44:12'),(272,'01K2700Y3AQGZ39W063WD22B8H',28,61,25,NULL,'2025-08-09 08:44:12','2025-08-09 08:44:12'),(273,'01K2700Y3FGWRK1GMB2118ZGVZ',28,100,20,NULL,'2025-08-09 08:44:12','2025-08-09 08:44:12'),(274,'01K2700Y404CC9YQ785XM2N87X',27,49,28,NULL,'2025-08-09 08:44:12','2025-08-09 08:44:12'),(275,'01K2700Y471A51JWRS7WWKVF54',27,20,22,NULL,'2025-08-09 08:44:12','2025-08-09 08:44:12'),(276,'01K2700Y4CKVP8PJ3ABVSMVKFF',27,104,19,NULL,'2025-08-09 08:44:12','2025-08-09 08:44:12'),(277,'01K2700Y4HGQV44S2YFVPMXJ6E',27,86,13,NULL,'2025-08-09 08:44:12','2025-08-09 08:44:12'),(278,'01K2700Y4Q3P3XY8BXC41SZD2E',26,24,20,NULL,'2025-08-09 08:44:12','2025-08-09 08:44:12'),(279,'01K2700Y4V7YNPT53ZHEPCHZJY',26,41,8,NULL,'2025-08-09 08:44:12','2025-08-09 08:44:12'),(280,'01K2700Y4ZT4GX35TJ2YR8M961',26,70,25,NULL,'2025-08-09 08:44:12','2025-08-09 08:44:12'),(281,'01K2700Y544YNM9CWWD0WQM2G2',26,87,16,NULL,'2025-08-09 08:44:12','2025-08-09 08:44:12'),(282,'01K2700Y60YMB2C4A2FK7WGRVX',29,35,16,NULL,'2025-08-09 08:44:12','2025-08-09 08:44:12'),(283,'01K2700Y64VXWNYRPAW4NZGJDQ',29,43,1,NULL,'2025-08-09 08:44:12','2025-08-09 08:44:12'),(284,'01K2700Y942XAP5EJ5WREB9TXN',29,34,5,NULL,'2025-08-09 08:44:12','2025-08-09 08:44:12'),(285,'01K2700Y988RN44H86G2Z64RM2',29,68,4,NULL,'2025-08-09 08:44:12','2025-08-09 08:44:12'),(286,'01K2700Y9D2MF1C7DVN4CPWM2F',29,14,3,NULL,'2025-08-09 08:44:12','2025-08-09 08:44:12'),(287,'01K2700Y9JB9C2ECQYBNF1H7ZB',29,27,17,NULL,'2025-08-09 08:44:12','2025-08-09 08:44:12'),(288,'01K2700Y9RYK5EYF04TNJPC6EX',26,11,22,NULL,'2025-08-09 08:44:12','2025-08-09 08:44:12'),(289,'01K2700Y9XRK0JGKM8C05N482T',26,102,5,NULL,'2025-08-09 08:44:12','2025-08-09 08:44:12'),(290,'01K2700YA2NAME75MDCCHP3BWD',26,99,13,NULL,'2025-08-09 08:44:12','2025-08-09 08:44:12'),(291,'01K2700YAZ642NETZKBCFBXJW7',27,38,8,NULL,'2025-08-09 08:44:12','2025-08-09 08:44:12'),(292,'01K2700YB4KQ4RRZB74PF41KK6',27,58,25,NULL,'2025-08-09 08:44:12','2025-08-09 08:44:12'),(293,'01K2700YB9N72EATC9JY8JV2W8',27,19,11,NULL,'2025-08-09 08:44:12','2025-08-09 08:44:12'),(294,'01K2700YBH06VWKAMKPJABGF58',26,44,30,NULL,'2025-08-09 08:44:12','2025-08-09 08:44:12'),(295,'01K2700YBPSD5FQZWTBY8YPZJP',26,13,5,NULL,'2025-08-09 08:44:12','2025-08-09 08:44:12'),(296,'01K2700YCPXEPNG8RTPQ8NTYQX',27,29,13,NULL,'2025-08-09 08:44:12','2025-08-09 08:44:12'),(297,'01K2700YCVJAA7R9N7G5Z5VFTF',27,63,28,NULL,'2025-08-09 08:44:12','2025-08-09 08:44:12'),(298,'01K2700YD0X4CP2MPBMA6C95A2',27,42,26,NULL,'2025-08-09 08:44:12','2025-08-09 08:44:12'),(299,'01K2700YD4Z9QZ0E28WBXYN8B7',27,107,2,NULL,'2025-08-09 08:44:12','2025-08-09 08:44:12'),(300,'01K2700YD9VC1T1KTECV28BDGN',27,55,12,NULL,'2025-08-09 08:44:12','2025-08-09 08:44:12'),(301,'01K2700YDMZZ3BADXN0QGBKKRG',30,20,27,NULL,'2025-08-09 08:44:12','2025-08-09 08:44:12'),(302,'01K2700YDS5FEPYEABD8YT6PJZ',30,71,5,NULL,'2025-08-09 08:44:12','2025-08-09 08:44:12'),(303,'01K2700YDZ8YK05Z8DBNJCDWBC',30,88,14,NULL,'2025-08-09 08:44:12','2025-08-09 08:44:12'),(304,'01K2700YE5ANKAQSRJQ0QPSWK5',30,103,9,NULL,'2025-08-09 08:44:12','2025-08-09 08:44:12'),(305,'01K2700YEB6R1Q6ED6J6Q80J2Q',30,47,20,NULL,'2025-08-09 08:44:12','2025-08-09 08:44:12'),(306,'01K2700YEGY40ZW8H5494V8BPA',30,26,15,NULL,'2025-08-09 08:44:12','2025-08-09 08:44:12'),(307,'01K2700YFCFBYDXGD5FQEZ5DK5',31,63,30,NULL,'2025-08-09 08:44:12','2025-08-09 08:44:12'),(308,'01K2700YFGB3Q2KH6NPHE6KJRX',31,96,4,NULL,'2025-08-09 08:44:12','2025-08-09 08:44:12'),(309,'01K2700YFNG62DFK1TY2QHZBP6',31,12,23,NULL,'2025-08-09 08:44:12','2025-08-09 08:44:12'),(310,'01K2700YFVAZMP57STRNZ597TN',31,56,10,NULL,'2025-08-09 08:44:12','2025-08-09 08:44:12'),(311,'01K2700YJGG04MS9866R1ZHEM7',31,35,5,NULL,'2025-08-09 08:44:12','2025-08-09 08:44:12'),(312,'01K2700YJTCAH312E1K1WBHSXT',32,92,1,NULL,'2025-08-09 08:44:12','2025-08-09 08:44:12'),(313,'01K2700YJZ5YP723WQZ3ZPR9XP',32,39,10,NULL,'2025-08-09 08:44:12','2025-08-09 08:44:12'),(314,'01K2700YK31PKA44201EJRGSCV',32,22,10,NULL,'2025-08-09 08:44:12','2025-08-09 08:44:12'),(315,'01K2700YK839D6KFCNQ91FPK9A',32,67,13,NULL,'2025-08-09 08:44:12','2025-08-09 08:44:12'),(316,'01K2700YKYYZ2AMTXGEW96ZPJ1',33,38,16,NULL,'2025-08-09 08:44:12','2025-08-09 08:44:12'),(317,'01K2700YM2MC13HQ71Q7G4MXNP',33,103,18,NULL,'2025-08-09 08:44:12','2025-08-09 08:44:12'),(318,'01K2700YM81QQHM0AEA9ECEJ2M',33,63,10,NULL,'2025-08-09 08:44:12','2025-08-09 08:44:12'),(319,'01K2700YMDZZAPY7K6QT2DNGH1',33,25,13,NULL,'2025-08-09 08:44:12','2025-08-09 08:44:12'),(320,'01K2700YMK48Q0X93W7QZ79S5W',30,80,18,NULL,'2025-08-09 08:44:12','2025-08-09 08:44:12'),(321,'01K2700YMR9CA43H2KFR075HA7',30,108,27,NULL,'2025-08-09 08:44:12','2025-08-09 08:44:12'),(322,'01K2700YMWF2G3F3GKV9RWPEF8',30,86,24,NULL,'2025-08-09 08:44:12','2025-08-09 08:44:12'),(323,'01K2700YN0630AX30NTKXSYXJ0',30,93,16,NULL,'2025-08-09 08:44:12','2025-08-09 08:44:12'),(324,'01K2700YN5B3NYK9P7QG5H5ET5',30,40,5,NULL,'2025-08-09 08:44:12','2025-08-09 08:44:12'),(325,'01K2700YP4DX0F1BQMRPY0WKTH',33,65,15,NULL,'2025-08-09 08:44:12','2025-08-09 08:44:12'),(326,'01K2700YP8DDTXPF1ZEYMEXXHM',33,93,1,NULL,'2025-08-09 08:44:12','2025-08-09 08:44:12'),(327,'01K2700YPDDKBQ96G9VP4GWD3H',33,108,3,NULL,'2025-08-09 08:44:12','2025-08-09 08:44:12'),(328,'01K2700YPMJHBZ0071ZWXAH7QM',33,42,23,NULL,'2025-08-09 08:44:12','2025-08-09 08:44:12'),(329,'01K2700YPVRGRR6CZSTK379QBW',30,77,2,NULL,'2025-08-09 08:44:12','2025-08-09 08:44:12'),(330,'01K2700YPZ2S1PN8WCMGDRNX42',30,97,3,NULL,'2025-08-09 08:44:12','2025-08-09 08:44:12'),(331,'01K2700YQ49RN52V49FRCE9GNA',30,33,22,NULL,'2025-08-09 08:44:12','2025-08-09 08:44:12'),(332,'01K2700YQ8PW98ZHT6J3NMX2NW',30,54,10,NULL,'2025-08-09 08:44:12','2025-08-09 08:44:12'),(333,'01K2700YQCAWQQTDXDCA9MB1E9',30,52,29,NULL,'2025-08-09 08:44:12','2025-08-09 08:44:12'),(334,'01K2700YRFSR1A3CFQJXY5TA7Q',33,75,30,NULL,'2025-08-09 08:44:12','2025-08-09 08:44:12'),(335,'01K2700YRMT9BVHY4TMMQV6VHN',33,48,6,NULL,'2025-08-09 08:44:12','2025-08-09 08:44:12'),(336,'01K2700YRRNDB4Z3FJ69KZNDCD',33,84,18,NULL,'2025-08-09 08:44:12','2025-08-09 08:44:12'),(337,'01K2700YRXK7QZVZMZGHRZP4ZJ',33,100,19,NULL,'2025-08-09 08:44:12','2025-08-09 08:44:12'),(338,'01K2700YS285J48WNTJ03B0DED',33,55,10,NULL,'2025-08-09 08:44:12','2025-08-09 08:44:12'),(339,'01K2700YS71REMM62RFX404C1M',30,84,17,NULL,'2025-08-09 08:44:12','2025-08-09 08:44:12'),(340,'01K2700YW3B25ZG2CK2C6RMC2B',30,106,16,NULL,'2025-08-09 08:44:13','2025-08-09 08:44:13'),(341,'01K2700YW90AAME69MTXAEYXBE',30,95,22,NULL,'2025-08-09 08:44:13','2025-08-09 08:44:13'),(342,'01K2700YXFQ8CFFED299NDECZT',33,45,29,NULL,'2025-08-09 08:44:13','2025-08-09 08:44:13'),(343,'01K2700YXMTPTNZ52S9KRBR8NJ',33,89,12,NULL,'2025-08-09 08:44:13','2025-08-09 08:44:13'),(344,'01K2700YXRTE2RPRMX50E1VZV2',33,51,4,NULL,'2025-08-09 08:44:13','2025-08-09 08:44:13'),(345,'01K2700YXX5FBFD4HD4EPV6QNM',33,35,29,NULL,'2025-08-09 08:44:13','2025-08-09 08:44:13'),(346,'01K2700YY72ZCSR7EVNC2BNCT1',34,15,17,NULL,'2025-08-09 08:44:13','2025-08-09 08:44:13'),(347,'01K2700YYCQFDF22548QFRK83Z',34,107,17,NULL,'2025-08-09 08:44:13','2025-08-09 08:44:13'),(348,'01K2700YYGV5M8WC9JXECVTDPV',34,13,1,NULL,'2025-08-09 08:44:13','2025-08-09 08:44:13'),(349,'01K2700YYMQ893BGJ15424AXF1',34,105,19,NULL,'2025-08-09 08:44:13','2025-08-09 08:44:13'),(350,'01K2700YYSRB3QQT2MQP205EMM',34,35,26,NULL,'2025-08-09 08:44:13','2025-08-09 08:44:13'),(351,'01K2700YZJDGZ3N1CTY23WD78Q',35,44,8,NULL,'2025-08-09 08:44:13','2025-08-09 08:44:13'),(352,'01K2700YZQY1SYS82TWCYE20AE',35,47,28,NULL,'2025-08-09 08:44:13','2025-08-09 08:44:13'),(353,'01K2700YZVB5PWJMVA08V99Y5Q',35,29,16,NULL,'2025-08-09 08:44:13','2025-08-09 08:44:13'),(354,'01K2700Z0065AFETRDC0T1GJGB',35,55,12,NULL,'2025-08-09 08:44:13','2025-08-09 08:44:13'),(355,'01K2700Z04JVGV8GHHA5412HY1',35,97,3,NULL,'2025-08-09 08:44:13','2025-08-09 08:44:13'),(356,'01K2700Z09TEXNDBYF7G17GJPA',35,36,27,NULL,'2025-08-09 08:44:13','2025-08-09 08:44:13'),(357,'01K2700Z0M71H1CBZNEXA9XTC0',36,62,23,NULL,'2025-08-09 08:44:13','2025-08-09 08:44:13'),(358,'01K2700Z0SC5865GFT45BYMXEA',36,80,20,NULL,'2025-08-09 08:44:13','2025-08-09 08:44:13'),(359,'01K2700Z0Y0EAMHARQ38CW21TQ',36,44,1,NULL,'2025-08-09 08:44:13','2025-08-09 08:44:13'),(360,'01K2700Z1FCWECGJZS1SB4SW7N',35,40,29,NULL,'2025-08-09 08:44:13','2025-08-09 08:44:13'),(361,'01K2700Z1MEM8EFSMSWVPJKYFB',35,84,3,NULL,'2025-08-09 08:44:13','2025-08-09 08:44:13'),(362,'01K2700Z1RS5FJ5ADYEAE7PGHE',35,16,14,NULL,'2025-08-09 08:44:13','2025-08-09 08:44:13'),(363,'01K2700Z1W1VK93S1B59TVZ7QG',35,96,30,NULL,'2025-08-09 08:44:13','2025-08-09 08:44:13'),(364,'01K2700Z22AFJEK37724YS7D3X',35,30,26,NULL,'2025-08-09 08:44:13','2025-08-09 08:44:13'),(365,'01K2700Z29Z89Y9EK0TJ2VQ84J',36,35,5,NULL,'2025-08-09 08:44:13','2025-08-09 08:44:13'),(366,'01K2700Z2EKMAAM1ZGPJQTGSCN',36,81,3,NULL,'2025-08-09 08:44:13','2025-08-09 08:44:13'),(367,'01K2700Z2KF2F165DVG7Q5W86Y',36,26,27,NULL,'2025-08-09 08:44:13','2025-08-09 08:44:13'),(368,'01K2700Z2RXNG5WRZ1ZMSTDW0F',36,13,2,NULL,'2025-08-09 08:44:13','2025-08-09 08:44:13'),(369,'01K2700Z5X3XPJR51QETPMFM94',37,31,11,NULL,'2025-08-09 08:44:13','2025-08-09 08:44:13'),(370,'01K2700Z63MZA8K68RH229TBP6',37,70,6,NULL,'2025-08-09 08:44:13','2025-08-09 08:44:13'),(371,'01K2700Z67YNPDSZ9BTER2TKXT',37,64,2,NULL,'2025-08-09 08:44:13','2025-08-09 08:44:13'),(372,'01K2700Z6E4R7BGPHFZ0SM9H91',34,43,1,NULL,'2025-08-09 08:44:13','2025-08-09 08:44:13'),(373,'01K2700Z6KEXJ1AY46B7QKANZH',34,11,3,NULL,'2025-08-09 08:44:13','2025-08-09 08:44:13'),(374,'01K2700Z6REHY27NFME4HDZP8E',34,39,14,NULL,'2025-08-09 08:44:13','2025-08-09 08:44:13'),(375,'01K2700Z7MJV1ZT221WZ6TD7MW',35,63,11,NULL,'2025-08-09 08:44:13','2025-08-09 08:44:13'),(376,'01K2700Z7WGME7SZV61H9WEFGS',35,75,25,NULL,'2025-08-09 08:44:13','2025-08-09 08:44:13'),(377,'01K2700Z82NPQH0SZQW2M5KJXX',35,23,30,NULL,'2025-08-09 08:44:13','2025-08-09 08:44:13'),(378,'01K2700Z88MWEX86ZT32DS12S7',36,11,30,NULL,'2025-08-09 08:44:13','2025-08-09 08:44:13'),(379,'01K2700Z8CS0D37HFAKD60KGYD',36,31,16,NULL,'2025-08-09 08:44:13','2025-08-09 08:44:13'),(380,'01K2700Z8G3GHVETBVAJ7T3ADW',36,66,9,NULL,'2025-08-09 08:44:13','2025-08-09 08:44:13'),(381,'01K2700Z8NHTV9BQH632C3FPXD',36,84,21,NULL,'2025-08-09 08:44:13','2025-08-09 08:44:13'),(382,'01K2700Z9GBADNV362ZRYN3J04',35,66,21,NULL,'2025-08-09 08:44:13','2025-08-09 08:44:13'),(383,'01K2700Z9N3CK0S8HT5JHXQ3J1',35,78,2,NULL,'2025-08-09 08:44:13','2025-08-09 08:44:13'),(384,'01K2700Z9ZVD3B4T3XBSN1X41K',38,58,9,NULL,'2025-08-09 08:44:13','2025-08-09 08:44:13'),(385,'01K2700ZA47590HKC7XHWT4YWJ',38,89,6,NULL,'2025-08-09 08:44:13','2025-08-09 08:44:13'),(386,'01K2700ZA86EFDG5XD6D58BTYJ',38,76,9,NULL,'2025-08-09 08:44:13','2025-08-09 08:44:13'),(387,'01K2700ZADE6Y06BQ3TW2QFBGY',38,80,18,NULL,'2025-08-09 08:44:13','2025-08-09 08:44:13'),(388,'01K2700ZBCW1DKT82Y177HRDPV',39,100,26,NULL,'2025-08-09 08:44:13','2025-08-09 08:44:13'),(389,'01K2700ZBJTX1MXS82QTE73FH6',39,26,23,NULL,'2025-08-09 08:44:13','2025-08-09 08:44:13'),(390,'01K2700ZBR9KNQXK66MZ7KFR1B',39,29,23,NULL,'2025-08-09 08:44:13','2025-08-09 08:44:13'),(391,'01K2700ZBXET18VWVZ0HEC433S',39,37,1,NULL,'2025-08-09 08:44:13','2025-08-09 08:44:13'),(392,'01K2700ZC23BJMG3NTP6WBS069',39,108,17,NULL,'2025-08-09 08:44:13','2025-08-09 08:44:13'),(393,'01K2700ZCCS63J3072YGBW5NX9',39,92,22,NULL,'2025-08-09 08:44:13','2025-08-09 08:44:13'),(394,'01K2700ZCJQWGRK51FTE50B2ND',38,64,21,NULL,'2025-08-09 08:44:13','2025-08-09 08:44:13'),(395,'01K2700ZFAT99ER20J9YJ41D9E',38,57,15,NULL,'2025-08-09 08:44:13','2025-08-09 08:44:13'),(396,'01K2700ZFF9YXDFCHNBNB91SZZ',38,10,7,NULL,'2025-08-09 08:44:13','2025-08-09 08:44:13'),(397,'01K2700ZGA3H7DZY6E9WTW1KM1',40,95,5,NULL,'2025-08-09 08:44:13','2025-08-09 08:44:13'),(398,'01K2700ZGH0TPARGB72YJXSDT9',40,76,15,NULL,'2025-08-09 08:44:13','2025-08-09 08:44:13'),(399,'01K2700ZGQX5SPEPMNKFB6YA4B',40,91,25,NULL,'2025-08-09 08:44:13','2025-08-09 08:44:13'),(400,'01K2700ZH2BPM1K3STE0386CBS',41,31,4,NULL,'2025-08-09 08:44:13','2025-08-09 08:44:13'),(401,'01K2700ZH8F1KWZMQF820SC437',41,9,1,NULL,'2025-08-09 08:44:13','2025-08-09 08:44:13'),(402,'01K2700ZHDB4MAH20JC7KM91DK',41,55,10,NULL,'2025-08-09 08:44:13','2025-08-09 08:44:13'),(403,'01K2700ZHJT3Q2Q4S3VA6N7J64',41,11,25,NULL,'2025-08-09 08:44:13','2025-08-09 08:44:13'),(404,'01K2700ZHQZG86FH1PMDMP67N6',41,83,15,NULL,'2025-08-09 08:44:13','2025-08-09 08:44:13'),(405,'01K2700ZHVF1MPP3FZSW9760KT',41,60,4,NULL,'2025-08-09 08:44:13','2025-08-09 08:44:13'),(406,'01K2700ZJHHFDAYBGTRH2HH600',39,54,5,NULL,'2025-08-09 08:44:13','2025-08-09 08:44:13'),(407,'01K2700ZJP5JM39WQHPVB3MK7F',39,10,3,NULL,'2025-08-09 08:44:13','2025-08-09 08:44:13'),(408,'01K2700ZJV3PC9F24MAQ180F7M',39,34,20,NULL,'2025-08-09 08:44:13','2025-08-09 08:44:13'),(409,'01K2700ZK1SG9NQNGBP8TPKB4D',38,94,14,NULL,'2025-08-09 08:44:13','2025-08-09 08:44:13'),(410,'01K2700ZK6AZQ1N7HXQ8SKZ59M',38,33,18,NULL,'2025-08-09 08:44:13','2025-08-09 08:44:13'),(411,'01K2700ZKBNWGAPSK20HRRXR5S',38,13,24,NULL,'2025-08-09 08:44:13','2025-08-09 08:44:13'),(412,'01K2700ZM6X7D94GX06XTT2XGZ',39,39,11,NULL,'2025-08-09 08:44:13','2025-08-09 08:44:13'),(413,'01K2700ZMAVSRV5X05CFY1CND5',39,71,29,NULL,'2025-08-09 08:44:13','2025-08-09 08:44:13'),(414,'01K2700ZMG1F2VG6BW92Q38HZR',39,42,30,NULL,'2025-08-09 08:44:13','2025-08-09 08:44:13'),(415,'01K2700ZMNC25C84ASABK13DA6',39,28,28,NULL,'2025-08-09 08:44:13','2025-08-09 08:44:13'),(416,'01K2700ZMTHNBPZRV5GYHTTAE6',39,81,17,NULL,'2025-08-09 08:44:13','2025-08-09 08:44:13'),(417,'01K2700ZN0FZG1JQFJA8G2445G',41,26,29,NULL,'2025-08-09 08:44:13','2025-08-09 08:44:13'),(418,'01K2700ZN47B1QS96X7QBG196Y',41,36,13,NULL,'2025-08-09 08:44:13','2025-08-09 08:44:13'),(419,'01K2700ZN9CYZP30M9DSMEVNGC',41,102,8,NULL,'2025-08-09 08:44:13','2025-08-09 08:44:13'),(420,'01K2700ZNEP8A71V6DWGR7EJMG',41,88,25,NULL,'2025-08-09 08:44:13','2025-08-09 08:44:13'),(421,'01K2700ZNK51JDZX0B91PA6CFP',41,70,21,NULL,'2025-08-09 08:44:13','2025-08-09 08:44:13'),(422,'01K2700ZNQPJPCM5R6G6613XSK',41,105,14,NULL,'2025-08-09 08:44:13','2025-08-09 08:44:13'),(423,'01K2700ZSDQRXKD5M6XTV6GSZ4',40,87,18,NULL,'2025-08-09 08:44:13','2025-08-09 08:44:13'),(424,'01K2700ZSKE2QVFC4RRTFJT2K2',40,103,16,NULL,'2025-08-09 08:44:14','2025-08-09 08:44:14'),(425,'01K2700ZSRB2QRNV01PRXS6C5G',40,50,28,NULL,'2025-08-09 08:44:14','2025-08-09 08:44:14'),(426,'01K2700ZSW3JX19VDVXE7X68TJ',40,46,10,NULL,'2025-08-09 08:44:14','2025-08-09 08:44:14'),(427,'01K2700ZT7X1JDH56ZBDND8PDN',42,28,7,NULL,'2025-08-09 08:44:14','2025-08-09 08:44:14'),(428,'01K2700ZTCZMBHB28702QGHJ4E',42,79,29,NULL,'2025-08-09 08:44:14','2025-08-09 08:44:14'),(429,'01K2700ZTJ76YZFQEHDSSGQSZQ',42,63,4,NULL,'2025-08-09 08:44:14','2025-08-09 08:44:14'),(430,'01K2700ZTQ0NKM7YCVRJVZ9TR6',42,73,1,NULL,'2025-08-09 08:44:14','2025-08-09 08:44:14'),(431,'01K2700ZVF9GVQ9VZK03S2DTN4',43,38,29,NULL,'2025-08-09 08:44:14','2025-08-09 08:44:14'),(432,'01K2700ZVMWRX7TBKQMT54PZQ7',43,10,29,NULL,'2025-08-09 08:44:14','2025-08-09 08:44:14'),(433,'01K2700ZVRTTKYJ8KMGR4SEZH5',43,97,6,NULL,'2025-08-09 08:44:14','2025-08-09 08:44:14'),(434,'01K2700ZVXM0854P8Q9N95XX5V',43,45,8,NULL,'2025-08-09 08:44:14','2025-08-09 08:44:14'),(435,'01K2700ZW2Z7QXCA2PCH8ZEPX3',43,49,23,NULL,'2025-08-09 08:44:14','2025-08-09 08:44:14'),(436,'01K2700ZW70517JAAYHRR1NWJV',43,47,14,NULL,'2025-08-09 08:44:14','2025-08-09 08:44:14'),(437,'01K2700ZWCQ300FH1BMABE33X6',42,17,17,NULL,'2025-08-09 08:44:14','2025-08-09 08:44:14'),(438,'01K2700ZWJKHYQKHWWJW77DGTD',42,50,17,NULL,'2025-08-09 08:44:14','2025-08-09 08:44:14'),(439,'01K2700ZWR9HFHXTRBGSXYBH6W',42,25,10,NULL,'2025-08-09 08:44:14','2025-08-09 08:44:14'),(440,'01K2700ZWXJNQ2PRJZBXVXX3DP',42,67,4,NULL,'2025-08-09 08:44:14','2025-08-09 08:44:14'),(441,'01K2700ZXNXW38EBFK54T5VG4Y',43,79,27,NULL,'2025-08-09 08:44:14','2025-08-09 08:44:14'),(442,'01K2700ZXTP22XQ694WYWYGWQW',43,42,11,NULL,'2025-08-09 08:44:14','2025-08-09 08:44:14'),(443,'01K2700ZXZV1CV1040KZ4Z7Q95',43,43,27,NULL,'2025-08-09 08:44:14','2025-08-09 08:44:14'),(444,'01K2700ZY5WASWZVT17CBCENBY',42,69,30,NULL,'2025-08-09 08:44:14','2025-08-09 08:44:14'),(445,'01K2700ZYBYH8NB6DAQ24XH6EY',42,42,25,NULL,'2025-08-09 08:44:14','2025-08-09 08:44:14'),(446,'01K2700ZYHWSZDRPF1VDH1HVGT',42,80,6,NULL,'2025-08-09 08:44:14','2025-08-09 08:44:14'),(447,'01K2700ZYP4BASSZQAVCP7ZVSB',42,93,20,NULL,'2025-08-09 08:44:14','2025-08-09 08:44:14'),(448,'01K2700ZYWW4QRPH5JGBBXWWSW',42,45,19,NULL,'2025-08-09 08:44:14','2025-08-09 08:44:14'),(449,'01K2700ZZ2J6MNY2CRTKAPV90J',42,9,30,NULL,'2025-08-09 08:44:14','2025-08-09 08:44:14'),(450,'01K270100810VG041YJCR0SYKJ',44,95,17,NULL,'2025-08-09 08:44:14','2025-08-09 08:44:14'),(451,'01K270100CXB8GPVHDC8Z3PSSH',44,34,21,NULL,'2025-08-09 08:44:14','2025-08-09 08:44:14'),(452,'01K270100HBWGAWKFJB87NRN5Z',44,72,23,NULL,'2025-08-09 08:44:14','2025-08-09 08:44:14'),(453,'01K2701039J8T350XM44RFJ3AH',44,103,14,NULL,'2025-08-09 08:44:14','2025-08-09 08:44:14'),(454,'01K270103KDQGJVKZW5G8J30GW',45,64,20,NULL,'2025-08-09 08:44:14','2025-08-09 08:44:14'),(455,'01K270103Q6BFGFKJHWW2KBDQA',45,93,27,NULL,'2025-08-09 08:44:14','2025-08-09 08:44:14'),(456,'01K270103WDCZXA90YHTRBA9XY',45,15,30,NULL,'2025-08-09 08:44:14','2025-08-09 08:44:14'),(457,'01K2701043RMRHPCF947F0PZ42',45,78,21,NULL,'2025-08-09 08:44:14','2025-08-09 08:44:14'),(458,'01K2701049P89ME38MY8RKTPQF',45,85,28,NULL,'2025-08-09 08:44:14','2025-08-09 08:44:14'),(459,'01K270104F0K13D3FT5D3ZX0HF',45,26,1,NULL,'2025-08-09 08:44:14','2025-08-09 08:44:14'),(460,'01K2701058880VSZVR83T9GF76',44,108,14,NULL,'2025-08-09 08:44:14','2025-08-09 08:44:14'),(461,'01K270105DBWNR2N2MKXM4BX3W',44,19,19,NULL,'2025-08-09 08:44:14','2025-08-09 08:44:14'),(462,'01K270105K22RKE0PN64P3SWK1',44,102,22,NULL,'2025-08-09 08:44:14','2025-08-09 08:44:14'),(463,'01K270105RKB0994D9KKK5X5EP',42,89,9,NULL,'2025-08-09 08:44:14','2025-08-09 08:44:14'),(464,'01K270105W0T4ZYS407N3SMQRA',42,98,15,NULL,'2025-08-09 08:44:14','2025-08-09 08:44:14'),(465,'01K2701062B0HK9PGY711RJQZB',42,26,12,NULL,'2025-08-09 08:44:14','2025-08-09 08:44:14'),(466,'01K2701077GNG2Z42Q67V89T2F',44,61,16,NULL,'2025-08-09 08:44:14','2025-08-09 08:44:14'),(467,'01K270107CK4YNH82NFXXQZZ1D',44,62,16,NULL,'2025-08-09 08:44:14','2025-08-09 08:44:14'),(468,'01K270107H46XHKAPFCXQEPXK6',44,60,17,NULL,'2025-08-09 08:44:14','2025-08-09 08:44:14'),(469,'01K270107PWT4F22NXHH8HY5C4',44,74,11,NULL,'2025-08-09 08:44:14','2025-08-09 08:44:14'),(470,'01K270107V4383JZZFY05CWFQE',44,94,30,NULL,'2025-08-09 08:44:14','2025-08-09 08:44:14'),(471,'01K2701088Z3SMC3MWWW55SVCR',46,67,4,NULL,'2025-08-09 08:44:14','2025-08-09 08:44:14'),(472,'01K270108D6GXDJRKBY2VPYDKF',46,48,4,NULL,'2025-08-09 08:44:14','2025-08-09 08:44:14'),(473,'01K270108JDV6D8EWGBJN85SNN',46,58,11,NULL,'2025-08-09 08:44:14','2025-08-09 08:44:14'),(474,'01K270108R7KQKXKK5N79PQ9XZ',46,54,18,NULL,'2025-08-09 08:44:14','2025-08-09 08:44:14'),(475,'01K270108X60QTCPTBJ769RP41',46,30,6,NULL,'2025-08-09 08:44:14','2025-08-09 08:44:14'),(476,'01K2701093QGQ8ZR4NFXP5EN79',46,51,2,NULL,'2025-08-09 08:44:14','2025-08-09 08:44:14'),(477,'01K270109ZFCYVQC3K4GWM1DGP',47,42,11,NULL,'2025-08-09 08:44:14','2025-08-09 08:44:14'),(478,'01K27010CS22YVB8C3BFSWHBV8',47,73,4,NULL,'2025-08-09 08:44:14','2025-08-09 08:44:14'),(479,'01K27010CY7K6TQSP3GTGK6KNC',47,68,19,NULL,'2025-08-09 08:44:14','2025-08-09 08:44:14'),(480,'01K27010D46FZ4BM702E954MJN',47,100,24,NULL,'2025-08-09 08:44:14','2025-08-09 08:44:14'),(481,'01K27010DAM02M7DFGTH2WFVGS',46,100,18,NULL,'2025-08-09 08:44:14','2025-08-09 08:44:14'),(482,'01K27010DFBR7HH3BKHKJCNW9Y',46,57,25,NULL,'2025-08-09 08:44:14','2025-08-09 08:44:14'),(483,'01K27010DNRFW5Y8N308R96Y6K',46,13,5,NULL,'2025-08-09 08:44:14','2025-08-09 08:44:14'),(484,'01K27010DWCQMVD45YCDQHPKK6',46,31,20,NULL,'2025-08-09 08:44:14','2025-08-09 08:44:14'),(485,'01K27010EREBVQ3XD2TT98K3JS',47,52,12,NULL,'2025-08-09 08:44:14','2025-08-09 08:44:14'),(486,'01K27010EZ9YV7HFYBB8A3EZZ6',47,87,17,NULL,'2025-08-09 08:44:14','2025-08-09 08:44:14'),(487,'01K27010F4PF54GWGT64PRMRTH',47,94,12,NULL,'2025-08-09 08:44:14','2025-08-09 08:44:14'),(488,'01K27010FEAFH6TR81KQABRW5J',48,54,22,NULL,'2025-08-09 08:44:14','2025-08-09 08:44:14'),(489,'01K27010FMKQFHPN2S44FDM81D',48,88,1,NULL,'2025-08-09 08:44:14','2025-08-09 08:44:14'),(490,'01K27010FS1757Y5G5Z49PSQPZ',48,48,21,NULL,'2025-08-09 08:44:14','2025-08-09 08:44:14'),(491,'01K27010FZSNYJCMWNR56S8JG5',48,51,21,NULL,'2025-08-09 08:44:14','2025-08-09 08:44:14'),(492,'01K27010G4VM2NCZB811EMQB1D',48,33,26,NULL,'2025-08-09 08:44:14','2025-08-09 08:44:14'),(493,'01K27010G7DA733YKJ6YCYCA7T',48,105,14,NULL,'2025-08-09 08:44:14','2025-08-09 08:44:14'),(494,'01K27010H17ZAT50GFSGR6R07E',47,85,25,NULL,'2025-08-09 08:44:14','2025-08-09 08:44:14'),(495,'01K27010H8P7QC97FGZZWJQRRJ',47,80,30,NULL,'2025-08-09 08:44:14','2025-08-09 08:44:14'),(496,'01K27010HETM76JMYFB033GNAC',47,61,28,NULL,'2025-08-09 08:44:14','2025-08-09 08:44:14'),(497,'01K27010HMHQ6M2QMKFAM817T8',48,97,2,NULL,'2025-08-09 08:44:14','2025-08-09 08:44:14'),(498,'01K27010HW1VQMD76MYXR04GF1',48,80,4,NULL,'2025-08-09 08:44:14','2025-08-09 08:44:14'),(499,'01K27010J0PPVQKJH207AJH3A7',48,108,13,NULL,'2025-08-09 08:44:14','2025-08-09 08:44:14'),(500,'01K27010J7TYHV48K3NY414VGX',48,75,12,NULL,'2025-08-09 08:44:14','2025-08-09 08:44:14'),(501,'01K27010JCCDYP1N6J9TWZCJXH',48,73,2,NULL,'2025-08-09 08:44:14','2025-08-09 08:44:14'),(502,'01K27010KCFCFHP006D323CN4Y',47,65,18,NULL,'2025-08-09 08:44:14','2025-08-09 08:44:14'),(503,'01K27010KGSR5XQ4YM139KP9SQ',47,16,3,NULL,'2025-08-09 08:44:14','2025-08-09 08:44:14'),(504,'01K27010KPSW2HJPTSEMZT2VZY',48,49,28,NULL,'2025-08-09 08:44:14','2025-08-09 08:44:14'),(505,'01K27010KV0EFZ58WWH6XMMJAG',48,28,6,NULL,'2025-08-09 08:44:14','2025-08-09 08:44:14'),(506,'01K27010KZHC498RY5NW0HTEAC',48,90,4,NULL,'2025-08-09 08:44:14','2025-08-09 08:44:14'),(507,'01K27010M4JX4BF40WQ5AG5XYY',48,43,9,NULL,'2025-08-09 08:44:14','2025-08-09 08:44:14'),(508,'01K27010QYE27PD561QBVWPA18',49,100,4,NULL,'2025-08-09 08:44:14','2025-08-09 08:44:14'),(509,'01K27010R3884ERR80NKCA9398',49,72,11,NULL,'2025-08-09 08:44:14','2025-08-09 08:44:14'),(510,'01K27010R76B3PZZ786MWZ485R',49,41,27,NULL,'2025-08-09 08:44:14','2025-08-09 08:44:14'),(511,'01K27010RCP2T3CBTXKGBA2QJV',49,9,4,NULL,'2025-08-09 08:44:14','2025-08-09 08:44:14'),(512,'01K27010RFKPWZ8HW9XMXQ1B53',49,64,28,NULL,'2025-08-09 08:44:14','2025-08-09 08:44:14'),(513,'01K27010RSBK1NJ7DN526D4MJG',50,10,19,NULL,'2025-08-09 08:44:15','2025-08-09 08:44:15'),(514,'01K27010RYTJHA3J0YWA03Z0R3',50,90,19,NULL,'2025-08-09 08:44:15','2025-08-09 08:44:15'),(515,'01K27010S3PK3RA6CQ3H31SR1C',50,58,27,NULL,'2025-08-09 08:44:15','2025-08-09 08:44:15'),(516,'01K27010S8B6Z72Q2G9S3C7935',50,28,22,NULL,'2025-08-09 08:44:15','2025-08-09 08:44:15'),(517,'01K27010T1CT9XZA7TXQ4VWVVN',51,76,18,NULL,'2025-08-09 08:44:15','2025-08-09 08:44:15'),(518,'01K27010T7E5G83R8GA381FR7K',51,24,24,NULL,'2025-08-09 08:44:15','2025-08-09 08:44:15'),(519,'01K27010TD24P25JB0BXNBAJJJ',51,101,12,NULL,'2025-08-09 08:44:15','2025-08-09 08:44:15'),(520,'01K27010TJ749FXCRMA0MKHJ8S',51,46,28,NULL,'2025-08-09 08:44:15','2025-08-09 08:44:15'),(521,'01K27010TXWDW7MSRJBWY70HBD',52,107,8,NULL,'2025-08-09 08:44:15','2025-08-09 08:44:15'),(522,'01K27010V15R9K91RNMSYDZWX6',52,74,23,NULL,'2025-08-09 08:44:15','2025-08-09 08:44:15'),(523,'01K27010V81HAPQV9MGBNM8C32',52,45,7,NULL,'2025-08-09 08:44:15','2025-08-09 08:44:15'),(524,'01K27010VCHQA1EZZKEFHB14VT',52,106,1,NULL,'2025-08-09 08:44:15','2025-08-09 08:44:15'),(525,'01K27010VJ2CT14HXVYE4E0GNG',52,81,20,NULL,'2025-08-09 08:44:15','2025-08-09 08:44:15'),(526,'01K27010W8XMF6AD68EHZ35P8A',51,57,20,NULL,'2025-08-09 08:44:15','2025-08-09 08:44:15'),(527,'01K27010WDD68AYSP42JWZSN36',51,13,20,NULL,'2025-08-09 08:44:15','2025-08-09 08:44:15'),(528,'01K27010WKNQRATXY0Y088SV1S',52,49,5,NULL,'2025-08-09 08:44:15','2025-08-09 08:44:15'),(529,'01K27010WRXSY9KYHFAT1FQJWN',52,82,25,NULL,'2025-08-09 08:44:15','2025-08-09 08:44:15'),(530,'01K27010WWVGY9YNGR2BK8VE03',52,38,22,NULL,'2025-08-09 08:44:15','2025-08-09 08:44:15'),(531,'01K27010X165EC6CX5RXBQPE5Z',52,76,28,NULL,'2025-08-09 08:44:15','2025-08-09 08:44:15'),(532,'01K27010X71V8DKCT3Q4S0G04D',52,31,3,NULL,'2025-08-09 08:44:15','2025-08-09 08:44:15'),(533,'01K27010Y4BX5CGA54P1W00PVA',51,27,15,NULL,'2025-08-09 08:44:15','2025-08-09 08:44:15'),(534,'01K270110XBGCV1WV5ZQDS3J6S',51,65,9,NULL,'2025-08-09 08:44:15','2025-08-09 08:44:15'),(535,'01K2701112QRF4XC96JZTW5YJ1',51,38,2,NULL,'2025-08-09 08:44:15','2025-08-09 08:44:15'),(536,'01K2701116AC1959QBDR4JXXNX',51,36,10,NULL,'2025-08-09 08:44:15','2025-08-09 08:44:15'),(537,'01K270111CZATE49E40ZH9QPP5',51,85,10,NULL,'2025-08-09 08:44:15','2025-08-09 08:44:15'),(538,'01K270111H0QAGZMWD4MZD7SMM',52,85,3,NULL,'2025-08-09 08:44:15','2025-08-09 08:44:15'),(539,'01K270111RDYSE05P62B4S32SD',52,93,23,NULL,'2025-08-09 08:44:15','2025-08-09 08:44:15'),(540,'01K270111W63SDN0T4B33W49KH',52,56,1,NULL,'2025-08-09 08:44:15','2025-08-09 08:44:15'),(541,'01K27011228GCN29C0A5FFP5XY',52,40,23,NULL,'2025-08-09 08:44:15','2025-08-09 08:44:15'),(542,'01K2701126FCQDV3F87P8HPB58',52,37,4,NULL,'2025-08-09 08:44:15','2025-08-09 08:44:15'),(543,'01K270112APC9WFPBV09XXSDWC',52,84,19,NULL,'2025-08-09 08:44:15','2025-08-09 08:44:15'),(544,'01K270113M953YTEZAT8NSAWQ5',53,25,27,NULL,'2025-08-09 08:44:15','2025-08-09 08:44:15'),(545,'01K270113T3KN153D01AKTKR5F',53,40,25,NULL,'2025-08-09 08:44:15','2025-08-09 08:44:15'),(546,'01K270113ZW319WAYPHG6Y28MT',53,98,9,NULL,'2025-08-09 08:44:15','2025-08-09 08:44:15'),(547,'01K2701144DQY8ARQJFP60J7VM',53,50,30,NULL,'2025-08-09 08:44:15','2025-08-09 08:44:15'),(548,'01K27011486RXVR84NP2DXW14F',53,82,12,NULL,'2025-08-09 08:44:15','2025-08-09 08:44:15'),(549,'01K270114DC2W9TWE387R95EYW',52,66,24,NULL,'2025-08-09 08:44:15','2025-08-09 08:44:15'),(550,'01K270114K05BWV1C6F90D4FVN',52,77,20,NULL,'2025-08-09 08:44:15','2025-08-09 08:44:15'),(551,'01K270114RA633S57G2D1N3EGP',52,60,30,NULL,'2025-08-09 08:44:15','2025-08-09 08:44:15'),(552,'01K270114XK531YK18PXBMRPJ5',52,86,14,NULL,'2025-08-09 08:44:15','2025-08-09 08:44:15'),(553,'01K2701152RC8G4GRNQP8KKC9R',52,63,9,NULL,'2025-08-09 08:44:15','2025-08-09 08:44:15'),(554,'01K2701157DR8P2F5R8PZN0S93',52,79,24,NULL,'2025-08-09 08:44:15','2025-08-09 08:44:15'),(555,'01K270116HW8VN46Y4GD5WJBPN',53,16,14,NULL,'2025-08-09 08:44:15','2025-08-09 08:44:15'),(556,'01K270116PGQS79DFWDH2120J5',53,13,19,NULL,'2025-08-09 08:44:15','2025-08-09 08:44:15'),(557,'01K270116V402YZAJAK7BEJJ73',53,59,7,NULL,'2025-08-09 08:44:15','2025-08-09 08:44:15'),(558,'01K27011706KB6TE51V12AW64K',53,55,3,NULL,'2025-08-09 08:44:15','2025-08-09 08:44:15'),(559,'01K2701174N2CD9TQ7J6YKDJMY',53,23,10,NULL,'2025-08-09 08:44:15','2025-08-09 08:44:15'),(560,'01K270117EX3F177YHFNX7A4EK',54,103,4,NULL,'2025-08-09 08:44:15','2025-08-09 08:44:15'),(561,'01K270117KX9C8VENM510EZ0BT',54,96,15,NULL,'2025-08-09 08:44:15','2025-08-09 08:44:15'),(562,'01K27011AGTMN6WXBJEZW0GDVV',54,94,14,NULL,'2025-08-09 08:44:15','2025-08-09 08:44:15'),(563,'01K27011AQ95BAQTQ3M3S9W98E',54,108,5,NULL,'2025-08-09 08:44:15','2025-08-09 08:44:15'),(564,'01K27011AVY3DG8H1NTC5KEFZZ',54,11,11,NULL,'2025-08-09 08:44:15','2025-08-09 08:44:15'),(565,'01K27011BR3AWR77Y8FKHE8R57',55,13,5,NULL,'2025-08-09 08:44:15','2025-08-09 08:44:15'),(566,'01K27011BX6PNP0R4706K3RW4G',55,50,20,NULL,'2025-08-09 08:44:15','2025-08-09 08:44:15'),(567,'01K27011C3TFDG7PYHCFY5GSDR',55,32,26,NULL,'2025-08-09 08:44:15','2025-08-09 08:44:15'),(568,'01K27011C8XV6SGQDE68Y05CEY',55,60,8,NULL,'2025-08-09 08:44:15','2025-08-09 08:44:15'),(569,'01K27011CDM99YC71PR5QF1QS9',55,71,8,NULL,'2025-08-09 08:44:15','2025-08-09 08:44:15'),(570,'01K27011CSXVV9G5RSPBZPH8GR',56,67,7,NULL,'2025-08-09 08:44:15','2025-08-09 08:44:15'),(571,'01K27011CYGRD0DMBSTN8VB5M1',56,107,28,NULL,'2025-08-09 08:44:15','2025-08-09 08:44:15'),(572,'01K27011D42E4YBCD6X532BH2S',56,61,30,NULL,'2025-08-09 08:44:15','2025-08-09 08:44:15'),(573,'01K27011D9JZ82SSGEAHFRA6WV',56,69,19,NULL,'2025-08-09 08:44:15','2025-08-09 08:44:15'),(574,'01K27011DW857A516C1X662443',55,33,22,NULL,'2025-08-09 08:44:15','2025-08-09 08:44:15'),(575,'01K27011E1878N154YZP4SPTT5',55,18,28,NULL,'2025-08-09 08:44:15','2025-08-09 08:44:15'),(576,'01K27011E6JWP5DTJHF4Z9RJPH',55,31,20,NULL,'2025-08-09 08:44:15','2025-08-09 08:44:15'),(577,'01K27011ECV3S89B6QNNGNFV7D',54,89,21,NULL,'2025-08-09 08:44:15','2025-08-09 08:44:15'),(578,'01K27011EJW0EYJ71E11BFWX50',54,42,4,NULL,'2025-08-09 08:44:15','2025-08-09 08:44:15'),(579,'01K27011EQMYVJG1YF0P5HQPN0',54,52,27,NULL,'2025-08-09 08:44:15','2025-08-09 08:44:15'),(580,'01K27011EZRC7CSQPE14J6Z3Q4',54,29,19,NULL,'2025-08-09 08:44:15','2025-08-09 08:44:15'),(581,'01K27011F6B7AMNCPTWNPE325K',54,48,12,NULL,'2025-08-09 08:44:15','2025-08-09 08:44:15'),(582,'01K27011G196WJKSXW8TW4YQ6F',55,19,29,NULL,'2025-08-09 08:44:15','2025-08-09 08:44:15'),(583,'01K27011G53M6BTM5RRW9QBSY5',55,65,21,NULL,'2025-08-09 08:44:15','2025-08-09 08:44:15'),(584,'01K27011GAZMMGSJAYT4BMV1XB',55,16,16,NULL,'2025-08-09 08:44:15','2025-08-09 08:44:15'),(585,'01K27011GG1PZQX0WRPY6362CB',54,30,27,NULL,'2025-08-09 08:44:15','2025-08-09 08:44:15'),(586,'01K27011GM6GHA8ZDVT1E594Z0',54,37,13,NULL,'2025-08-09 08:44:15','2025-08-09 08:44:15'),(587,'01K27011GS9DFSMCYM4E3EKT26',54,51,15,NULL,'2025-08-09 08:44:15','2025-08-09 08:44:15'),(588,'01K27011H26FNZATYFK8CBDT5C',54,61,9,NULL,'2025-08-09 08:44:15','2025-08-09 08:44:15'),(589,'01K27011H7X1Z2G2BST5C2CH6R',54,43,29,NULL,'2025-08-09 08:44:15','2025-08-09 08:44:15'),(590,'01K27011HB4QA7691WMW747915',54,44,21,NULL,'2025-08-09 08:44:15','2025-08-09 08:44:15'),(591,'01K27011MH4GKX71NW1E6AAX9K',57,94,27,NULL,'2025-08-09 08:44:15','2025-08-09 08:44:15'),(592,'01K27011MP3JDZ2YWEPPT04P4M',57,74,5,NULL,'2025-08-09 08:44:15','2025-08-09 08:44:15'),(593,'01K27011MWZ76VF50QY2SJD3F6',57,99,17,NULL,'2025-08-09 08:44:15','2025-08-09 08:44:15'),(594,'01K27011N1FZHSF2ESGAFF1P77',57,104,22,NULL,'2025-08-09 08:44:15','2025-08-09 08:44:15'),(595,'01K27011N6HHX3CERASG83NY5G',57,64,27,NULL,'2025-08-09 08:44:15','2025-08-09 08:44:15'),(596,'01K27011NB1E3RB43ZXKWR1THR',57,51,3,NULL,'2025-08-09 08:44:15','2025-08-09 08:44:15'),(597,'01K27011NFWB2CC9QYM16PN3CX',56,57,29,NULL,'2025-08-09 08:44:15','2025-08-09 08:44:15'),(598,'01K27011NMPN062RAMHCKDG76M',56,66,19,NULL,'2025-08-09 08:44:15','2025-08-09 08:44:15'),(599,'01K27011NRPETV5152VTPQ288T',56,73,4,NULL,'2025-08-09 08:44:15','2025-08-09 08:44:15'),(600,'01K27011NXN1JYK2G9X1HR41MJ',56,60,14,NULL,'2025-08-09 08:44:15','2025-08-09 08:44:15'),(601,'01K27011PK1XQBX37R7A0R0N7V',55,17,22,NULL,'2025-08-09 08:44:15','2025-08-09 08:44:15'),(602,'01K27011PRBTY6X9TRSV8M2MYY',55,94,2,NULL,'2025-08-09 08:44:15','2025-08-09 08:44:15'),(603,'01K27011PWPKDFX029YBGFW3M2',55,106,29,NULL,'2025-08-09 08:44:15','2025-08-09 08:44:15'),(604,'01K27011Q492ZDYV43NBR409QH',55,29,27,NULL,'2025-08-09 08:44:15','2025-08-09 08:44:15'),(605,'01K27011QFEYYSF7DWW5WG43ER',58,42,6,NULL,'2025-08-09 08:44:15','2025-08-09 08:44:15'),(606,'01K27011QND56065K7PXNXPEH8',58,86,4,NULL,'2025-08-09 08:44:15','2025-08-09 08:44:15'),(607,'01K27011QTREZVXB4C0ETW72TE',58,57,5,NULL,'2025-08-09 08:44:15','2025-08-09 08:44:15'),(608,'01K27011QYT7VB82HJ57C7R5FP',58,88,17,NULL,'2025-08-09 08:44:15','2025-08-09 08:44:15'),(609,'01K27011R3TT3A2EHEB2YSD1YC',58,93,8,NULL,'2025-08-09 08:44:16','2025-08-09 08:44:16'),(610,'01K27011RT7S1XKYR9A7CQKNB0',59,48,12,NULL,'2025-08-09 08:44:16','2025-08-09 08:44:16'),(611,'01K27011RZG1P8Q0QKYC20ARKE',59,21,14,NULL,'2025-08-09 08:44:16','2025-08-09 08:44:16'),(612,'01K27011S47BHVYM2BE00AZERN',59,57,28,NULL,'2025-08-09 08:44:16','2025-08-09 08:44:16'),(613,'01K27011SE6RTWH0052R4VGKBZ',60,103,20,NULL,'2025-08-09 08:44:16','2025-08-09 08:44:16'),(614,'01K27011SNF66E6F3ZGKX9VFHC',60,66,2,NULL,'2025-08-09 08:44:16','2025-08-09 08:44:16'),(615,'01K27011SV0EERS6FMTBPKBJG2',60,17,30,NULL,'2025-08-09 08:44:16','2025-08-09 08:44:16'),(616,'01K27011T09YEFRGQXREXPAT6G',60,50,5,NULL,'2025-08-09 08:44:16','2025-08-09 08:44:16'),(617,'01K27011T4VDGKPXXZDKK2SEGC',60,78,5,NULL,'2025-08-09 08:44:16','2025-08-09 08:44:16'),(618,'01K27011T9ZEHBPNPNCWQDECZZ',60,38,13,NULL,'2025-08-09 08:44:16','2025-08-09 08:44:16'),(619,'01K27011XRESK7B62P2M2WE9TB',61,27,8,NULL,'2025-08-09 08:44:16','2025-08-09 08:44:16'),(620,'01K27011XXDJ8T98083RB8VECA',61,21,18,NULL,'2025-08-09 08:44:16','2025-08-09 08:44:16'),(621,'01K27011Y2SWV38X8DHPHCS9EJ',61,30,6,NULL,'2025-08-09 08:44:16','2025-08-09 08:44:16'),(622,'01K27011Y70Q4VW6J29Q9KX6MF',61,71,5,NULL,'2025-08-09 08:44:16','2025-08-09 08:44:16'),(623,'01K27011YC8P7YGDG77SXSNHXK',60,63,17,NULL,'2025-08-09 08:44:16','2025-08-09 08:44:16'),(624,'01K27011YHFBN2VKC1TMP35430',60,39,7,NULL,'2025-08-09 08:44:16','2025-08-09 08:44:16'),(625,'01K27011YP10M12YGRF41MVZC7',60,20,2,NULL,'2025-08-09 08:44:16','2025-08-09 08:44:16'),(626,'01K27011ZDZTGGD4HG5YN8N3VH',61,38,1,NULL,'2025-08-09 08:44:16','2025-08-09 08:44:16'),(627,'01K27011ZJPQWQRQXK6KJ0NZVB',61,35,4,NULL,'2025-08-09 08:44:16','2025-08-09 08:44:16'),(628,'01K27011ZQ98KZR8WKS5QYCB6E',61,10,6,NULL,'2025-08-09 08:44:16','2025-08-09 08:44:16'),(629,'01K27011ZX04VMC5P5WM0SV9E9',58,24,12,NULL,'2025-08-09 08:44:16','2025-08-09 08:44:16'),(630,'01K2701203AQT78BXC6EFXE3WR',58,34,18,NULL,'2025-08-09 08:44:16','2025-08-09 08:44:16'),(631,'01K2701208W5T48YCVYFSNQSQF',58,30,20,NULL,'2025-08-09 08:44:16','2025-08-09 08:44:16'),(632,'01K270120YDY4NKHSXZM2X5FY7',59,53,27,NULL,'2025-08-09 08:44:16','2025-08-09 08:44:16'),(633,'01K270121370710607CTADGQ6H',59,92,19,NULL,'2025-08-09 08:44:16','2025-08-09 08:44:16'),(634,'01K2701217FFZ6AGKQ1YT3ES5K',59,31,16,NULL,'2025-08-09 08:44:16','2025-08-09 08:44:16'),(635,'01K270121BWKX7QRXJ3A11P0QJ',59,91,12,NULL,'2025-08-09 08:44:16','2025-08-09 08:44:16'),(636,'01K270121GNE08TBMKMZ1GDQZD',59,74,19,NULL,'2025-08-09 08:44:16','2025-08-09 08:44:16'),(637,'01K270121MK4V09E4YE4SDSW46',59,22,8,NULL,'2025-08-09 08:44:16','2025-08-09 08:44:16'),(638,'01K270121TMBJA74XAM1D5AGST',58,107,18,NULL,'2025-08-09 08:44:16','2025-08-09 08:44:16'),(639,'01K27012244XCG5CE98FWZHF9W',58,80,26,NULL,'2025-08-09 08:44:16','2025-08-09 08:44:16'),(640,'01K270122Z3VSK9T8KNYGGCXEE',61,17,4,NULL,'2025-08-09 08:44:16','2025-08-09 08:44:16'),(641,'01K270123451R1M0E2SA0ZHVDW',61,62,25,NULL,'2025-08-09 08:44:16','2025-08-09 08:44:16'),(642,'01K27012399H6V6K48Y0W0R7DF',61,56,1,NULL,'2025-08-09 08:44:16','2025-08-09 08:44:16'),(643,'01K270123E8YZZTG1KBAS3YTXA',61,106,26,NULL,'2025-08-09 08:44:16','2025-08-09 08:44:16'),(644,'01K270123KN1Z7R3D0CAJBGDPR',61,55,8,NULL,'2025-08-09 08:44:16','2025-08-09 08:44:16'),(645,'01K273K462DZZBCFJM6STRYJKD',62,4,3,NULL,'2025-08-09 09:46:34','2025-08-09 09:46:34'),(646,'01K273KMP6MTQVF9E566DXZS50',62,6,1,NULL,'2025-08-09 09:46:50','2025-08-09 09:46:50'),(647,'01K273M8JNEYMQDR4KKDFG8GKR',62,7,5,NULL,'2025-08-09 09:47:11','2025-08-09 09:47:11');
/*!40000 ALTER TABLE `stock_order_items` ENABLE KEYS */;
UNLOCK TABLES;

--
-- Table structure for table `stock_orders`
--

DROP TABLE IF EXISTS `stock_orders`;
/*!40101 SET @saved_cs_client     = @@character_set_client */;
/*!50503 SET character_set_client = utf8mb4 */;
CREATE TABLE `stock_orders` (
  `id` bigint unsigned NOT NULL AUTO_INCREMENT,
  `truck_id` bigint unsigned NOT NULL,
  `warehouse_id` bigint unsigned DEFAULT NULL,
  `supplier_id` bigint unsigned DEFAULT NULL,
  `status` varchar(255) COLLATE utf8mb4_unicode_ci NOT NULL DEFAULT 'pending',
  `ordered_at` timestamp NOT NULL DEFAULT CURRENT_TIMESTAMP,
  `created_at` timestamp NULL DEFAULT NULL,
  `updated_at` timestamp NULL DEFAULT NULL,
  `ulid` char(26) COLLATE utf8mb4_unicode_ci DEFAULT NULL,
  PRIMARY KEY (`id`),
  UNIQUE KEY `stock_orders_ulid_unique` (`ulid`),
  KEY `stock_orders_warehouse_id_foreign` (`warehouse_id`),
  KEY `stock_orders_supplier_id_foreign` (`supplier_id`),
  KEY `ix_so_truck_created` (`truck_id`,`created_at`),
  CONSTRAINT `stock_orders_supplier_id_foreign` FOREIGN KEY (`supplier_id`) REFERENCES `suppliers` (`id`) ON DELETE SET NULL,
  CONSTRAINT `stock_orders_truck_id_foreign` FOREIGN KEY (`truck_id`) REFERENCES `trucks` (`id`) ON DELETE CASCADE,
  CONSTRAINT `stock_orders_warehouse_id_foreign` FOREIGN KEY (`warehouse_id`) REFERENCES `warehouses` (`id`) ON DELETE CASCADE
) ENGINE=InnoDB AUTO_INCREMENT=63 DEFAULT CHARSET=utf8mb4 COLLATE=utf8mb4_unicode_ci;
/*!40101 SET character_set_client = @saved_cs_client */;

--
-- Dumping data for table `stock_orders`
--

LOCK TABLES `stock_orders` WRITE;
/*!40000 ALTER TABLE `stock_orders` DISABLE KEYS */;
INSERT INTO `stock_orders` VALUES (1,2,4,NULL,'pending','2025-08-08 07:18:01','2025-08-09 07:18:01','2025-08-09 07:18:01','01K26V34EX1BZ0KCPD7RDT87JV'),(2,3,5,NULL,'completed','2025-08-07 07:22:00','2025-08-09 07:22:00','2025-08-09 07:22:00','01K26VAE9S9GZ7A2E61MSQ8WJ9'),(3,6,8,NULL,'completed','2025-07-15 08:44:09','2025-08-09 08:44:09','2025-08-09 08:44:09','01K2700V6JTATZ9D6VQGT58C57'),(4,6,8,NULL,'pending','2025-07-27 08:44:09','2025-08-09 08:44:09','2025-08-09 08:44:09','01K2700V7MDY9SJPXR87XS2PMW'),(5,6,7,NULL,'completed','2025-07-08 08:44:09','2025-08-09 08:44:09','2025-08-09 08:44:09','01K2700V8G7FQ1ST1NCRN7CN6P'),(6,6,7,NULL,'pending','2025-07-20 08:44:09','2025-08-09 08:44:09','2025-08-09 08:44:09','01K2700VDA9FSJ4J7F5BPHXVWA'),(7,7,7,NULL,'completed','2025-07-26 08:44:09','2025-08-09 08:44:09','2025-08-09 08:44:09','01K2700VQ51M6JEQJ65EBFGH91'),(8,7,8,NULL,'pending','2025-06-26 08:44:09','2025-08-09 08:44:09','2025-08-09 08:44:09','01K2700VRREZN9D82NZEZSTSG0'),(9,7,8,NULL,'completed','2025-07-23 08:44:09','2025-08-09 08:44:09','2025-08-09 08:44:09','01K2700VSPGW4318ARQDE8KAKD'),(10,7,7,NULL,'pending','2025-06-15 08:44:09','2025-08-09 08:44:09','2025-08-09 08:44:09','01K2700VV9CZD0A4RKS4R7T9N6'),(11,8,7,NULL,'completed','2025-06-28 08:44:10','2025-08-09 08:44:10','2025-08-09 08:44:10','01K2700W611YM7Y6S4S17KJFAE'),(12,8,8,NULL,'pending','2025-06-16 08:44:10','2025-08-09 08:44:10','2025-08-09 08:44:10','01K2700W72AENCST63KXEGXSJR'),(13,8,8,NULL,'completed','2025-08-02 08:44:10','2025-08-09 08:44:10','2025-08-09 08:44:10','01K2700WFZPTKA83WCTR7SHMWY'),(14,8,7,NULL,'pending','2025-07-23 08:44:10','2025-08-09 08:44:10','2025-08-09 08:44:10','01K2700WP855ZHXTCPQG514HTK'),(15,9,10,NULL,'completed','2025-07-11 08:44:10','2025-08-09 08:44:10','2025-08-09 08:44:10','01K2700WQ0YSGR438VDRPPGHE4'),(16,9,10,NULL,'pending','2025-06-23 08:44:10','2025-08-09 08:44:10','2025-08-09 08:44:10','01K2700WRGPQ5Y7JR9HK79QQZW'),(17,9,9,NULL,'pending','2025-07-19 08:44:10','2025-08-09 08:44:10','2025-08-09 08:44:10','01K2700WTCP94SCS1XF7JSMFNC'),(18,9,9,NULL,'completed','2025-07-24 08:44:10','2025-08-09 08:44:10','2025-08-09 08:44:10','01K2700WV48KC9QJQNNNVDXQR4'),(19,10,9,NULL,'completed','2025-07-23 08:44:11','2025-08-09 08:44:11','2025-08-09 08:44:11','01K2700X3D9MPH2CKF50WW7KQD'),(20,10,9,NULL,'pending','2025-06-23 08:44:11','2025-08-09 08:44:11','2025-08-09 08:44:11','01K2700X4CF51HZTMCSMMJJ9TC'),(21,10,10,NULL,'pending','2025-07-08 08:44:11','2025-08-09 08:44:11','2025-08-09 08:44:11','01K2700X6B33D0YZB4R718RMJY'),(22,11,10,NULL,'completed','2025-07-17 08:44:11','2025-08-09 08:44:11','2025-08-09 08:44:11','01K2700XKQZZWRRYMF3J83E14Q'),(23,11,9,NULL,'pending','2025-07-12 08:44:11','2025-08-09 08:44:11','2025-08-09 08:44:11','01K2700XMR83F6JBF88TZZ4PGG'),(24,11,9,NULL,'completed','2025-07-10 08:44:11','2025-08-09 08:44:11','2025-08-09 08:44:11','01K2700XNR4HKPF1ZT4YCQXDZ7'),(25,11,10,NULL,'pending','2025-06-16 08:44:11','2025-08-09 08:44:11','2025-08-09 08:44:11','01K2700XRS4D49YK6P7989YEQJ'),(26,12,12,NULL,'completed','2025-07-25 08:44:12','2025-08-09 08:44:12','2025-08-09 08:44:12','01K2700Y0KV2A0QM6WRVZT1K60'),(27,12,12,NULL,'pending','2025-06-11 08:44:12','2025-08-09 08:44:12','2025-08-09 08:44:12','01K2700Y23302WA6T2H19Y2PV4'),(28,12,11,NULL,'completed','2025-06-24 08:44:12','2025-08-09 08:44:12','2025-08-09 08:44:12','01K2700Y315QJY522F68RYQC5Y'),(29,12,11,NULL,'pending','2025-06-25 08:44:12','2025-08-09 08:44:12','2025-08-09 08:44:12','01K2700Y5WSH3KP3APFCKJZKY1'),(30,13,11,NULL,'completed','2025-08-08 08:44:12','2025-08-09 08:44:12','2025-08-09 08:44:12','01K2700YDEJ070M9JZRVY9D5QA'),(31,13,12,NULL,'pending','2025-06-26 08:44:12','2025-08-09 08:44:12','2025-08-09 08:44:12','01K2700YF79B7H85GPREDCTTJC'),(32,13,12,NULL,'completed','2025-07-10 08:44:12','2025-08-09 08:44:12','2025-08-09 08:44:12','01K2700YJNM7C4C5Z6G694QSD1'),(33,13,11,NULL,'pending','2025-07-08 08:44:12','2025-08-09 08:44:12','2025-08-09 08:44:12','01K2700YKRKAK7RW64F6PDZWGK'),(34,14,11,NULL,'completed','2025-07-21 08:44:13','2025-08-09 08:44:13','2025-08-09 08:44:13','01K2700YY2SFZTENPEG3AWD72F'),(35,14,12,NULL,'pending','2025-06-22 08:44:13','2025-08-09 08:44:13','2025-08-09 08:44:13','01K2700YZDRZX00JPES2G8N98B'),(36,14,12,NULL,'completed','2025-07-03 08:44:13','2025-08-09 08:44:13','2025-08-09 08:44:13','01K2700Z0E515YWK2Z5YFR5JF2'),(37,14,11,NULL,'pending','2025-08-05 08:44:13','2025-08-09 08:44:13','2025-08-09 08:44:13','01K2700Z5SCSP111SD1D7QH08F'),(38,15,13,NULL,'completed','2025-07-03 08:44:13','2025-08-09 08:44:13','2025-08-09 08:44:13','01K2700Z9T3JWVQDXJ4FKM0WN6'),(39,15,13,NULL,'pending','2025-06-23 08:44:13','2025-08-09 08:44:13','2025-08-09 08:44:13','01K2700ZB7AYPZ55158FPTZ1N2'),(40,15,14,NULL,'pending','2025-07-09 08:44:13','2025-08-09 08:44:13','2025-08-09 08:44:13','01K2700ZG5SHH4NTQ22VF4335P'),(41,15,14,NULL,'completed','2025-08-02 08:44:13','2025-08-09 08:44:13','2025-08-09 08:44:13','01K2700ZGX1SK5F9R0TES5WNRE'),(42,16,14,NULL,'completed','2025-08-05 08:44:14','2025-08-09 08:44:14','2025-08-09 08:44:14','01K2700ZT247E1SM2JPY69YJ9Z'),(43,16,14,NULL,'pending','2025-07-05 08:44:14','2025-08-09 08:44:14','2025-08-09 08:44:14','01K2700ZVA10TMNNK7RDYW4VFX'),(44,16,13,NULL,'pending','2025-07-09 08:44:14','2025-08-09 08:44:14','2025-08-09 08:44:14','01K27010031BWDPTBTQSF1ZWCN'),(45,16,13,NULL,'completed','2025-07-15 08:44:14','2025-08-09 08:44:14','2025-08-09 08:44:14','01K270103EBENJH02AQVW6WWZB'),(46,17,14,NULL,'completed','2025-06-22 08:44:14','2025-08-09 08:44:14','2025-08-09 08:44:14','01K2701081NT5JGQZ8Z88YE7TW'),(47,17,14,NULL,'pending','2025-06-23 08:44:14','2025-08-09 08:44:14','2025-08-09 08:44:14','01K270109S2DS5H45FK6JRN1M6'),(48,17,13,NULL,'completed','2025-07-18 08:44:14','2025-08-09 08:44:14','2025-08-09 08:44:14','01K27010F9DY0NKMXWJH2X50V0'),(49,17,13,NULL,'pending','2025-07-25 08:44:14','2025-08-09 08:44:14','2025-08-09 08:44:14','01K27010QRX0WVFX3EQK8WVR2M'),(50,18,16,NULL,'completed','2025-07-29 08:44:14','2025-08-09 08:44:14','2025-08-09 08:44:14','01K27010RMYNY7DF3EDX7SZR3Y'),(51,18,16,NULL,'pending','2025-07-23 08:44:15','2025-08-09 08:44:15','2025-08-09 08:44:15','01K27010SV6AW3STN5PW99HQNW'),(52,18,15,NULL,'completed','2025-08-06 08:44:15','2025-08-09 08:44:15','2025-08-09 08:44:15','01K27010TRN7PNE6HKPVKNVSXF'),(53,18,15,NULL,'pending','2025-07-14 08:44:15','2025-08-09 08:44:15','2025-08-09 08:44:15','01K270113EPN6RE3GQFDXYNTPK'),(54,19,16,NULL,'completed','2025-07-31 08:44:15','2025-08-09 08:44:15','2025-08-09 08:44:15','01K2701179AJTJ3NKET0DZHGBA'),(55,19,16,NULL,'pending','2025-06-25 08:44:15','2025-08-09 08:44:15','2025-08-09 08:44:15','01K27011BM71C2SFHFGZFFGVD1'),(56,19,15,NULL,'completed','2025-07-29 08:44:15','2025-08-09 08:44:15','2025-08-09 08:44:15','01K27011CJR3J441QC02N5VP96'),(57,19,15,NULL,'pending','2025-06-21 08:44:15','2025-08-09 08:44:15','2025-08-09 08:44:15','01K27011MCS3HKGNCVMSTJTVCF'),(58,20,16,NULL,'completed','2025-07-15 08:44:15','2025-08-09 08:44:15','2025-08-09 08:44:15','01K27011QAJX6W6KSHP8SD9KC7'),(59,20,15,NULL,'pending','2025-07-29 08:44:16','2025-08-09 08:44:16','2025-08-09 08:44:16','01K27011RNCYR4A0H8EM47DQ9T'),(60,20,15,NULL,'completed','2025-08-02 08:44:16','2025-08-09 08:44:16','2025-08-09 08:44:16','01K27011S938H6ZG0S39K9V59A'),(61,20,16,NULL,'pending','2025-07-01 08:44:16','2025-08-09 08:44:16','2025-08-09 08:44:16','01K27011XK6K0B9Q41QYKJ52DJ'),(62,21,2,NULL,'pending','2025-08-09 09:44:01','2025-08-09 09:44:01','2025-08-09 09:45:59','01K273EEVD256VBQ7D078HBPCK');
/*!40000 ALTER TABLE `stock_orders` ENABLE KEYS */;
UNLOCK TABLES;

--
-- Table structure for table `suppliers`
--

DROP TABLE IF EXISTS `suppliers`;
/*!40101 SET @saved_cs_client     = @@character_set_client */;
/*!50503 SET character_set_client = utf8mb4 */;
CREATE TABLE `suppliers` (
  `id` bigint unsigned NOT NULL AUTO_INCREMENT,
  `ulid` char(26) COLLATE utf8mb4_unicode_ci DEFAULT NULL,
  `name` varchar(255) COLLATE utf8mb4_unicode_ci NOT NULL,
  `siret` varchar(20) COLLATE utf8mb4_unicode_ci DEFAULT NULL,
  `contact_email` varchar(190) COLLATE utf8mb4_unicode_ci DEFAULT NULL,
  `phone` varchar(40) COLLATE utf8mb4_unicode_ci DEFAULT NULL,
  `is_active` tinyint(1) NOT NULL DEFAULT '1',
  `created_at` timestamp NULL DEFAULT NULL,
  `updated_at` timestamp NULL DEFAULT NULL,
  PRIMARY KEY (`id`),
  UNIQUE KEY `suppliers_ulid_unique` (`ulid`)
) ENGINE=InnoDB AUTO_INCREMENT=14 DEFAULT CHARSET=utf8mb4 COLLATE=utf8mb4_unicode_ci;
/*!40101 SET character_set_client = @saved_cs_client */;

--
-- Dumping data for table `suppliers`
--

LOCK TABLES `suppliers` WRITE;
/*!40000 ALTER TABLE `suppliers` DISABLE KEYS */;
INSERT INTO `suppliers` VALUES (2,'01K26WXJC07533086YM48J2A7K','ktjtryj',NULL,NULL,'0606060606',0,'2025-08-09 07:49:56','2025-08-09 08:50:57'),(3,'01K2700J14YHD63K50FR0YBCV8','Metro Cash & Carry',NULL,NULL,NULL,1,'2025-08-09 08:43:59','2025-08-09 08:43:59'),(4,'01K2700N5XQY9FEMNJNDGQZA1F','Vendor 1',NULL,NULL,NULL,1,'2025-08-09 08:44:03','2025-08-09 08:44:03'),(5,'01K2700N62BTDAV3WFJATG1MH5','Vendor 2',NULL,NULL,NULL,1,'2025-08-09 08:44:03','2025-08-09 08:44:03'),(6,'01K2700N6NHGA1JXJR5B889Y39','Vendor 3',NULL,NULL,NULL,1,'2025-08-09 08:44:03','2025-08-09 08:44:03'),(7,'01K2700N6TQ66AC2BS3340YPCA','Vendor 4',NULL,NULL,NULL,1,'2025-08-09 08:44:03','2025-08-09 08:44:03'),(8,'01K2700N7CZGMETKSZBTWMEF3W','Vendor 5',NULL,NULL,NULL,1,'2025-08-09 08:44:03','2025-08-09 08:44:03'),(9,'01K2700N7YM1KV2DC1FQHAC6TG','Vendor 6',NULL,NULL,NULL,1,'2025-08-09 08:44:03','2025-08-09 08:44:03'),(10,'01K2700N8HRCCM2G8XXBSQ3J20','Vendor 7',NULL,NULL,NULL,1,'2025-08-09 08:44:03','2025-08-09 08:44:03'),(11,'01K2700N8NK50XQN7W8CWB2ASQ','Vendor 8',NULL,NULL,NULL,1,'2025-08-09 08:44:03','2025-08-09 08:44:03'),(12,'01K2700N97MDQZK7SS18EVMCXZ','Vendor 9',NULL,NULL,NULL,1,'2025-08-09 08:44:03','2025-08-09 08:44:03'),(13,'01K2700N9CNNXJ64P5SN8YPGFG','Vendor 10',NULL,NULL,NULL,1,'2025-08-09 08:44:03','2025-08-09 08:44:03');
/*!40000 ALTER TABLE `suppliers` ENABLE KEYS */;
UNLOCK TABLES;

--
-- Table structure for table `supplies`
--

DROP TABLE IF EXISTS `supplies`;
/*!40101 SET @saved_cs_client     = @@character_set_client */;
/*!50503 SET character_set_client = utf8mb4 */;
CREATE TABLE `supplies` (
  `id` bigint unsigned NOT NULL AUTO_INCREMENT,
  `name` varchar(255) COLLATE utf8mb4_unicode_ci NOT NULL,
  `sku` varchar(255) COLLATE utf8mb4_unicode_ci DEFAULT NULL,
  `unit` varchar(255) COLLATE utf8mb4_unicode_ci DEFAULT NULL,
  `cost` decimal(8,2) DEFAULT NULL,
  `created_at` timestamp NULL DEFAULT NULL,
  `updated_at` timestamp NULL DEFAULT NULL,
  `ulid` char(26) COLLATE utf8mb4_unicode_ci DEFAULT NULL,
  PRIMARY KEY (`id`),
  UNIQUE KEY `uk_supplies_sku` (`sku`),
  UNIQUE KEY `supplies_ulid_unique` (`ulid`)
) ENGINE=InnoDB AUTO_INCREMENT=109 DEFAULT CHARSET=utf8mb4 COLLATE=utf8mb4_unicode_ci;
/*!40101 SET character_set_client = @saved_cs_client */;

--
-- Dumping data for table `supplies`
--

LOCK TABLES `supplies` WRITE;
/*!40000 ALTER TABLE `supplies` DISABLE KEYS */;
INSERT INTO `supplies` VALUES (2,'Pain burger',NULL,'pc',0.40,'2025-08-09 05:10:19','2025-08-09 05:10:19','01K26RV9V08JFKVP2ABTA99T0C'),(3,'Steak 150g',NULL,'kg',9.50,'2025-08-09 05:10:19','2025-08-09 05:10:19','01K26RV9V4CRZZVV49P2ZCQ3EK'),(4,'Cheddar',NULL,'kg',7.80,'2025-08-09 05:10:19','2025-08-09 05:10:19','01K26RV9V70P9ZTBCC4T8BM38C'),(5,'Bun Classic','BUN-001','pc',0.40,'2025-08-09 07:18:01','2025-08-09 07:18:01','01K26V34CR8S0G506GPA24GEBX'),(6,'Beef Patty 150g','BEEF-150','kg',9.50,'2025-08-09 07:18:01','2025-08-09 07:18:01','01K26V34CXZA2211F7KW8RMAXA'),(7,'Lettuce','LETT-001','kg',3.20,'2025-08-09 07:18:01','2025-08-09 07:18:01','01K26V34D3WTRCBEV5N8ZCNPJ2'),(8,'Tomato','TOM-001','kg',2.90,'2025-08-09 07:18:01','2025-08-09 07:18:01','01K26V34D8JE4TERNMME6CEQBY'),(9,'Supply O8HUF','SKU-JZLNCX','pc',16.08,'2025-08-09 08:44:03','2025-08-09 08:44:03','01K2700N9ZHX4A96TX34CVQ6N6'),(10,'Supply SHJXN','SKU-FTXMVK','pc',4.18,'2025-08-09 08:44:03','2025-08-09 08:44:03','01K2700NA4HGEQ31T2C3NPC99J'),(11,'Supply RQQ12','SKU-KZIMNG','l',14.14,'2025-08-09 08:44:03','2025-08-09 08:44:03','01K2700NAR8MJWFDCPENRMYVPK'),(12,'Supply BVKHM','SKU-9X2OXE','kg',20.90,'2025-08-09 08:44:03','2025-08-09 08:44:03','01K2700NBBCCW14855JT2TH7MR'),(13,'Supply VZRE7','SKU-JCISSI','l',10.77,'2025-08-09 08:44:03','2025-08-09 08:44:03','01K2700NBH00S2ARWE3QXT5QTK'),(14,'Supply ZLHNP','SKU-WYMX3M','kg',24.95,'2025-08-09 08:44:03','2025-08-09 08:44:03','01K2700NC34ZG252WFQN95695T'),(15,'Supply XPWGE','SKU-RMT9GR','kg',7.76,'2025-08-09 08:44:03','2025-08-09 08:44:03','01K2700NCNT9VCQ9BKMCA2JRMW'),(16,'Supply PWOY8','SKU-T3B0LN','l',16.38,'2025-08-09 08:44:03','2025-08-09 08:44:03','01K2700NCTN0B8WJQ018F0TGQH'),(17,'Supply XM8KX','SKU-CRKXBS','l',11.23,'2025-08-09 08:44:03','2025-08-09 08:44:03','01K2700NDC9SDSRTY54VKPJY6G'),(18,'Supply 6YL8V','SKU-AZAWV8','kg',10.19,'2025-08-09 08:44:03','2025-08-09 08:44:03','01K2700NDYT5Z94F6872XFD8TH'),(19,'Supply ZOADK','SKU-O8SQA6','l',14.22,'2025-08-09 08:44:03','2025-08-09 08:44:03','01K2700NE49GP6MNFGZ8B81WZT'),(20,'Supply 506XP','SKU-FTZWNQ','kg',13.08,'2025-08-09 08:44:03','2025-08-09 08:44:03','01K2700NEQGQSZZNQ8VDQ2TBYX'),(21,'Supply MEP0R','SKU-8INS97','l',23.42,'2025-08-09 08:44:03','2025-08-09 08:44:03','01K2700NEYQQQH1VCCBGP8G2AF'),(22,'Supply RKVTG','SKU-6ULRR0','kg',8.21,'2025-08-09 08:44:03','2025-08-09 08:44:03','01K2700NFG7G1SK162K48EPX6F'),(23,'Supply 5OD3O','SKU-7CAJL3','kg',2.50,'2025-08-09 08:44:03','2025-08-09 08:44:03','01K2700NFNH8JKFFM4CQ2WZ57Z'),(24,'Supply Y5HBG','SKU-TIVZC1','kg',19.36,'2025-08-09 08:44:03','2025-08-09 08:44:03','01K2700NG7MFGS3GE1RP3CPRY1'),(25,'Supply 03GD0','SKU-FAUNPS','pc',2.71,'2025-08-09 08:44:03','2025-08-09 08:44:03','01K2700NGSTMAVV9Z1TM8S6VV0'),(26,'Supply NKLCH','SKU-LAJGSY','kg',1.27,'2025-08-09 08:44:03','2025-08-09 08:44:03','01K2700NGY1KXG02K04FH8XYAC'),(27,'Supply 8GYAX','SKU-ZLNB4L','pc',1.23,'2025-08-09 08:44:03','2025-08-09 08:44:03','01K2700NHF7VMN12KYB0297H9E'),(28,'Supply RBAX8','SKU-WQPMXZ','kg',9.04,'2025-08-09 08:44:03','2025-08-09 08:44:03','01K2700NJ1B77AD4JNWES8RTK8'),(29,'Supply UITQH','SKU-EJM5EC','l',11.85,'2025-08-09 08:44:03','2025-08-09 08:44:03','01K2700NJ6RP045TB6MRZ9SAW9'),(30,'Supply KK367','SKU-MOMAJB','kg',17.42,'2025-08-09 08:44:03','2025-08-09 08:44:03','01K2700NJSY0CGQFESHM2HKHC6'),(31,'Supply QCZYW','SKU-OG2YG0','pc',8.08,'2025-08-09 08:44:03','2025-08-09 08:44:03','01K2700NJYAE8MW06N68799SD8'),(32,'Supply QKPXK','SKU-KWZTWX','kg',15.02,'2025-08-09 08:44:03','2025-08-09 08:44:03','01K2700NKGW0SVZAHZW61KVQYW'),(33,'Supply DT6DT','SKU-FMVT6L','kg',2.42,'2025-08-09 08:44:03','2025-08-09 08:44:03','01K2700NKN8YG8Z69MDKG7KPTK'),(34,'Supply XZF9B','SKU-IKNBIK','kg',13.52,'2025-08-09 08:44:03','2025-08-09 08:44:03','01K2700NM7ZFTEZCXZBWJBAYHT'),(35,'Supply YTUGJ','SKU-26LBJH','l',11.76,'2025-08-09 08:44:03','2025-08-09 08:44:03','01K2700NMT72AKM7B6ZY3VQCHJ'),(36,'Supply GBREX','SKU-INZ7J2','pc',21.17,'2025-08-09 08:44:03','2025-08-09 08:44:03','01K2700NMZCR4BCJSJ0T8GZ9JK'),(37,'Supply DCCWO','SKU-Z2ZDDW','kg',8.90,'2025-08-09 08:44:03','2025-08-09 08:44:03','01K2700NNFBYMY2QTCRKVADE3Q'),(38,'Supply TCYTJ','SKU-XMSLUE','l',24.88,'2025-08-09 08:44:03','2025-08-09 08:44:03','01K2700NP1G6GPW1E0P5ENW73C'),(39,'Supply FR3DV','SKU-RB4SSI','l',23.30,'2025-08-09 08:44:03','2025-08-09 08:44:03','01K2700NP6XJJQNPFQJV2SY3QQ'),(40,'Supply CBBXQ','SKU-PQCIWZ','pc',11.64,'2025-08-09 08:44:03','2025-08-09 08:44:03','01K2700NPSPY3ZQD3PW5ZEB2Q7'),(41,'Supply AKMY8','SKU-ISB4D3','pc',1.53,'2025-08-09 08:44:03','2025-08-09 08:44:03','01K2700NPZ8BQ5AVRGJZRRWQ83'),(42,'Supply P5TC1','SKU-TTYGS4','l',4.12,'2025-08-09 08:44:03','2025-08-09 08:44:03','01K2700NQHCDVCMSWKHFG5W0DA'),(43,'Supply IM0OT','SKU-JEXLWQ','l',9.00,'2025-08-09 08:44:03','2025-08-09 08:44:03','01K2700NQP48ZQFEZBHYJMXS0H'),(44,'Supply WDCE8','SKU-JKBSDG','pc',14.62,'2025-08-09 08:44:03','2025-08-09 08:44:03','01K2700NR7G2HXVCAWGSF877XM'),(45,'Supply IO0SO','SKU-SWZTE0','pc',0.52,'2025-08-09 08:44:03','2025-08-09 08:44:03','01K2700NRSS59D3DWKVT58G6Z6'),(46,'Supply RUVFU','SKU-UM7TF1','l',21.73,'2025-08-09 08:44:03','2025-08-09 08:44:03','01K2700NRX71KW38VNRS9QK4N4'),(47,'Supply O8BEY','SKU-KF13XL','kg',6.18,'2025-08-09 08:44:03','2025-08-09 08:44:03','01K2700NSFRD8THMJM2S0Q7TSA'),(48,'Supply JIQYR','SKU-KKWKRC','l',1.07,'2025-08-09 08:44:03','2025-08-09 08:44:03','01K2700NSM5A4RA3YAS0R3HCQF'),(49,'Supply ZKWW9','SKU-MAMVDB','pc',5.00,'2025-08-09 08:44:03','2025-08-09 08:44:03','01K2700NT6DKAFCW1FKEYR9PQJ'),(50,'Supply ATKWF','SKU-3CBPD6','kg',5.42,'2025-08-09 08:44:03','2025-08-09 08:44:03','01K2700NTTNCC0B4S02MHYN8DZ'),(51,'Supply AAYXC','SKU-37XV4K','l',16.47,'2025-08-09 08:44:03','2025-08-09 08:44:03','01K2700NTZ9EM8CF0BEGV4DH12'),(52,'Supply 7CHIO','SKU-XGAKSF','l',22.02,'2025-08-09 08:44:03','2025-08-09 08:44:03','01K2700NVHV3821WS0DCHEKMZP'),(53,'Supply MJIOR','SKU-JXG7IS','l',5.98,'2025-08-09 08:44:03','2025-08-09 08:44:03','01K2700NVPYP8YS4JJBHGBC5XE'),(54,'Supply FMEWH','SKU-Q7GM0L','kg',16.51,'2025-08-09 08:44:03','2025-08-09 08:44:03','01K2700NW8VNCS2FPAMCYEHS7J'),(55,'Supply ZXKUH','SKU-UH6OL3','pc',18.77,'2025-08-09 08:44:03','2025-08-09 08:44:03','01K2700NWDS6N5Z1H8WYV9X24Y'),(56,'Supply ZUAEG','SKU-UA0TC2','pc',12.28,'2025-08-09 08:44:03','2025-08-09 08:44:03','01K2700NX0BZN2XGPR9GZF3B9J'),(57,'Supply V1OAT','SKU-GDZ6DA','pc',3.99,'2025-08-09 08:44:03','2025-08-09 08:44:03','01K2700NXJZHZD94JR2HCTYWQ0'),(58,'Supply SR8JQ','SKU-FZBTBD','l',9.31,'2025-08-09 08:44:03','2025-08-09 08:44:03','01K2700NXRAA6BFRTZPN4NJ9Y9'),(59,'Supply 2FD0I','SKU-WYNRRB','l',8.47,'2025-08-09 08:44:03','2025-08-09 08:44:03','01K2700NYAG93ZYE6M55ZMY13D'),(60,'Supply UAAYE','SKU-PQDS5J','kg',6.57,'2025-08-09 08:44:03','2025-08-09 08:44:03','01K2700NYFZFW2YN79BTEWN2CC'),(61,'Supply QZ2XP','SKU-PEGDDJ','l',17.91,'2025-08-09 08:44:03','2025-08-09 08:44:03','01K2700NZ2WFAN93MSP4ZX2283'),(62,'Supply YBPY2','SKU-W9ZLFU','pc',21.56,'2025-08-09 08:44:03','2025-08-09 08:44:03','01K2700NZ8861TZQAFRZZYKA67'),(63,'Supply P4CNN','SKU-MZ46V7','l',17.01,'2025-08-09 08:44:03','2025-08-09 08:44:03','01K2700NZVX31JVBRYEETGSKH5'),(64,'Supply FLH0B','SKU-EK3ZKD','kg',0.60,'2025-08-09 08:44:03','2025-08-09 08:44:03','01K2700P00VH7SZ1FEQD6DHE6P'),(65,'Supply X8BLC','SKU-ZUOF8M','pc',3.49,'2025-08-09 08:44:03','2025-08-09 08:44:03','01K2700P0P9PJJ45EZ0SNF53PX'),(66,'Supply RNGY4','SKU-0Y9WLQ','pc',10.26,'2025-08-09 08:44:04','2025-08-09 08:44:04','01K2700P1BXZMCNYD3XN05TSAG'),(67,'Supply AM4DW','SKU-6RCHO5','l',9.22,'2025-08-09 08:44:04','2025-08-09 08:44:04','01K2700P1JRX59TG4FRX6S91PY'),(68,'Supply KU0D8','SKU-SULTEL','pc',22.08,'2025-08-09 08:44:04','2025-08-09 08:44:04','01K2700P25Y6BFFCVTV26EWNH3'),(69,'Supply AVTUC','SKU-IFCMXF','l',11.00,'2025-08-09 08:44:04','2025-08-09 08:44:04','01K2700P2BP02FG7FQX7ZZKEC4'),(70,'Supply 5YQUA','SKU-YQIYYR','kg',5.79,'2025-08-09 08:44:04','2025-08-09 08:44:04','01K2700P2Y1SSSRP0BRBV1K23H'),(71,'Supply UF68E','SKU-X86JXF','l',17.59,'2025-08-09 08:44:04','2025-08-09 08:44:04','01K2700P33NR1CM91D7N3APK3Z'),(72,'Supply NZK2F','SKU-4UOWDI','kg',14.63,'2025-08-09 08:44:04','2025-08-09 08:44:04','01K2700P3NVP6FKZEFKF3ZPEFW'),(73,'Supply T33IT','SKU-XIEPRS','l',19.54,'2025-08-09 08:44:04','2025-08-09 08:44:04','01K2700P474QGVXNXRSZJW4EER'),(74,'Supply XBLS1','SKU-V7BRQE','l',0.53,'2025-08-09 08:44:04','2025-08-09 08:44:04','01K2700P4C303ZR95FTFAJHZK2'),(75,'Supply EEYO6','SKU-QQSQRT','pc',2.52,'2025-08-09 08:44:04','2025-08-09 08:44:04','01K2700P4Z3DD9DVFJAMFXNA5B'),(76,'Supply ZQ9W4','SKU-O0HFBF','pc',17.98,'2025-08-09 08:44:04','2025-08-09 08:44:04','01K2700P54KGHTDBM0TCF7NEDW'),(77,'Supply 6S8R9','SKU-IEWYR3','kg',14.10,'2025-08-09 08:44:04','2025-08-09 08:44:04','01K2700P5NG0BFD3TCGAW69EYA'),(78,'Supply A6HB6','SKU-HGFYJX','kg',3.05,'2025-08-09 08:44:04','2025-08-09 08:44:04','01K2700P682EPCZE2EH34AYC64'),(79,'Supply CKLGF','SKU-XT5H9G','pc',5.48,'2025-08-09 08:44:04','2025-08-09 08:44:04','01K2700P6D6VCJ8TQYSGNG69K3'),(80,'Supply GLCEM','SKU-FEFZRN','kg',18.40,'2025-08-09 08:44:04','2025-08-09 08:44:04','01K2700P6ZMWQXJ5EC0FFQ8NRV'),(81,'Supply 48EQT','SKU-P5KUL0','pc',0.67,'2025-08-09 08:44:04','2025-08-09 08:44:04','01K2700P74BVBJ1143TC6M45HD'),(82,'Supply EVHLX','SKU-5MCT3P','kg',6.90,'2025-08-09 08:44:04','2025-08-09 08:44:04','01K2700P7PV35H48RSTASRF55K'),(83,'Supply C0SQX','SKU-BNGMQY','pc',10.90,'2025-08-09 08:44:04','2025-08-09 08:44:04','01K2700P7XRT41B0YKZ0ZTB3HY'),(84,'Supply DS3HK','SKU-DT6UBL','pc',23.92,'2025-08-09 08:44:04','2025-08-09 08:44:04','01K2700P8F13YS5K81TY0PF0RZ'),(85,'Supply TQGVM','SKU-ZRNVVN','l',4.98,'2025-08-09 08:44:04','2025-08-09 08:44:04','01K2700P92QSFVFHAAHRNK1EJJ'),(86,'Supply JWEOC','SKU-J53UWV','pc',9.97,'2025-08-09 08:44:04','2025-08-09 08:44:04','01K2700P97FCG30PM90FHHHVEE'),(87,'Supply L6IYV','SKU-WUKXTQ','l',16.34,'2025-08-09 08:44:04','2025-08-09 08:44:04','01K2700P9SXWG4APG092EMRGED'),(88,'Supply 435JR','SKU-GERQRV','kg',10.36,'2025-08-09 08:44:04','2025-08-09 08:44:04','01K2700PACRTRVNQXARJ3226MP'),(89,'Supply IJVRW','SKU-PK9OOC','l',22.09,'2025-08-09 08:44:04','2025-08-09 08:44:04','01K2700PAH02XRTBVQ5BKSG8HF'),(90,'Supply VPGNV','SKU-ALIZ5Z','kg',1.24,'2025-08-09 08:44:04','2025-08-09 08:44:04','01K2700PB3HJTGCBF35VC1FWNJ'),(91,'Supply P4MJR','SKU-1MYGYH','l',5.05,'2025-08-09 08:44:04','2025-08-09 08:44:04','01K2700PB892ZGX31N3A2CAFD3'),(92,'Supply 52SXB','SKU-EW6PXC','l',9.01,'2025-08-09 08:44:04','2025-08-09 08:44:04','01K2700PBWRSK8KW6YSND8M9D6'),(93,'Supply BGEMS','SKU-Q53H4Y','pc',15.05,'2025-08-09 08:44:04','2025-08-09 08:44:04','01K2700PC2MX6GJJRFJ3PHDQH7'),(94,'Supply 3LNEG','SKU-DTHE2T','l',4.74,'2025-08-09 08:44:04','2025-08-09 08:44:04','01K2700PCM834C0WT91G7SP0WT'),(95,'Supply 0MA9U','SKU-HR2QFO','l',0.86,'2025-08-09 08:44:04','2025-08-09 08:44:04','01K2700PCRQGDBKY039MJZACPD'),(96,'Supply DRREM','SKU-H728TR','pc',8.90,'2025-08-09 08:44:04','2025-08-09 08:44:04','01K2700PDA6PCYHX6A2KSCFJG3'),(97,'Supply D59YC','SKU-NM5I54','l',1.75,'2025-08-09 08:44:04','2025-08-09 08:44:04','01K2700PDW5PH1R2PVFZ8ZZDQR'),(98,'Supply NZM9V','SKU-CMFBVQ','kg',3.49,'2025-08-09 08:44:04','2025-08-09 08:44:04','01K2700PE2QVRJ0QM7ZWRKP5ZC'),(99,'Supply SLKCD','SKU-A3MSRJ','kg',15.89,'2025-08-09 08:44:04','2025-08-09 08:44:04','01K2700PEMHH4Z6WA32BR6FAXT'),(100,'Supply TDUGD','SKU-82CEWU','kg',1.15,'2025-08-09 08:44:04','2025-08-09 08:44:04','01K2700PESYN0Y43C5NH1BJQ5M'),(101,'Supply LAL5P','SKU-XQ9GYI','kg',0.97,'2025-08-09 08:44:04','2025-08-09 08:44:04','01K2700PFB1D4QAHMB7JDAPAKB'),(102,'Supply M9JXU','SKU-URT0BT','kg',24.21,'2025-08-09 08:44:04','2025-08-09 08:44:04','01K2700PFYWEKZHP4A3QF35S5Z'),(103,'Supply 7H409','SKU-OVXAVC','kg',23.16,'2025-08-09 08:44:04','2025-08-09 08:44:04','01K2700PG5W9QSRH8NQD1731QH'),(104,'Supply FZJV2','SKU-OMCLEJ','l',11.95,'2025-08-09 08:44:04','2025-08-09 08:44:04','01K2700PGQ2RZ8V57T9P22G6ZZ'),(105,'Supply PYXKN','SKU-Q3AHD4','kg',4.48,'2025-08-09 08:44:04','2025-08-09 08:44:04','01K2700PHAJ2G9SS47XZDXH3KH'),(106,'Supply BGTVA','SKU-ENKR2W','pc',1.90,'2025-08-09 08:44:04','2025-08-09 08:44:04','01K2700PHF7DAF4T5W8V6BCPM7'),(107,'Supply WLBKW','SKU-22HCFZ','kg',9.11,'2025-08-09 08:44:04','2025-08-09 08:44:04','01K2700PJ1FY9HWSP4KFHZS8Q3'),(108,'Supply HH7G0','SKU-P4DBWQ','kg',22.73,'2025-08-09 08:44:04','2025-08-09 08:44:04','01K2700PJ6Z13QZRX73JTCGXQF');
/*!40000 ALTER TABLE `supplies` ENABLE KEYS */;
UNLOCK TABLES;

--
-- Table structure for table `truck_deployments`
--

DROP TABLE IF EXISTS `truck_deployments`;
/*!40101 SET @saved_cs_client     = @@character_set_client */;
/*!50503 SET character_set_client = utf8mb4 */;
CREATE TABLE `truck_deployments` (
  `id` bigint unsigned NOT NULL AUTO_INCREMENT,
  `ulid` char(26) COLLATE utf8mb4_unicode_ci DEFAULT NULL,
  `truck_id` bigint unsigned NOT NULL,
  `location_id` bigint unsigned NOT NULL,
  `starts_at` datetime NOT NULL,
  `ends_at` datetime DEFAULT NULL,
  `created_at` timestamp NULL DEFAULT NULL,
  `updated_at` timestamp NULL DEFAULT NULL,
  PRIMARY KEY (`id`),
  UNIQUE KEY `truck_deployments_ulid_unique` (`ulid`),
  KEY `truck_deployments_location_id_foreign` (`location_id`),
  KEY `ix_td_range` (`truck_id`,`starts_at`,`ends_at`),
  CONSTRAINT `truck_deployments_location_id_foreign` FOREIGN KEY (`location_id`) REFERENCES `locations` (`id`) ON DELETE CASCADE,
  CONSTRAINT `truck_deployments_truck_id_foreign` FOREIGN KEY (`truck_id`) REFERENCES `trucks` (`id`) ON DELETE CASCADE,
  CONSTRAINT `chk_td_range` CHECK (((`ends_at` is null) or (`ends_at` > `starts_at`)))
) ENGINE=InnoDB AUTO_INCREMENT=151 DEFAULT CHARSET=utf8mb4 COLLATE=utf8mb4_unicode_ci;
/*!40101 SET character_set_client = @saved_cs_client */;

--
-- Dumping data for table `truck_deployments`
--

LOCK TABLES `truck_deployments` WRITE;
/*!40000 ALTER TABLE `truck_deployments` DISABLE KEYS */;
INSERT INTO `truck_deployments` VALUES (1,'01K2700SYB5XM59VQWNV43E368',6,49,'2025-04-11 11:00:00','2025-04-11 14:00:00','2025-08-09 08:44:08','2025-08-09 08:44:08'),(2,'01K2700T0662E2JT0WKEN2RG8Y',6,38,'2025-04-21 11:00:00','2025-04-21 14:00:00','2025-08-09 08:44:08','2025-08-09 08:44:08'),(3,'01K2700T0D7FGGSSX6WVB1B7NS',6,8,'2025-08-07 09:00:00','2025-08-07 15:00:00','2025-08-09 08:44:08','2025-08-09 08:44:08'),(4,'01K2700T2X9KRFRTY4TR094J7G',6,41,'2025-04-17 10:00:00','2025-04-17 18:00:00','2025-08-09 08:44:08','2025-08-09 08:44:08'),(5,'01K2700T32DYP2QA3T7VM5ZDY5',6,2,'2025-07-28 09:00:00','2025-07-28 13:00:00','2025-08-09 08:44:08','2025-08-09 08:44:08'),(6,'01K2700T37SNVH1AT40RW8AMKD',6,3,'2025-07-26 10:00:00','2025-07-26 18:00:00','2025-08-09 08:44:08','2025-08-09 08:44:08'),(7,'01K2700T5EDB0WAX6G0W3A5MD5',6,3,'2025-07-06 09:00:00','2025-07-06 14:00:00','2025-08-09 08:44:08','2025-08-09 08:44:08'),(8,'01K2700T5MXDT006DPAPZ7B65D',6,17,'2025-07-26 11:00:00','2025-07-26 16:00:00','2025-08-09 08:44:08','2025-08-09 08:44:08'),(9,'01K2700T5SBCNJ7TWABM5NVF01',6,37,'2025-05-05 09:00:00','2025-05-05 15:00:00','2025-08-09 08:44:08','2025-08-09 08:44:08'),(10,'01K2700T5ZJT8BW1EE4PK70BAF',6,35,'2025-07-05 09:00:00','2025-07-05 12:00:00','2025-08-09 08:44:08','2025-08-09 08:44:08'),(11,'01K2700T63BYGN28AZQX0G8C11',7,42,'2025-05-22 08:00:00','2025-05-22 15:00:00','2025-08-09 08:44:08','2025-08-09 08:44:08'),(12,'01K2700T68F9TKAMP54HACJ521',7,38,'2025-07-06 09:00:00','2025-07-06 15:00:00','2025-08-09 08:44:08','2025-08-09 08:44:08'),(13,'01K2700T6EMYX43QMWG21WASAJ',7,25,'2025-06-22 10:00:00','2025-06-22 18:00:00','2025-08-09 08:44:08','2025-08-09 08:44:08'),(14,'01K2700T6MHAXS1SDK3DSFN6D2',7,48,'2025-06-15 08:00:00','2025-06-15 13:00:00','2025-08-09 08:44:08','2025-08-09 08:44:08'),(15,'01K2700T6TFDSV15VEKFJJAW1J',7,28,'2025-07-29 11:00:00','2025-07-29 16:00:00','2025-08-09 08:44:08','2025-08-09 08:44:08'),(16,'01K2700T6Z2V369YF3J3AKJ7MH',7,9,'2025-06-28 09:00:00','2025-06-28 14:00:00','2025-08-09 08:44:08','2025-08-09 08:44:08'),(17,'01K2700T74MF4NYK76EE6AQRE7',7,1,'2025-05-28 10:00:00','2025-05-28 15:00:00','2025-08-09 08:44:08','2025-08-09 08:44:08'),(18,'01K2700T79ZTFV1Q211RHGHVE3',7,1,'2025-07-06 08:00:00','2025-07-06 13:00:00','2025-08-09 08:44:08','2025-08-09 08:44:08'),(19,'01K2700T7FNFP3GQJ9KH4E9YP1',7,46,'2025-07-08 09:00:00','2025-07-08 13:00:00','2025-08-09 08:44:08','2025-08-09 08:44:08'),(20,'01K2700T7MARAZHYNJVE3S3PA6',7,48,'2025-05-16 09:00:00','2025-05-16 15:00:00','2025-08-09 08:44:08','2025-08-09 08:44:08'),(21,'01K2700T7T56R80XA1484QBY0D',8,6,'2025-07-03 11:00:00','2025-07-03 19:00:00','2025-08-09 08:44:08','2025-08-09 08:44:08'),(22,'01K2700T80T52K11MHCXSVK47P',8,11,'2025-07-29 08:00:00','2025-07-29 15:00:00','2025-08-09 08:44:08','2025-08-09 08:44:08'),(23,'01K2700T85YW4D5T0481K141AQ',8,29,'2025-05-25 11:00:00','2025-05-25 15:00:00','2025-08-09 08:44:08','2025-08-09 08:44:08'),(24,'01K2700T8BS0ZZ88XH4WN35VM0',8,27,'2025-07-10 11:00:00','2025-07-10 18:00:00','2025-08-09 08:44:08','2025-08-09 08:44:08'),(25,'01K2700T8FB81E6YPRXW7X2RZP',8,45,'2025-07-26 09:00:00','2025-07-26 17:00:00','2025-08-09 08:44:08','2025-08-09 08:44:08'),(26,'01K2700T8MYCWXMHQAYTDJ95KR',8,40,'2025-07-24 10:00:00','2025-07-24 17:00:00','2025-08-09 08:44:08','2025-08-09 08:44:08'),(27,'01K2700T8SH7DH6E075P638AJW',8,17,'2025-04-11 09:00:00','2025-04-11 14:00:00','2025-08-09 08:44:08','2025-08-09 08:44:08'),(28,'01K2700T8ZY2T9Q2VPNJ2JHFSN',8,34,'2025-04-28 09:00:00','2025-04-28 12:00:00','2025-08-09 08:44:08','2025-08-09 08:44:08'),(29,'01K2700T95JNYMWZYXXJ5RQYAJ',8,41,'2025-05-26 10:00:00','2025-05-26 18:00:00','2025-08-09 08:44:08','2025-08-09 08:44:08'),(30,'01K2700T9BKM8D1RVYPHD41JBS',8,26,'2025-07-03 08:00:00','2025-07-03 15:00:00','2025-08-09 08:44:08','2025-08-09 08:44:08'),(31,'01K2700T9GP36T3WAHCYM3DQ1N',9,10,'2025-05-07 08:00:00','2025-05-07 12:00:00','2025-08-09 08:44:08','2025-08-09 08:44:08'),(32,'01K2700T9PC2PAVSMGXCB7XR07',9,21,'2025-06-05 09:00:00','2025-06-05 12:00:00','2025-08-09 08:44:08','2025-08-09 08:44:08'),(33,'01K2700T9WBT9F994NT0FET4CK',9,47,'2025-08-08 08:00:00','2025-08-08 15:00:00','2025-08-09 08:44:08','2025-08-09 08:44:08'),(34,'01K2700TA1DCQQRMTXG4R6299M',9,28,'2025-04-20 11:00:00','2025-04-20 18:00:00','2025-08-09 08:44:08','2025-08-09 08:44:08'),(35,'01K2700TA66KDDY86YBH4V473P',9,13,'2025-07-21 11:00:00','2025-07-21 15:00:00','2025-08-09 08:44:08','2025-08-09 08:44:08'),(36,'01K2700TACR73WC8178T6CH4MP',9,49,'2025-08-08 11:00:00','2025-08-08 15:00:00','2025-08-09 08:44:08','2025-08-09 08:44:08'),(37,'01K2700TAJ8RKZKWN9GZANSRDJ',9,22,'2025-08-05 10:00:00','2025-08-05 14:00:00','2025-08-09 08:44:08','2025-08-09 08:44:08'),(38,'01K2700TAS6MBPAK64G5TCZK5B',9,3,'2025-08-02 11:00:00','2025-08-02 16:00:00','2025-08-09 08:44:08','2025-08-09 08:44:08'),(39,'01K2700TAZBC6126DNJC5VSVHK',9,41,'2025-07-17 09:00:00','2025-07-17 17:00:00','2025-08-09 08:44:08','2025-08-09 08:44:08'),(40,'01K2700TB48QKZF67CWD670H27',9,27,'2025-04-14 08:00:00','2025-04-14 16:00:00','2025-08-09 08:44:08','2025-08-09 08:44:08'),(41,'01K2700TBA675WNHF3AF0MZ3D5',10,42,'2025-07-03 11:00:00','2025-07-03 15:00:00','2025-08-09 08:44:08','2025-08-09 08:44:08'),(42,'01K2700TDQ5K89GZN3JMB8NWQC',10,29,'2025-05-12 11:00:00','2025-05-12 19:00:00','2025-08-09 08:44:08','2025-08-09 08:44:08'),(43,'01K2700TDXDEX7J364KAJAA0Q2',10,6,'2025-06-06 09:00:00','2025-06-06 15:00:00','2025-08-09 08:44:08','2025-08-09 08:44:08'),(44,'01K2700TE3HKDW0W2037APWYHA',10,30,'2025-08-01 09:00:00','2025-08-01 15:00:00','2025-08-09 08:44:08','2025-08-09 08:44:08'),(45,'01K2700TE8SN3J85XW0WQTAMMB',10,8,'2025-05-31 08:00:00','2025-05-31 11:00:00','2025-08-09 08:44:08','2025-08-09 08:44:08'),(46,'01K2700TEEH4D6FYWGH456M4YP',10,30,'2025-04-28 08:00:00','2025-04-28 14:00:00','2025-08-09 08:44:08','2025-08-09 08:44:08'),(47,'01K2700TEKF7YCZJV1BK084TED',10,17,'2025-05-20 10:00:00','2025-05-20 16:00:00','2025-08-09 08:44:08','2025-08-09 08:44:08'),(48,'01K2700TES2V6F1JG9QRGEQV2G',10,24,'2025-06-06 08:00:00','2025-06-06 11:00:00','2025-08-09 08:44:08','2025-08-09 08:44:08'),(49,'01K2700TEZQPE9P102DZ4KTVCQ',10,29,'2025-06-01 11:00:00','2025-06-01 15:00:00','2025-08-09 08:44:08','2025-08-09 08:44:08'),(50,'01K2700TF4WASQRSY3K8SGPPJC',10,26,'2025-04-13 10:00:00','2025-04-13 15:00:00','2025-08-09 08:44:08','2025-08-09 08:44:08'),(51,'01K2700TFAQSNZ4H9V45WJ79F3',11,27,'2025-06-06 08:00:00','2025-06-06 11:00:00','2025-08-09 08:44:08','2025-08-09 08:44:08'),(52,'01K2700TFGFMJGKYRZV52SV14C',11,28,'2025-04-14 10:00:00','2025-04-14 16:00:00','2025-08-09 08:44:08','2025-08-09 08:44:08'),(53,'01K2700TFNT9T589RX64DRG4GA',11,22,'2025-05-11 09:00:00','2025-05-11 14:00:00','2025-08-09 08:44:08','2025-08-09 08:44:08'),(54,'01K2700TFT7JRTC48B4EGTXNEF',11,44,'2025-05-08 11:00:00','2025-05-08 17:00:00','2025-08-09 08:44:08','2025-08-09 08:44:08'),(55,'01K2700TFZ4WC91EJ6PY6TX9N4',11,10,'2025-04-30 09:00:00','2025-04-30 12:00:00','2025-08-09 08:44:08','2025-08-09 08:44:08'),(56,'01K2700TG4BRHZD1MYTNB37KX3',11,49,'2025-05-01 09:00:00','2025-05-01 16:00:00','2025-08-09 08:44:08','2025-08-09 08:44:08'),(57,'01K2700TG81PDPV07H3JHE2Z72',11,49,'2025-04-13 10:00:00','2025-04-13 17:00:00','2025-08-09 08:44:08','2025-08-09 08:44:08'),(58,'01K2700TGDEGAJPBK9NWXAEKRG',11,34,'2025-07-22 10:00:00','2025-07-22 16:00:00','2025-08-09 08:44:08','2025-08-09 08:44:08'),(59,'01K2700TGJGS77KJXBEFTYXVAT',11,3,'2025-07-26 10:00:00','2025-07-26 18:00:00','2025-08-09 08:44:08','2025-08-09 08:44:08'),(60,'01K2700TGQ7K6BHYBF6ESARPDY',11,24,'2025-04-20 09:00:00','2025-04-20 12:00:00','2025-08-09 08:44:08','2025-08-09 08:44:08'),(61,'01K2700TGYT7D0ERP88KQJYGM3',12,23,'2025-04-25 11:00:00','2025-04-25 18:00:00','2025-08-09 08:44:08','2025-08-09 08:44:08'),(62,'01K2700TH2SW9NG81TFZ6P3RH6',12,13,'2025-07-29 10:00:00','2025-07-29 18:00:00','2025-08-09 08:44:08','2025-08-09 08:44:08'),(63,'01K2700TH7GTZWDN3DTRZFBYHM',12,50,'2025-05-22 10:00:00','2025-05-22 15:00:00','2025-08-09 08:44:08','2025-08-09 08:44:08'),(64,'01K2700THBG7MRTVJH6M8EN8B4',12,10,'2025-07-21 11:00:00','2025-07-21 18:00:00','2025-08-09 08:44:08','2025-08-09 08:44:08'),(65,'01K2700THH68E7ZGCPYS388ZB2',12,45,'2025-07-06 08:00:00','2025-07-06 15:00:00','2025-08-09 08:44:08','2025-08-09 08:44:08'),(66,'01K2700THRH7VMJVH63W75CKC8',12,27,'2025-06-15 11:00:00','2025-06-15 15:00:00','2025-08-09 08:44:08','2025-08-09 08:44:08'),(67,'01K2700THYVFHN1DW97RPD4KSM',12,5,'2025-06-17 09:00:00','2025-06-17 13:00:00','2025-08-09 08:44:08','2025-08-09 08:44:08'),(68,'01K2700TJ3RSHGJ9643F6GCKSC',12,30,'2025-04-27 10:00:00','2025-04-27 15:00:00','2025-08-09 08:44:08','2025-08-09 08:44:08'),(69,'01K2700TJ8RW42EVJ873Q3NS7G',12,23,'2025-04-11 10:00:00','2025-04-11 14:00:00','2025-08-09 08:44:08','2025-08-09 08:44:08'),(70,'01K2700TJEV61KB5FG426QF2GE',12,38,'2025-07-13 08:00:00','2025-07-13 12:00:00','2025-08-09 08:44:08','2025-08-09 08:44:08'),(71,'01K2700TJNKF786T2J88M4N1JZ',13,17,'2025-05-19 11:00:00','2025-05-19 17:00:00','2025-08-09 08:44:08','2025-08-09 08:44:08'),(72,'01K2700TJTZDCP86A9Z4MCXXHC',13,33,'2025-06-27 10:00:00','2025-06-27 16:00:00','2025-08-09 08:44:08','2025-08-09 08:44:08'),(73,'01K2700TJZFMW9B68MMX3FVVKT',13,40,'2025-05-25 08:00:00','2025-05-25 13:00:00','2025-08-09 08:44:08','2025-08-09 08:44:08'),(74,'01K2700TK5B2QKN5682NZ2QPD0',13,27,'2025-05-08 10:00:00','2025-05-08 14:00:00','2025-08-09 08:44:08','2025-08-09 08:44:08'),(75,'01K2700TKA0G5Z7QVWKTZWQVJD',13,37,'2025-04-27 11:00:00','2025-04-27 19:00:00','2025-08-09 08:44:08','2025-08-09 08:44:08'),(76,'01K2700TKGCPBXS8FMAN0NXNK4',13,47,'2025-08-06 10:00:00','2025-08-06 13:00:00','2025-08-09 08:44:08','2025-08-09 08:44:08'),(77,'01K2700TPA8MEHW6HCNT8H0N4C',13,47,'2025-04-22 08:00:00','2025-04-22 14:00:00','2025-08-09 08:44:08','2025-08-09 08:44:08'),(78,'01K2700TPG61BVWDBQ0FEWTAT6',13,19,'2025-05-24 08:00:00','2025-05-24 13:00:00','2025-08-09 08:44:08','2025-08-09 08:44:08'),(79,'01K2700TPPECDZRE12QE6Q95NE',13,6,'2025-06-17 08:00:00','2025-06-17 15:00:00','2025-08-09 08:44:08','2025-08-09 08:44:08'),(80,'01K2700TPV763KEC3BFYJVSHFA',13,7,'2025-06-24 09:00:00','2025-06-24 17:00:00','2025-08-09 08:44:08','2025-08-09 08:44:08'),(81,'01K2700TQ0QRF0PKVM7VM6Z3BY',14,13,'2025-06-09 08:00:00','2025-06-09 13:00:00','2025-08-09 08:44:08','2025-08-09 08:44:08'),(82,'01K2700TQ55H2PCP9XM2M7AVEZ',14,30,'2025-04-16 10:00:00','2025-04-16 17:00:00','2025-08-09 08:44:08','2025-08-09 08:44:08'),(83,'01K2700TQAMF87XXVATPRRWHS0',14,42,'2025-08-01 11:00:00','2025-08-01 17:00:00','2025-08-09 08:44:08','2025-08-09 08:44:08'),(84,'01K2700TQJVJAHVDQMQT61J7NH',14,10,'2025-07-24 10:00:00','2025-07-24 18:00:00','2025-08-09 08:44:08','2025-08-09 08:44:08'),(85,'01K2700TQQ6DWP2F05J8NM84TR',14,36,'2025-05-23 09:00:00','2025-05-23 17:00:00','2025-08-09 08:44:08','2025-08-09 08:44:08'),(86,'01K2700TQX9HMKZDY5JNSKR909',14,47,'2025-07-14 09:00:00','2025-07-14 14:00:00','2025-08-09 08:44:08','2025-08-09 08:44:08'),(87,'01K2700TR3NJW3YHW6QZSPZRT0',14,1,'2025-06-06 11:00:00','2025-06-06 16:00:00','2025-08-09 08:44:08','2025-08-09 08:44:08'),(88,'01K2700TR906NWPFA0BVK20QWP',14,45,'2025-04-19 09:00:00','2025-04-19 13:00:00','2025-08-09 08:44:08','2025-08-09 08:44:08'),(89,'01K2700TRE93Z2WQ1EE4MJG3Z9',14,11,'2025-07-02 09:00:00','2025-07-02 15:00:00','2025-08-09 08:44:08','2025-08-09 08:44:08'),(90,'01K2700TRKXTQWXFX8RQ8AX2T9',14,10,'2025-07-19 10:00:00','2025-07-19 18:00:00','2025-08-09 08:44:08','2025-08-09 08:44:08'),(91,'01K2700TRRRGEK09KTZJ4K7GAD',15,19,'2025-04-16 08:00:00','2025-04-16 15:00:00','2025-08-09 08:44:08','2025-08-09 08:44:08'),(92,'01K2700TRWX9GKG8HS00DB34TX',15,35,'2025-06-11 09:00:00','2025-06-11 13:00:00','2025-08-09 08:44:08','2025-08-09 08:44:08'),(93,'01K2700TS17Y3C2AVNK8PVG43M',15,13,'2025-06-21 11:00:00','2025-06-21 19:00:00','2025-08-09 08:44:08','2025-08-09 08:44:08'),(94,'01K2700TS6YF68JBSTDMK61M5T',15,21,'2025-05-02 11:00:00','2025-05-02 16:00:00','2025-08-09 08:44:08','2025-08-09 08:44:08'),(95,'01K2700TSBNMGH36ZV3AMYCHFN',15,11,'2025-05-23 08:00:00','2025-05-23 16:00:00','2025-08-09 08:44:08','2025-08-09 08:44:08'),(96,'01K2700TSFQJWG0JSWBYY6RJNC',15,44,'2025-08-03 08:00:00','2025-08-03 14:00:00','2025-08-09 08:44:08','2025-08-09 08:44:08'),(97,'01K2700TSMPQ1V694MB685E1NY',15,20,'2025-05-07 10:00:00','2025-05-07 18:00:00','2025-08-09 08:44:08','2025-08-09 08:44:08'),(98,'01K2700TSRQF16NY29XQ07CMVZ',15,2,'2025-07-23 08:00:00','2025-07-23 15:00:00','2025-08-09 08:44:08','2025-08-09 08:44:08'),(99,'01K2700TSYB6V4WPDCAFBBKZEC',15,7,'2025-04-30 08:00:00','2025-04-30 13:00:00','2025-08-09 08:44:08','2025-08-09 08:44:08'),(100,'01K2700TT3G53VD2C4F4NY5DMA',15,10,'2025-06-03 08:00:00','2025-06-03 13:00:00','2025-08-09 08:44:08','2025-08-09 08:44:08'),(101,'01K2700TT9EJGPZXP7YCH6YVKD',16,46,'2025-06-25 11:00:00','2025-06-25 17:00:00','2025-08-09 08:44:08','2025-08-09 08:44:08'),(102,'01K2700TTFM9KB2V20BG8QFVT9',16,16,'2025-07-28 09:00:00','2025-07-28 16:00:00','2025-08-09 08:44:08','2025-08-09 08:44:08'),(103,'01K2700TTPR7D8T91256QCTTVD',16,21,'2025-07-29 08:00:00','2025-07-29 15:00:00','2025-08-09 08:44:08','2025-08-09 08:44:08'),(104,'01K2700TTV3D7AGK688CQZMM4D',16,5,'2025-07-30 11:00:00','2025-07-30 15:00:00','2025-08-09 08:44:08','2025-08-09 08:44:08'),(105,'01K2700TV1F52EZYJBD3MDVW9P',16,44,'2025-06-23 11:00:00','2025-06-23 16:00:00','2025-08-09 08:44:08','2025-08-09 08:44:08'),(106,'01K2700TV74ZBQ5MNYPYRZC98W',16,28,'2025-04-14 10:00:00','2025-04-14 13:00:00','2025-08-09 08:44:08','2025-08-09 08:44:08'),(107,'01K2700TVDAKHNVJX634XGC399',16,49,'2025-05-18 08:00:00','2025-05-18 11:00:00','2025-08-09 08:44:08','2025-08-09 08:44:08'),(108,'01K2700TVJBHCPY563B2G4WTG7',16,48,'2025-05-29 11:00:00','2025-05-29 14:00:00','2025-08-09 08:44:08','2025-08-09 08:44:08'),(109,'01K2700TVRA37H6P8NS63E6SW5',16,34,'2025-06-05 10:00:00','2025-06-05 15:00:00','2025-08-09 08:44:08','2025-08-09 08:44:08'),(110,'01K2700TVYC0C3NRS3WA7XY1CZ',16,7,'2025-06-19 11:00:00','2025-06-19 14:00:00','2025-08-09 08:44:08','2025-08-09 08:44:08'),(111,'01K2700TW4TK2GBT2KM3F2K7NW',17,30,'2025-04-13 09:00:00','2025-04-13 12:00:00','2025-08-09 08:44:08','2025-08-09 08:44:08'),(112,'01K2700TWADY8SBCGCA0XC7ZSB',17,46,'2025-07-13 08:00:00','2025-07-13 14:00:00','2025-08-09 08:44:08','2025-08-09 08:44:08'),(113,'01K2700TWGXHYAJN0ERWEDBRY8',17,10,'2025-07-30 08:00:00','2025-07-30 11:00:00','2025-08-09 08:44:08','2025-08-09 08:44:08'),(114,'01K2700TWPV7VM3WZXAFDB46DR',17,14,'2025-07-09 10:00:00','2025-07-09 18:00:00','2025-08-09 08:44:08','2025-08-09 08:44:08'),(115,'01K2700TWW9XAR67N9QCGCT065',17,7,'2025-07-20 11:00:00','2025-07-20 18:00:00','2025-08-09 08:44:08','2025-08-09 08:44:08'),(116,'01K2700TX209997WGYP4WGE6EN',17,9,'2025-05-05 09:00:00','2025-05-05 15:00:00','2025-08-09 08:44:08','2025-08-09 08:44:08'),(117,'01K2700TX7KXWPQ8QRY3G8GQ76',17,42,'2025-04-23 11:00:00','2025-04-23 14:00:00','2025-08-09 08:44:08','2025-08-09 08:44:08'),(118,'01K2700TXCKQ5F6W4GFJ4D1SWG',17,30,'2025-05-30 10:00:00','2025-05-30 18:00:00','2025-08-09 08:44:09','2025-08-09 08:44:09'),(119,'01K2700TXGJ5H3TNC9XW32NPRH',17,29,'2025-06-12 11:00:00','2025-06-12 16:00:00','2025-08-09 08:44:09','2025-08-09 08:44:09'),(120,'01K2700TXN04YCEN7PZN5E6MGF',17,14,'2025-06-20 11:00:00','2025-06-20 14:00:00','2025-08-09 08:44:09','2025-08-09 08:44:09'),(121,'01K2700V1NRK9TKN56FJCH3DBX',18,22,'2025-05-05 09:00:00','2025-05-05 15:00:00','2025-08-09 08:44:09','2025-08-09 08:44:09'),(122,'01K2700V1V077QC2GNH33CRC1F',18,32,'2025-05-30 08:00:00','2025-05-30 15:00:00','2025-08-09 08:44:09','2025-08-09 08:44:09'),(123,'01K2700V20RK83ZSR8AN87NEMT',18,15,'2025-07-12 09:00:00','2025-07-12 17:00:00','2025-08-09 08:44:09','2025-08-09 08:44:09'),(124,'01K2700V25HY2DQHB9XNXP4SHA',18,6,'2025-04-21 09:00:00','2025-04-21 13:00:00','2025-08-09 08:44:09','2025-08-09 08:44:09'),(125,'01K2700V2BNCG1TVKR0DBFS8Z2',18,24,'2025-06-30 10:00:00','2025-06-30 17:00:00','2025-08-09 08:44:09','2025-08-09 08:44:09'),(126,'01K2700V2HNJVQX00A8STHNXF5',18,45,'2025-04-15 10:00:00','2025-04-15 16:00:00','2025-08-09 08:44:09','2025-08-09 08:44:09'),(127,'01K2700V2QD8F4PF96FT9XZ0JG',18,3,'2025-05-12 09:00:00','2025-05-12 14:00:00','2025-08-09 08:44:09','2025-08-09 08:44:09'),(128,'01K2700V2VPATSS04KY191QAFQ',18,43,'2025-05-21 08:00:00','2025-05-21 15:00:00','2025-08-09 08:44:09','2025-08-09 08:44:09'),(129,'01K2700V30EG5472S29DG208ZG',18,3,'2025-08-04 10:00:00','2025-08-04 15:00:00','2025-08-09 08:44:09','2025-08-09 08:44:09'),(130,'01K2700V344YN8BH734X4XNF96',18,13,'2025-08-05 09:00:00','2025-08-05 12:00:00','2025-08-09 08:44:09','2025-08-09 08:44:09'),(131,'01K2700V383VGPS3P0DHVAN930',19,15,'2025-06-06 10:00:00','2025-06-06 15:00:00','2025-08-09 08:44:09','2025-08-09 08:44:09'),(132,'01K2700V3DDAF3JJC4FS5Y5JRZ',19,26,'2025-05-11 08:00:00','2025-05-11 15:00:00','2025-08-09 08:44:09','2025-08-09 08:44:09'),(133,'01K2700V3JXCMYMXCNXTJ5D08R',19,30,'2025-05-14 09:00:00','2025-05-14 12:00:00','2025-08-09 08:44:09','2025-08-09 08:44:09'),(134,'01K2700V3QCSW69A2T4A68PY9T',19,27,'2025-05-10 10:00:00','2025-05-10 15:00:00','2025-08-09 08:44:09','2025-08-09 08:44:09'),(135,'01K2700V3WF1M1QKQQMD8KWN1H',19,48,'2025-06-30 10:00:00','2025-06-30 15:00:00','2025-08-09 08:44:09','2025-08-09 08:44:09'),(136,'01K2700V417HVG5D6B13H0CC2G',19,27,'2025-06-13 08:00:00','2025-06-13 16:00:00','2025-08-09 08:44:09','2025-08-09 08:44:09'),(137,'01K2700V46W87PWWCSTTWXYAMS',19,18,'2025-07-19 11:00:00','2025-07-19 17:00:00','2025-08-09 08:44:09','2025-08-09 08:44:09'),(138,'01K2700V4BP1ANBQ4CFA05726F',19,2,'2025-04-27 08:00:00','2025-04-27 13:00:00','2025-08-09 08:44:09','2025-08-09 08:44:09'),(139,'01K2700V4G1RCRT9N084N2AZXX',19,7,'2025-05-13 11:00:00','2025-05-13 15:00:00','2025-08-09 08:44:09','2025-08-09 08:44:09'),(140,'01K2700V4NNAG5TS9QX15STTZ9',19,46,'2025-05-24 09:00:00','2025-05-24 15:00:00','2025-08-09 08:44:09','2025-08-09 08:44:09'),(141,'01K2700V4X1NF9EB486XVM3GGS',20,27,'2025-07-31 09:00:00','2025-07-31 15:00:00','2025-08-09 08:44:09','2025-08-09 08:44:09'),(142,'01K2700V53CEGJMB9G7Z4J80YA',20,4,'2025-04-22 10:00:00','2025-04-22 14:00:00','2025-08-09 08:44:09','2025-08-09 08:44:09'),(143,'01K2700V582SH1J6X7RGS6CR0H',20,19,'2025-06-17 08:00:00','2025-06-17 14:00:00','2025-08-09 08:44:09','2025-08-09 08:44:09'),(144,'01K2700V5CTD8Y5QKK5KZP3Q23',20,23,'2025-04-30 10:00:00','2025-04-30 18:00:00','2025-08-09 08:44:09','2025-08-09 08:44:09'),(145,'01K2700V5HMK5TH3SK23KBJASR',20,40,'2025-04-14 11:00:00','2025-04-14 16:00:00','2025-08-09 08:44:09','2025-08-09 08:44:09'),(146,'01K2700V5PED8756XE47BFF5JN',20,32,'2025-06-17 10:00:00','2025-06-17 14:00:00','2025-08-09 08:44:09','2025-08-09 08:44:09'),(147,'01K2700V5W23N3620FPDBP046C',20,28,'2025-07-26 11:00:00','2025-07-26 16:00:00','2025-08-09 08:44:09','2025-08-09 08:44:09'),(148,'01K2700V62AMRVH9J2AS2AWXDS',20,32,'2025-08-01 10:00:00','2025-08-01 16:00:00','2025-08-09 08:44:09','2025-08-09 08:44:09'),(149,'01K2700V673565XJBPFBN0WT0J',20,5,'2025-05-07 08:00:00','2025-05-07 16:00:00','2025-08-09 08:44:09','2025-08-09 08:44:09'),(150,'01K2700V6CT714BAEJ45J1HH48',20,10,'2025-07-05 10:00:00','2025-07-05 17:00:00','2025-08-09 08:44:09','2025-08-09 08:44:09');
/*!40000 ALTER TABLE `truck_deployments` ENABLE KEYS */;
UNLOCK TABLES;

--
-- Table structure for table `trucks`
--

DROP TABLE IF EXISTS `trucks`;
/*!40101 SET @saved_cs_client     = @@character_set_client */;
/*!50503 SET character_set_client = utf8mb4 */;
CREATE TABLE `trucks` (
  `id` bigint unsigned NOT NULL AUTO_INCREMENT,
  `ulid` char(26) COLLATE utf8mb4_unicode_ci DEFAULT NULL,
  `public_id` char(26) COLLATE utf8mb4_unicode_ci DEFAULT NULL,
  `franchise_id` bigint unsigned NOT NULL,
  `name` varchar(255) COLLATE utf8mb4_unicode_ci NOT NULL,
  `license_plate` varchar(255) COLLATE utf8mb4_unicode_ci DEFAULT NULL,
  `created_at` timestamp NULL DEFAULT NULL,
  `updated_at` timestamp NULL DEFAULT NULL,
  PRIMARY KEY (`id`),
  UNIQUE KEY `uk_trucks_plate` (`license_plate`),
  UNIQUE KEY `trucks_public_id_unique` (`public_id`),
  UNIQUE KEY `trucks_ulid_unique` (`ulid`),
  KEY `trucks_franchise_id_foreign` (`franchise_id`),
  CONSTRAINT `trucks_franchise_id_foreign` FOREIGN KEY (`franchise_id`) REFERENCES `franchises` (`id`) ON DELETE CASCADE
) ENGINE=InnoDB AUTO_INCREMENT=22 DEFAULT CHARSET=utf8mb4 COLLATE=utf8mb4_unicode_ci;
/*!40101 SET character_set_client = @saved_cs_client */;

--
-- Dumping data for table `trucks`
--

LOCK TABLES `trucks` WRITE;
/*!40000 ALTER TABLE `trucks` DISABLE KEYS */;
INSERT INTO `trucks` VALUES (2,'01K26T62JC03D5ZS9QFD83YJ42',NULL,2,'Truck Paris 1','AA-123-AA','2025-08-09 07:02:09','2025-08-09 07:02:09'),(3,'01K26T62JG9T8A4J8JVA6YVWH5',NULL,2,'Truck Paris 2','BB-456-BB','2025-08-09 07:02:09','2025-08-09 07:02:09'),(4,'01K26T62JK9HV26XV42VEVA67P',NULL,3,'Truck Lyon 1','CC-789-CC','2025-08-09 07:02:09','2025-08-09 07:02:09'),(5,'01K26WFDDDN33T3EQZZV1W1F87',NULL,1,'htrdhe(r','486178','2025-08-09 07:42:12','2025-08-09 07:42:12'),(6,'01K2700MZG1V57EPE4T3W6KXRJ',NULL,6,'Franchise 2YT Truck 1','NP-386-FO','2025-08-09 08:44:02','2025-08-09 08:44:02'),(7,'01K2700N04VEE65PQNHPR5MR8K',NULL,6,'Franchise 2YT Truck 2','DF-271-LH','2025-08-09 08:44:02','2025-08-09 08:44:02'),(8,'01K2700N0935Y438DEFCZE07V4',NULL,6,'Franchise 2YT Truck 3','RW-512-KR','2025-08-09 08:44:02','2025-08-09 08:44:02'),(9,'01K2700N0TB0RVVF120TV97ERN',NULL,7,'Franchise LOG Truck 1','RX-010-XP','2025-08-09 08:44:02','2025-08-09 08:44:02'),(10,'01K2700N1BSR8R3P5WWQY8HG5E',NULL,7,'Franchise LOG Truck 2','AO-599-XX','2025-08-09 08:44:02','2025-08-09 08:44:02'),(11,'01K2700N1GXJW3FVH2GSWYTB6M',NULL,7,'Franchise LOG Truck 3','BT-341-PR','2025-08-09 08:44:02','2025-08-09 08:44:02'),(12,'01K2700N206V0P1NKSQ064JDYZ',NULL,8,'Franchise JOT Truck 1','JT-412-HE','2025-08-09 08:44:03','2025-08-09 08:44:03'),(13,'01K2700N2MZ7ECW6SKF9DE27J4',NULL,8,'Franchise JOT Truck 2','QC-962-BV','2025-08-09 08:44:03','2025-08-09 08:44:03'),(14,'01K2700N2SFXTZNB4PS84299DS',NULL,8,'Franchise JOT Truck 3','HK-347-NM','2025-08-09 08:44:03','2025-08-09 08:44:03'),(15,'01K2700N3BT16B9DE1F9ZHQW5T',NULL,9,'Franchise FAF Truck 1','AW-712-HB','2025-08-09 08:44:03','2025-08-09 08:44:03'),(16,'01K2700N3HBY1E7BDNJT3AA7ZP',NULL,9,'Franchise FAF Truck 2','MZ-668-NX','2025-08-09 08:44:03','2025-08-09 08:44:03'),(17,'01K2700N421GQMSK9XWDYE3S7P',NULL,9,'Franchise FAF Truck 3','DZ-160-HG','2025-08-09 08:44:03','2025-08-09 08:44:03'),(18,'01K2700N4MGDGGKM6DQQTCQ26A',NULL,10,'Franchise FXG Truck 1','XC-300-HT','2025-08-09 08:44:03','2025-08-09 08:44:03'),(19,'01K2700N4SWX955QGY0N7QX200',NULL,10,'Franchise FXG Truck 2','TO-968-ZY','2025-08-09 08:44:03','2025-08-09 08:44:03'),(20,'01K2700N5B3CJBVEA9AN4PH0J1',NULL,10,'Franchise FXG Truck 3','DL-213-JD','2025-08-09 08:44:03','2025-08-09 08:44:03'),(21,'01K273DM4RFGTSS83CF3F8ZZWM',NULL,11,'classictruck',NULL,'2025-08-09 09:43:33','2025-08-09 09:43:33');
/*!40000 ALTER TABLE `trucks` ENABLE KEYS */;
UNLOCK TABLES;

--
-- Table structure for table `users`
--

DROP TABLE IF EXISTS `users`;
/*!40101 SET @saved_cs_client     = @@character_set_client */;
/*!50503 SET character_set_client = utf8mb4 */;
CREATE TABLE `users` (
  `id` bigint unsigned NOT NULL AUTO_INCREMENT,
  `name` varchar(255) COLLATE utf8mb4_unicode_ci NOT NULL,
  `email` varchar(255) COLLATE utf8mb4_unicode_ci NOT NULL,
  `email_verified_at` timestamp NULL DEFAULT NULL,
  `password` varchar(255) COLLATE utf8mb4_unicode_ci NOT NULL,
  `remember_token` varchar(100) COLLATE utf8mb4_unicode_ci DEFAULT NULL,
  `created_at` timestamp NULL DEFAULT NULL,
  `updated_at` timestamp NULL DEFAULT NULL,
  `role` varchar(255) COLLATE utf8mb4_unicode_ci NOT NULL DEFAULT 'franchise',
  `franchise_id` bigint unsigned DEFAULT NULL,
  PRIMARY KEY (`id`),
  UNIQUE KEY `users_email_unique` (`email`),
  KEY `users_franchise_id_foreign` (`franchise_id`),
  CONSTRAINT `users_franchise_id_foreign` FOREIGN KEY (`franchise_id`) REFERENCES `franchises` (`id`) ON DELETE SET NULL
) ENGINE=InnoDB AUTO_INCREMENT=25 DEFAULT CHARSET=utf8mb4 COLLATE=utf8mb4_unicode_ci;
/*!40101 SET character_set_client = @saved_cs_client */;

--
-- Dumping data for table `users`
--

LOCK TABLES `users` WRITE;
/*!40000 ALTER TABLE `users` DISABLE KEYS */;
INSERT INTO `users` VALUES (1,'Admin','admin@drivncook.fr',NULL,'$2y$12$lB/nBaCx7e/a05mGwjiq1OrOFvNacRWj/o2/gHSqB42axT4k6cflG','EXH2eyR4CKgtjEI10mQ1GmiCcPtlz2mIDKBViUuHnlhswKPWOzPTxtsV5mnM','2025-08-05 19:58:35','2025-08-05 19:58:35','admin',NULL),(2,'test','test@test.com',NULL,'$2y$12$MLTgaDeyjb9boI/4u5WcBenmzRxuUynyDEv3lVNIfYFQMQuVIYxNu',NULL,'2025-08-05 20:04:21','2025-08-05 20:04:21','franchise',NULL),(3,'Jean Dupont','jean.dupont@example.com',NULL,'$2y$12$Qyt8PjzmMGAdUGD7Mnb3UeudJ.AV.CCSS13ebqNHTd5WPcMq9Ln96','kQYcBrIm93Ik6W5QBwJecqtqqPkHJW93ekyholdrv6CUkE9T8Be0sgnEMbkJ','2025-08-09 02:09:44','2025-08-09 02:09:44','franchise',NULL),(4,'noahp','noahp@test.com',NULL,'$2y$12$KjnXMYPeXss2T9f7CmfrgurK9jrBXmRpLouR3qJbxz05FDd3QHsO2',NULL,'2025-08-09 03:42:09','2025-08-09 09:42:45','franchise',11),(5,'Test User','test@example.com','2025-08-09 05:10:19','$2y$12$krt9i4XIc/hAvhnPb2MLw..lNVsKhjAFMD5jzSVC2hgSQXImERZ8a','6Aybd9cxDs','2025-08-09 05:10:19','2025-08-09 05:10:19','franchise',NULL),(7,'Admin','admin@example.com',NULL,'$2y$12$N1ejpfwmGvoaoTYx7TTgyOPZBgp.Bfy14reGCrx8dXeE12i6NcGre',NULL,'2025-08-09 07:02:08','2025-08-09 07:02:08','admin',NULL),(8,'Paris Manager','paris@example.com',NULL,'$2y$12$JN7e7hQnYZO/MLnDFZ8azucXS4AikCynnSz5qn7Si.Zsfhfx9kNi.',NULL,'2025-08-09 07:02:09','2025-08-09 07:02:09','franchise',2),(9,'Lyon Manager','lyon@example.com',NULL,'$2y$12$lh3HuJojUzZSWzv69Eax..3kTu0N6BRdiCbgId3DSEBAyqce7gM2K',NULL,'2025-08-09 07:02:09','2025-08-09 07:02:09','franchise',3),(10,'Franchise 2YT Manager 1','franchise2yt_1@example.com',NULL,'$2y$12$5DNNv8qFWKe5GN6sQDcz3und4QtOmAiDtTHC0NmrHYwQvfeGRKu7u',NULL,'2025-08-09 08:44:00','2025-08-09 08:44:00','franchise',6),(11,'Franchise 2YT Manager 2','franchise2yt_2@example.com',NULL,'$2y$12$l8sp8JNKC0esJ6xXer147.ngddZUw0sFaVHDzkFeso1CDBNDTPTKa',NULL,'2025-08-09 08:44:00','2025-08-09 08:44:00','franchise',6),(12,'Franchise 2YT Manager 3','franchise2yt_3@example.com',NULL,'$2y$12$DR0StAoIEseeCyaFaCG1fucnEMj47WH8hXuUZyD4dN2zDH6cblCDi',NULL,'2025-08-09 08:44:00','2025-08-09 08:44:00','franchise',6),(13,'Franchise LOG Manager 1','franchiselog_1@example.com',NULL,'$2y$12$8.AbbTofe54wAw2blfoOP.NZNkwYqtMISquuoDMWRfHudkQ0QA.Hy',NULL,'2025-08-09 08:44:00','2025-08-09 08:44:00','franchise',7),(14,'Franchise LOG Manager 2','franchiselog_2@example.com',NULL,'$2y$12$X7lmM0B2FrQk34JG2472c.tPu9D65XEdqRdbFsmrgznCBeSmFtA4i',NULL,'2025-08-09 08:44:01','2025-08-09 08:44:01','franchise',7),(15,'Franchise LOG Manager 3','franchiselog_3@example.com',NULL,'$2y$12$s.xv134Fa2YHJD8MdetxfewDrQR/V975uleK4f/zYiOxty9wbO4oW',NULL,'2025-08-09 08:44:01','2025-08-09 08:44:01','franchise',7),(16,'Franchise JOT Manager 1','franchisejot_1@example.com',NULL,'$2y$12$eS7O8fCYstnM4d.MyHmpNODBHr7T.E95lHRFPRVEWchZPg9x5borK',NULL,'2025-08-09 08:44:01','2025-08-09 08:44:01','franchise',8),(17,'Franchise JOT Manager 2','franchisejot_2@example.com',NULL,'$2y$12$s58FmOIbKZWoQ8Z3.0PObeQt42s5pbGQ/4RTVNDTsS6kcngizTf.m',NULL,'2025-08-09 08:44:01','2025-08-09 08:44:01','franchise',8),(18,'Franchise JOT Manager 3','franchisejot_3@example.com',NULL,'$2y$12$WiW4Y1nuvWr1U5ZFscewgu3Tjm.K0ais26U7ja3I9JVb6tCG12gk2',NULL,'2025-08-09 08:44:01','2025-08-09 08:44:01','franchise',8),(19,'Franchise FAF Manager 1','franchisefaf_1@example.com',NULL,'$2y$12$H4clDRILzqVivY.aYpgbQOJqp9h4TmYdPGLFoxJne6xUtBPNZeLx6',NULL,'2025-08-09 08:44:01','2025-08-09 08:44:01','franchise',9),(20,'Franchise FAF Manager 2','franchisefaf_2@example.com',NULL,'$2y$12$Zv2hgeByB/63PfB3IJvWCuqvKMmEy2OY1gRMQ.LzvvpZz1466UZV.',NULL,'2025-08-09 08:44:02','2025-08-09 08:44:02','franchise',9),(21,'Franchise FAF Manager 3','franchisefaf_3@example.com',NULL,'$2y$12$FJ7/CVE/6UpFy9YEn5b8XOuWreLo0H.YsxzEmiIPmoMkf3bFgHkFy',NULL,'2025-08-09 08:44:02','2025-08-09 08:44:02','franchise',9),(22,'Franchise FXG Manager 1','franchisefxg_1@example.com',NULL,'$2y$12$nbp6mi1iewG7CIyUF2yDhuLQED1vKi99wcatVXcj3AmPnoYclGbR2',NULL,'2025-08-09 08:44:02','2025-08-09 08:44:02','franchise',10),(23,'Franchise FXG Manager 2','franchisefxg_2@example.com',NULL,'$2y$12$SXgWdtiyiK3PX67/QBoS3.2VDIWu9eeM2G4a9xuFJ.oKy1ZPhYea6',NULL,'2025-08-09 08:44:02','2025-08-09 08:44:02','franchise',10),(24,'Franchise FXG Manager 3','franchisefxg_3@example.com',NULL,'$2y$12$w6PY5tRrwYtIjxRnHb6S7ORCpKuiWVMrxtRQOFnnRwta8WWfxnwfC',NULL,'2025-08-09 08:44:02','2025-08-09 08:44:02','franchise',10);
/*!40000 ALTER TABLE `users` ENABLE KEYS */;
UNLOCK TABLES;

--
-- Table structure for table `warehouses`
--

DROP TABLE IF EXISTS `warehouses`;
/*!40101 SET @saved_cs_client     = @@character_set_client */;
/*!50503 SET character_set_client = utf8mb4 */;
CREATE TABLE `warehouses` (
  `id` bigint unsigned NOT NULL AUTO_INCREMENT,
  `franchise_id` bigint unsigned NOT NULL,
  `location` varchar(255) COLLATE utf8mb4_unicode_ci DEFAULT NULL,
  `name` varchar(255) COLLATE utf8mb4_unicode_ci NOT NULL,
  `created_at` timestamp NULL DEFAULT NULL,
  `updated_at` timestamp NULL DEFAULT NULL,
  `ulid` char(26) COLLATE utf8mb4_unicode_ci DEFAULT NULL,
  PRIMARY KEY (`id`),
  UNIQUE KEY `warehouses_ulid_unique` (`ulid`),
  KEY `warehouses_franchise_id_foreign` (`franchise_id`),
  CONSTRAINT `warehouses_franchise_id_foreign` FOREIGN KEY (`franchise_id`) REFERENCES `franchises` (`id`) ON DELETE CASCADE
) ENGINE=InnoDB AUTO_INCREMENT=17 DEFAULT CHARSET=utf8mb4 COLLATE=utf8mb4_unicode_ci;
/*!40101 SET character_set_client = @saved_cs_client */;

--
-- Dumping data for table `warehouses`
--

LOCK TABLES `warehouses` WRITE;
/*!40000 ALTER TABLE `warehouses` DISABLE KEYS */;
INSERT INTO `warehouses` VALUES (2,11,'Paris 12','Entrepôt Est','2025-08-09 05:10:19','2025-08-09 09:45:21','01K26RV9TH9THMTT3CWJ8Q71HK'),(3,1,'Paris 16','Entrepôt Ouest','2025-08-09 05:10:19','2025-08-09 05:10:19','01K26RV9TNKSFXRP9E0R4K3NH4'),(4,2,'Paris 12','Entrepôt Est','2025-08-09 07:02:09','2025-08-09 07:02:09','01K26T62HYYPMBAP9RFCM67E8D'),(5,2,'Paris 16','Entrepôt Ouest','2025-08-09 07:02:09','2025-08-09 07:02:09','01K26T62J4MFJX4B9T70S9K4PQ'),(6,3,'Lyon 3','Dépôt Centrale','2025-08-09 07:02:09','2025-08-09 07:02:09','01K26T62J8BFSFPCBMNPDDX1DP'),(7,6,'Vasseur','Franchise 2YT Depot 1','2025-08-09 08:44:02','2025-08-09 08:44:02','01K2700MVBP05ZZ8CHGAYQ87JN'),(8,6,'Buissondan','Franchise 2YT Depot 2','2025-08-09 08:44:02','2025-08-09 08:44:02','01K2700MVGG5FW6WCTT7SCA2Z1'),(9,7,'Lemonnier','Franchise LOG Depot 1','2025-08-09 08:44:02','2025-08-09 08:44:02','01K2700MW4MAVKGYWM3AGJ7ADN'),(10,7,'Couturier-sur-Pasquier','Franchise LOG Depot 2','2025-08-09 08:44:02','2025-08-09 08:44:02','01K2700MW9SQE7QS52SXKGF447'),(11,8,'Mary','Franchise JOT Depot 1','2025-08-09 08:44:02','2025-08-09 08:44:02','01K2700MWSB26ANY3HSERVJCC0'),(12,8,'Mahe','Franchise JOT Depot 2','2025-08-09 08:44:02','2025-08-09 08:44:02','01K2700MXB8G28C0M39665SWPM'),(13,9,'Guillet','Franchise FAF Depot 1','2025-08-09 08:44:02','2025-08-09 08:44:02','01K2700MXHA4CMAJFC75WSYBST'),(14,9,'DupontBourg','Franchise FAF Depot 2','2025-08-09 08:44:02','2025-08-09 08:44:02','01K2700MY5WTKR9AED5N5P5VD5'),(15,10,'Grondinboeuf','Franchise FXG Depot 1','2025-08-09 08:44:02','2025-08-09 08:44:02','01K2700MYQ6A5QKHE7R5KKAKWG'),(16,10,'Bigot','Franchise FXG Depot 2','2025-08-09 08:44:02','2025-08-09 08:44:02','01K2700MYY5S46C84C71HRG3FK');
/*!40000 ALTER TABLE `warehouses` ENABLE KEYS */;
UNLOCK TABLES;
/*!40103 SET TIME_ZONE=@OLD_TIME_ZONE */;

/*!40101 SET SQL_MODE=@OLD_SQL_MODE */;
/*!40014 SET FOREIGN_KEY_CHECKS=@OLD_FOREIGN_KEY_CHECKS */;
/*!40014 SET UNIQUE_CHECKS=@OLD_UNIQUE_CHECKS */;
/*!40101 SET CHARACTER_SET_CLIENT=@OLD_CHARACTER_SET_CLIENT */;
/*!40101 SET CHARACTER_SET_RESULTS=@OLD_CHARACTER_SET_RESULTS */;
/*!40101 SET COLLATION_CONNECTION=@OLD_COLLATION_CONNECTION */;
/*!40111 SET SQL_NOTES=@OLD_SQL_NOTES */;

-- Dump completed on 2025-08-11 21:46:20
